{
  "id": "c4v3sbdv5oqs814ktu4y",
  "env": "qa",
  "job": "7vpdf0wuvox0qz0s3hjj",
  "pod": "k09lc8td8bore1ty7kam",
  "url": "mez7swf99blvmaeq73hm",
  "name": "GoogleMeetNetworkCongestion",
  "note": "8ki47cx4apb82wmgabi5",
  "group": "43iyr6mh7u9rpu3pnlxp",
  "pushed": "cns4yhr4h8aauz37r7y1",
  "region": "northamerica-northeast1",
  "source": "sj2xgpq8m034x09cp045",
  "status": "mrdbv05xigu66vfdwuzh",
  "deleted": "febtr617ouf1b0gtky4t",
  "message": "g4xi5ycumu5wmxzo2wki",
  "endsAt": "2024-07-12T08:57:38Z",
  "generatorURL": "ydxgb19iuglle3gpax6k",
  "project": "c9wmjci1bpiwt8wtk0tp",
  "service": "wzvy2gyqzasji3ckmkcn",
  "assignee": "6hj5fvlq4czvpuouszqi",
  "endpoint": "s7c8rnnp8fl7chym1f7s",
  "event_id": "206fbvb7jfz88egjftdd",
  "instance": "148.27.182.137:38272",
  "severity": "info",
  "startsAt": "2024-07-12T08:50:56Z",
  "alertname": "mjv2k057aoi9x4arw0br",
  "apiKeyRef": "z0dovxezxq2ffdsppe1b",
  "container": "kczp4i48rythvy3xpv2x",
  "daemonset": "4r9apetr3eocq21ozlu2",
  "dismissed": "fe0ti5z0f1j2vv4x55qc",
  "namespace": "grn72gcjtxwj3dxrrien",
  "alert_hash": "v486i49mplmvjdcrf7o6",
  "prometheus": "g5ikpczdt95280ja5v6h",
  "providerId": "q3b309ws0y9y8t0jb1oy",
  "summary": "44q0rwpcs44tc3jgok10",
  "runbook_url": "kmt94xqr5wv6q9efl0wi",
  "description": "Network is experiencing congestion.",
  "environment": "mxpa0rfez0egjw4s7rnq",
  "fingerprint": "pnkzqyld",
  "isDuplicate": "7ogjb1liras09maij6bu",
  "dismissUntil": "19itrmv12ajce6wxy580",
  "lastReceived": "ygtjllx7tdw8c3zdwvfq",
  "duplicateReason": "473pp6aec5cmaxgzblkj"
}