{
  "id": "3ixwilnuupzr7p1lnluc",
  "env": "sandbox",
  "job": "0dc2am87culbu526bdkj",
  "pod": "wvpzbx6lek275k34f5q7",
  "url": "mn0595f2l4tgdyj2fyfs",
  "name": "PrometheusBackupFailed",
  "note": "92mem5ntr9od959uvi47",
  "group": "57g9x162p2vmox602m1y",
  "pushed": "9ic1p556620yhi3bnxh0",
  "region": "europe-west6",
  "source": "0w4fh11z4nf1ahj0ig4i",
  "status": "6uofyw4u1jemmi7d1rz3",
  "deleted": "n4x49nd3q3uderxnmzqo",
  "message": "h8w5j0kqqk7orqdcsmxm",
  "endsAt": "2024-07-12T08:25:59Z",
  "generatorURL": "z7vz7kvpk3qx94ascmhi",
  "project": "k4fdocnljj78bg8ks6tc",
  "service": "kvdan3m186qk1mc8lz9u",
  "assignee": "yc6iydbp0r5tpf1a4hpr",
  "endpoint": "e4ypacmtlapb8ikg4nu8",
  "event_id": "06mpt3pfu1s1g5rtssve",
  "instance": "116.181.185.155:18361",
  "severity": "low",
  "startsAt": "2024-07-12T08:17:17Z",
  "alertname": "nnd9mmvnorr3y9va0rl8",
  "apiKeyRef": "zbk1bocywyoccxr2yv0f",
  "container": "jovz0o4dm71xhu95701j",
  "daemonset": "gtyjpm61fi0qhw9sfu1p",
  "dismissed": "90gsavqv7xjx1461jzfq",
  "namespace": "ixrr8e6yuw4l4jpquyez",
  "alert_hash": "ga39qpjjpoxr9nvh27l7",
  "prometheus": "uxqnfd548wtipsll7a3y",
  "providerId": "uoygbvpyj7tyv2m66nun",
  "summary": "efg72qypmcn7qhbdf8oz",
  "runbook_url": "yxlq7xc17uuvab8x0gdf",
  "description": "Scheduled backup has failed.",
  "environment": "rcwz20z6xzg8555d8w5k",
  "fingerprint": "70ehi05p",
  "isDuplicate": "fyb4oe2s15d98221k1r4",
  "dismissUntil": "t2yn67i0v36hmcn3csrt",
  "lastReceived": "fzfvaz89qo7izbjrik0f",
  "duplicateReason": "8982ui9ofhhgk1s4aq7h"
}