{
  "id": "cc2l3iw1tifhxq36eesy",
  "env": "development",
  "job": "uhpbkgfbrd2lf3etsp4o",
  "pod": "bjnlz1zbyyudopkpkxd0",
  "url": "0akvtlry2wmx469bdlpv",
  "name": "RedHatOpenShiftBackupFailed",
  "note": "fk4ooe2ts2iynwr2z6is",
  "group": "lg2rt78tuid3tdhq8t0n",
  "pushed": "c4bho4q1fknbbjzeg7tw",
  "region": "europe-west4",
  "source": "srmb3e1rx674glrokis1",
  "status": "d3h4blsxkqqi9ea220kb",
  "deleted": "erbw624o8zne0k7q3dsd",
  "message": "ggvxjnapbo93b1nhv0pq",
  "endsAt": "2024-07-12T08:39:57Z",
  "generatorURL": "js77pe638wwo906beq2h",
  "project": "ly5o5wh5uw9csijge1uq",
  "service": "sr0ruxsweq6ynbcalo0l",
  "assignee": "i61nfotav9v3zg7up099",
  "endpoint": "oy9xzxgjkwb8p420e7dh",
  "event_id": "xz77om5e3csvljqp2ico",
  "instance": "253.43.16.127:33243",
  "severity": "high",
  "startsAt": "2024-07-12T08:35:29Z",
  "alertname": "jhleelk9rokm36iea7p3",
  "apiKeyRef": "k8c8e29lx8uv1zrt8s0p",
  "container": "83m1b7dkgk60tl6pfs94",
  "daemonset": "j4tcrvom2oyonm8atsf2",
  "dismissed": "4ft9reiva20cxaspt2wl",
  "namespace": "deuiirr2u7lc9w85651k",
  "alert_hash": "87m567xj8h5xhr2deyi3",
  "prometheus": "lxpn6bpbbybrn69wgqtt",
  "providerId": "qakpu7fm5pwccovtn70l",
  "summary": "ogoooags52skkvsc6p8f",
  "runbook_url": "xtqy9g4sm5ov1c5imfgs",
  "description": "Scheduled backup has failed.",
  "environment": "r5gygjoyxtk8wauoz1sy",
  "fingerprint": "qxhjt360",
  "isDuplicate": "lu0lg5oazbuqg0fcjmjx",
  "dismissUntil": "12rdloaxpmggxfqzcwt4",
  "lastReceived": "iqa6gg62ug8rbbbrcg3m",
  "duplicateReason": "bikv0bwnzfam2k16sjm7"
}