{
  "id": "f6hemwpnnocfgnucvt7v",
  "env": "pre-production",
  "job": "thf4b5refvqfhv8rm3ew",
  "pod": "a1allltrw7wwgebfw1hn",
  "url": "57itimg9ys833j07xdt0",
  "name": "CarboniteCertificateExpiry",
  "note": "jtvzvduzbh7yjir6gwnl",
  "group": "zrlwkkpvleiudsgm3k0x",
  "pushed": "5tocvionq829hzbbddhm",
  "region": "europe-west2",
  "source": "6twx1ybgr4fahzrihbjw",
  "status": "mi3kujn8kc84o0q4cxgr",
  "deleted": "x6q0gq4bwnbzucnk8bqj",
  "message": "03052s6og9qfn4jk0y2b",
  "endsAt": "2024-07-12T09:04:38Z",
  "generatorURL": "3ba8bbb0h4t9bgrz6dly",
  "project": "rw0u7ruuvj2cb1ydqj79",
  "service": "3jjyyzag7i56qn71o1o4",
  "assignee": "u0g08orp1199emzaizhr",
  "endpoint": "juvv7jcvsl16u1h5gqp1",
  "event_id": "xfwgsivi8og9n4hg96ph",
  "instance": "32.140.13.109:9557",
  "severity": "high",
  "startsAt": "2024-07-12T08:57:05Z",
  "alertname": "arn4y3ykkhst8e60vn3z",
  "apiKeyRef": "jp3pqu9l2cgi3kdpecgb",
  "container": "fl3wvsun19zwg8q3go4s",
  "daemonset": "ugz13m7hbd9le9wmoo29",
  "dismissed": "s6i793sr15749d0vukt4",
  "namespace": "x7n54x2ibhx7yt0rmmlg",
  "alert_hash": "iqhpjx8z7t0bypdfeh2p",
  "prometheus": "uoanhgarjja1slkypma8",
  "providerId": "xxevzo1ubn83pkhb0bpt",
  "summary": "bu0dxaq11tb9x0hgyfkl",
  "runbook_url": "tgxmse80mmamtj7q6bix",
  "description": "A security certificate is about to expire.",
  "environment": "ubuso1lonqu6h3d1q8nm",
  "fingerprint": "dag9rjr6",
  "isDuplicate": "h0tn5eqooc4tteo3v52s",
  "dismissUntil": "tvgp8kh6sb4f2ccsom9g",
  "lastReceived": "osmhwpqlfckb7p2u0e42",
  "duplicateReason": "420g52tb5sudeggdeiy7"
}