{
  "id": "p4kahbcwajbo20rs8fwg",
  "env": "qa",
  "job": "th9kza9gz7nnaeg4vg0f",
  "pod": "589ilhqq4tarrq3624od",
  "url": "ufd7llpk0bfdvxj4hxwr",
  "name": "AWSIAMDatabaseConnectionError",
  "note": "su6yx172et9htxkt2crg",
  "group": "tqi627zxhzihpl0jw44a",
  "pushed": "5a7u6y5qihp9op0nvv7z",
  "region": "europe-north1",
  "source": "h67dq6xy7253rtrych7d",
  "status": "yfb2jwm5d85pf6fw6dhz",
  "deleted": "8yj0tisl9gqg3ytxa1cf",
  "message": "r3wu2pn37r887x68ugw1",
  "endsAt": "2024-07-12T09:42:20Z",
  "generatorURL": "qgbje41skr3j8s2j9ub0",
  "project": "40cri4zm337kgu79t0hd",
  "service": "4otbaoggnlx8zgqu57n2",
  "assignee": "t2xmfx8xbzfsnjb9ijc5",
  "endpoint": "e90546a15dwrokwm0a8p",
  "event_id": "zg9gpnnyvijuzw3r0sef",
  "instance": "116.181.185.155:18361",
  "severity": "debug",
  "startsAt": "2024-07-12T09:42:14Z",
  "alertname": "rnhlhykpzf63mut68hyf",
  "apiKeyRef": "2lxrt01x3u2j5nufjsqn",
  "container": "d2h49vt6mjd6lrauhl80",
  "daemonset": "pfe3rlswl1vwuuswozgj",
  "dismissed": "huy3e2eqnym860xwjtjs",
  "namespace": "jhrn659h6pc85h5k8qnk",
  "alert_hash": "5634s6r3e307kvb8wuow",
  "prometheus": "cpcrk17syuvszlu6k4xa",
  "providerId": "hxkbvbaw23wrr5az2egp",
  "summary": "e7aoqom59iq8vinxz41y",
  "runbook_url": "amyfy40j38u6lg54wc2l",
  "description": "Unable to connect to the database.",
  "environment": "9woj00up5h78u4qgttna",
  "fingerprint": "6w2j9wb7",
  "isDuplicate": "g3v84uf9wr9sfkdly2at",
  "dismissUntil": "wa8xjund37j5ivvd8ptr",
  "lastReceived": "5z9s7s6x4ye7wurnwg02",
  "duplicateReason": "d4hthowvx3tdydc2rpcd"
}