{
  "id": "ojgrbbk9wnr4s8frrap7",
  "env": "sandbox",
  "job": "onexusmpap8vjclbch4t",
  "pod": "gmsvv82njbxoh8k3wy8e",
  "url": "gvr445pfx96mk2vzihyx",
  "name": "DockerSwarmQueueDepthHigh",
  "note": "5d20v014b5zgfb22qbq6",
  "group": "j52hcfnk8ed4g78mxn9x",
  "pushed": "prclhfar3293lsp05qd5",
  "region": "asia-east2",
  "source": "39jnrr8zw3rcctb0lbje",
  "status": "36vumxnfhm71lnp15x78",
  "deleted": "vdcitoidc7fb28irkzjo",
  "message": "0whjs767ya55fj7x2cod",
  "endsAt": "2024-07-12T08:27:15Z",
  "generatorURL": "c8tkspmzt8z2bm3o4rt0",
  "project": "4wf3bax3gg31dvhbt0pe",
  "service": "2t7fn9zr68fofr9fhmty",
  "assignee": "d6kkgkoj0yzg7icng4q8",
  "endpoint": "vdl45a21i736hv733mfz",
  "event_id": "3ztjvk003of4evbuk642",
  "instance": "59.20.155.185:44393",
  "severity": "warning",
  "startsAt": "2024-07-12T08:21:46Z",
  "alertname": "h1jkphqw3v3a49sysza6",
  "apiKeyRef": "ss7o43nbt8k4dz3uzwqi",
  "container": "6n4bmb4toetnvcfmbpam",
  "daemonset": "ud5t4i92l44b180qkwng",
  "dismissed": "3cjboe2lwy8glnneh574",
  "namespace": "l2hcsx1ncn7x87ds2i1s",
  "alert_hash": "yxso3l88tj5vjvol0isn",
  "prometheus": "1r9eqysex5n9zlc1nibz",
  "providerId": "apn4kn8cmdqe03x73q2o",
  "summary": "miyb0emvl41msvxcephg",
  "runbook_url": "9f7hk8aoqpobc5gk3u61",
  "description": "The depth of a queue has exceeded a threshold.",
  "environment": "pwmcwe3vw0v2py4z7rfp",
  "fingerprint": "l6ovqp56",
  "isDuplicate": "mghjjmwld7cs2xht6p26",
  "dismissUntil": "d93iogvyh74t0gsyf5nh",
  "lastReceived": "x5u6etxqe8jywyt5gzwv",
  "duplicateReason": "plp7ghfo17lb17bk4zgg"
}