{
  "id": "j6fhr1za0a5tqd3nj4oc",
  "env": "qa",
  "job": "h94sd70kbmfc7iv15mgo",
  "pod": "qr60p9jjkzi8llwd5bob",
  "url": "gu2rdypvi3gxfmi2g5xu",
  "name": "AcronisBackupHighErrorRate",
  "note": "w63m9jk1qy7w6mpr3sl3",
  "group": "p5ejfk2adl2w8h292hy7",
  "pushed": "njw0mqwvxh3klwwf199w",
  "region": "us-west4",
  "source": "t660os6n1w2hgiy0iwyh",
  "status": "h659lk4qah8knx8wzz5s",
  "deleted": "8b8w98puxsop29n1ftpr",
  "message": "my9jgdogx7uzb7grfzei",
  "endsAt": "2024-07-12T08:30:13Z",
  "generatorURL": "pj6v72t3nub8yc3kj5w2",
  "project": "i5dxzyw9w0meoe6yn7lj",
  "service": "57ahny8rksdsw22lx6bf",
  "assignee": "kq1ejcxrlj9js5lmltua",
  "endpoint": "tngtdba4vp334mw145fz",
  "event_id": "vimsxjf07o0tfr5hja0i",
  "instance": "119.104.134.245:24340",
  "severity": "info",
  "startsAt": "2024-07-12T08:21:31Z",
  "alertname": "dtiz1wotlcw3opj2xjyi",
  "apiKeyRef": "5xywyt7ezl8y7kzn9c99",
  "container": "nh36xrafp4gtl98cvkh5",
  "daemonset": "r2yisa33m8exzmrbfj58",
  "dismissed": "df6z3cij8as0atlsxh3j",
  "namespace": "nnew659f7gu7uaqsbzgc",
  "alert_hash": "7te7bamvj2dialklmn4z",
  "prometheus": "z8bshwvij3ubnydfcgax",
  "providerId": "ozucruyl0e4i741qwxrm",
  "summary": "rr4l60c3wqvuu3dwfjdc",
  "runbook_url": "gulaumpx8tec63yj6k42",
  "description": "High error rate detected in application logs.",
  "environment": "ouauvfh4lwd4re8ygdxq",
  "fingerprint": "7ladajpo",
  "isDuplicate": "2z5tz8w0v9dutvw8a6jy",
  "dismissUntil": "yo8xk1d3nooy24gmwcty",
  "lastReceived": "qk6eteddapgvtpdcyt4h",
  "duplicateReason": "t2hkvd12mkk1l0ly03x7"
}