{
  "id": "3ssuo9zg20dq8qv2ad36",
  "env": "integration",
  "job": "pupc2zk56a0s3jm2sprh",
  "pod": "27p97pmoifxkrrcmb945",
  "url": "91zrozqzehu1u1ons1is",
  "name": "AWSIAMServiceMemoryLeak",
  "note": "gml50dasvtpdacsp1wnd",
  "group": "81zwc5jc7hpr98vhoji9",
  "pushed": "8ebpq9ghuf7bijfpkmg1",
  "region": "europe-west4",
  "source": "1w8pyvfba5dy1ua9htxn",
  "status": "aucwlaxe8c7gpuvw7lsg",
  "deleted": "f2f5xve3cgq062c1qi0y",
  "message": "07xqs1rzrhpwe8azjt8l",
  "endsAt": "2024-07-12T08:41:28Z",
  "generatorURL": "sxjxtikg1h9x2r1g2t55",
  "project": "1sfdvtw6oecf7elcau28",
  "service": "5q8707464as7yv6skdpx",
  "assignee": "8jyz666dnksfflav9r7m",
  "endpoint": "37bk93sc93z6ho788niy",
  "event_id": "cno2s4d1ktugth3jx8gm",
  "instance": "75.13.132.122:28020",
  "severity": "critical",
  "startsAt": "2024-07-12T08:35:13Z",
  "alertname": "vgzr6h00vy9r99cfbc43",
  "apiKeyRef": "1mapvm2x0vewv9ehprg4",
  "container": "ewixt0g5u9tu90aq02kc",
  "daemonset": "7wld26ch2c14n7sugmiq",
  "dismissed": "xu061wb17vl2truudjgg",
  "namespace": "iu23f2x36wcd2ts5v3ve",
  "alert_hash": "r8uh3pu5qcqcxzmjc61c",
  "prometheus": "o7cadd42r4eitvxgyko1",
  "providerId": "u2hucrawsrmjo64u4h2i",
  "summary": "dfq8v25uwrbmneusu2t5",
  "runbook_url": "5ur3qnyig8p4ckli28he",
  "description": "A service is experiencing a memory leak.",
  "environment": "6329ry0w6t1fnc0570d2",
  "fingerprint": "d5ryhodl",
  "isDuplicate": "kyvezem39v8imk8zjeva",
  "dismissUntil": "diszpr4hd5xywa5ag4c4",
  "lastReceived": "l7hd0h435praa16lyodk",
  "duplicateReason": "ccw2rd6zrbnailiabch6"
}