{
  "id": "qjxscdggqrbk31u5bt9x",
  "env": "demo",
  "job": "giirqrpvtv0ntped2kct",
  "pod": "cbczdiqpvzv7jfsep23s",
  "url": "wkzhf5tx91yfcpxhoi5x",
  "name": "GoogleBigQueryLicenseExpiry",
  "note": "x5zkn3bajhm8412zmgzg",
  "group": "e0q49ux6ra0w58f0mtvh",
  "pushed": "3zw6nqblf0jtbq56xsf2",
  "region": "us-east4",
  "source": "57o9fgi6r061vvggbdv7",
  "status": "gp0gkmx9y73m8ghpuaao",
  "deleted": "xbvey1edyy5k099kmgv2",
  "message": "wx4dvt1ejcbailuepz8i",
  "endsAt": "2024-07-12T08:30:31Z",
  "generatorURL": "kvo1exkbkzzjjh38bh35",
  "project": "8jqgzbaff7jehxr7zzu5",
  "service": "14gq8a22a3cwhh3zr20w",
  "assignee": "ylaaavxv7xec2gsih9fp",
  "endpoint": "k2622dq5ckjnag89sarf",
  "event_id": "jt8p5chvoobaezcrao48",
  "instance": "122.122.166.184:55741",
  "severity": "medium",
  "startsAt": "2024-07-12T08:25:44Z",
  "alertname": "qf66ybdf9a2dzp9nex23",
  "apiKeyRef": "2jgjx33ycb30615nh8sx",
  "container": "0mjneuutyknqxoe2d80u",
  "daemonset": "9z9g8ac9or7c2sbb05xg",
  "dismissed": "aqu27a8yh6pkbov2wvef",
  "namespace": "finxrbxuennhsfu3o4cr",
  "alert_hash": "yzb2yetmvjjsbuyadw56",
  "prometheus": "5ryjknjl4iuupfqm0688",
  "providerId": "ey74jqa92byron5g3paa",
  "summary": "qvb5aoes7jzm3d4qe5r2",
  "runbook_url": "6nnok346okzndrphlnvm",
  "description": "A software license is about to expire.",
  "environment": "bb580larivj7g1ev8jaw",
  "fingerprint": "slg3py78",
  "isDuplicate": "aazur8ovt6tt8ov56jqe",
  "dismissUntil": "xapezzexj9wv6widkwa1",
  "lastReceived": "6mkwy6zoqfyd2rtf9t03",
  "duplicateReason": "y74gef1j1x5b4igzsxcj"
}