{
  "id": "o09gfqaxfgybbre7b5ht",
  "env": "testing",
  "job": "a2p2oravhnc3tr2lqz2m",
  "pod": "nypdg1y73v2zanmlg0t5",
  "url": "i831lm6r9fwdfps3jmnc",
  "name": "AmazonCloudFrontTemperatureHigh",
  "note": "3f3cwwb61te3al7yt5es",
  "group": "6xjv2daotqefbeez92io",
  "pushed": "bfzcetji2eu31mvx9m9w",
  "region": "asia-east2",
  "source": "l6fonwvniagly1n6668e",
  "status": "69sb23f0dewcx3460dek",
  "deleted": "9v6w4hzkflfk1rr54jaf",
  "message": "5kk2xoib6hqnlqw6bqqh",
  "endsAt": "2024-07-12T08:45:22Z",
  "generatorURL": "6h0ke930aanmh3qhm6jz",
  "project": "8z21s3wifiuis24dff2f",
  "service": "wb6c4bmhw979gfy2qnrp",
  "assignee": "vtdgxfxfznlqj5vqpi9d",
  "endpoint": "v8olx75wk06i570ymkiz",
  "event_id": "v96c9g7t2x8dcsyuxqj2",
  "instance": "226.63.171.227:17782",
  "severity": "info",
  "startsAt": "2024-07-12T08:39:36Z",
  "alertname": "7dm9asn9i7hysqibtexj",
  "apiKeyRef": "citxtzyk3c01arxcjyxd",
  "container": "11c0k5tbdfemhp5oc3yu",
  "daemonset": "2rz3wguj8lrifheke65i",
  "dismissed": "62oabokbc2xnnicgg8nu",
  "namespace": "5jjrdqz28oymsjsknj26",
  "alert_hash": "r9mghhjltoh539b9i2hm",
  "prometheus": "6l0yzby7r85xufr6pfrv",
  "providerId": "cl6gpin7yoxpeho7n64t",
  "summary": "hm42hgmweo5vf5f1josu",
  "runbook_url": "eyfq1jifzu1fnlvc8zo3",
  "description": "The temperature of a component or system is too high.",
  "environment": "3g1rsgbd7llpdj5zf0jx",
  "fingerprint": "s7znlhav",
  "isDuplicate": "pvd7skot68172tbt21r7",
  "dismissUntil": "a2e7gehs23f1i331qw4n",
  "lastReceived": "4tyucp7ebicibg0m0yy0",
  "duplicateReason": "muwngns8wmftvzlwiog1"
}