{
  "id": "yypgmmwtaif8ndp2y4hr",
  "env": "backup",
  "job": "km6xug929a8r6u48fu4a",
  "pod": "xf3xwh570ck7f9tze442",
  "url": "ky1wg8unrcdq9r6rgzbg",
  "name": "FirebaseRealtimeDatabaseBackupFailed",
  "note": "y11g7bqw8f5kbi0mmt5a",
  "group": "2iodfbn2faglv21ez9lv",
  "pushed": "gilrxxawov1t74v4ivyn",
  "region": "asia-east2",
  "source": "hl0ilybryrvmbee1chyh",
  "status": "ek4sopp4h12iwcvkw3c9",
  "deleted": "b5bvy78nm8lpfpx7bgz1",
  "message": "65yks9dk14c15q5wn2rv",
  "endsAt": "2024-07-12T09:53:28Z",
  "generatorURL": "tzzh8qeci0mh6h0jvpkm",
  "project": "8pz0vfjwwm0vf5m8iied",
  "service": "u428sxl8c222o6ttakcu",
  "assignee": "qawhhw3m39803wuy8b5i",
  "endpoint": "z6kqbkif3maezqs9fgx3",
  "event_id": "b22t48xplkj4yzxj5yhp",
  "instance": "121.210.44.216:32341",
  "severity": "high",
  "startsAt": "2024-07-12T09:46:38Z",
  "alertname": "sj9a0lf09hlwsik5tbhr",
  "apiKeyRef": "a212akkalyofp0fc1jl7",
  "container": "mpnnq09l7gp0ebsw1rtr",
  "daemonset": "q0a20dt29r1wecxijwgb",
  "dismissed": "eb1ckie4yct8uh8q3h6f",
  "namespace": "8csmgi12k2smihmgrqdk",
  "alert_hash": "2tog80o3c6g3klmf1dld",
  "prometheus": "sirbxdltch0fljnlu4re",
  "providerId": "fqqprre0aoboz2e8jh2l",
  "summary": "iy812wr2e9q27w3gcurd",
  "runbook_url": "rv1tld5h51ssveegqk2z",
  "description": "Scheduled backup has failed.",
  "environment": "oj33lfps0s4lolbkqzwl",
  "fingerprint": "nsgxzq84",
  "isDuplicate": "87ye5g75d44pn0uyf8e9",
  "dismissUntil": "bjfvckn6ddfo5k98fnmj",
  "lastReceived": "vht7bqa0xac4ysk0e9tu",
  "duplicateReason": "k827jruh5hmjgffvtxif"
}