{
  "id": "z66ngqo9wxlm26l84sy8",
  "env": "backup",
  "job": "653rusw4n1lbpw9jxtya",
  "pod": "wtzdxxlkdyh2pkqj6c7b",
  "url": "z2y6twyf4dwbxs1idstd",
  "name": "MongoDBAtlasServiceRestarted",
  "note": "zlo23qkq9n1awg3tjsv5",
  "group": "4schx3tpqgnpzgy81ccd",
  "pushed": "qw72c3jsxdfol1dgr8z8",
  "region": "australia-southeast2",
  "source": "q07f2nq3gcxlde1vfevy",
  "status": "fzkb8s5l5o4850wmpkv0",
  "deleted": "e0mcp5n2gdnl94fufyks",
  "message": "pwzycvp64kc8d4kiyn1k",
  "endsAt": "2024-07-12T09:57:19Z",
  "generatorURL": "zez4z025asmk6op6r1ae",
  "project": "907wo04x39d8s81gp3ix",
  "service": "sp2bs551wb5yyneat3p3",
  "assignee": "68hv7yf3t38chk7mgxr7",
  "endpoint": "lbxrvfw0l0suagef2ky0",
  "event_id": "bp4d41pxk0c1yh543ijw",
  "instance": "241.246.37.207:28819",
  "severity": "high",
  "startsAt": "2024-07-12T09:47:26Z",
  "alertname": "48axkhuzobu3k51jvl9n",
  "apiKeyRef": "efoe1lnshytsjpj5yj72",
  "container": "9purx11q1kkyka180peo",
  "daemonset": "4wvazut2h49e9bd4ivqr",
  "dismissed": "bi5zjboio6kbs9k2qses",
  "namespace": "pgl27rh1vnb4ops7kwab",
  "alert_hash": "qeri4ik1u1schr1o8tml",
  "prometheus": "8pmyycz15u3tpiazyqnf",
  "providerId": "0h0nmga1yle9cp3z5it7",
  "summary": "pxj7ycamp4vfy3n6en8j",
  "runbook_url": "akadtf10fwd9i8t9ia2h",
  "description": "A service has been restarted unexpectedly.",
  "environment": "mfk4x9c4vxbf15of7v3e",
  "fingerprint": "iqjn10p2",
  "isDuplicate": "gtu94oa927o8ynsc608q",
  "dismissUntil": "dm8psif4pylmgpe4zmz1",
  "lastReceived": "itnqowlm9ojf5000z443",
  "duplicateReason": "a6f70xew3uotcf90cewy"
}