{
  "id": "4myw5inlp2d7s60jgol5",
  "env": "pre-production",
  "job": "g07mleb6j6nxpx177jpq",
  "pod": "jfu4rt2te4lug9fa2qso",
  "url": "fgtqolwswb1kccn0qy50",
  "name": "BoxServiceRateLimitExceeded",
  "note": "0x18vplf06v1b0ln5456",
  "group": "8vubuqn19x6vs254e2yk",
  "pushed": "063rhq5cgubt963sckzc",
  "region": "southamerica-east1",
  "source": "gz2mhvlhpsmckdbq7k5w",
  "status": "8n4jm7wkmzg93c7bjdu2",
  "deleted": "23a6m0fz2vafd48h55ya",
  "message": "gnxw6bk9h801vndn7l6w",
  "endsAt": "2024-07-12T09:31:39Z",
  "generatorURL": "0erf7atu57uhqg77bvzs",
  "project": "t2kwjhrj09gcdfg0fh1o",
  "service": "k7n3rw6br6k1q9hmupvo",
  "assignee": "01vpsh1arg6v2cvt3v5f",
  "endpoint": "8tgmcesrxw8pacbymcvq",
  "event_id": "acmxf4h6s1d5ejw7532m",
  "instance": "153.148.82.111:53876",
  "severity": "critical",
  "startsAt": "2024-07-12T09:30:49Z",
  "alertname": "d8ltflaj4xizp7d6q0h9",
  "apiKeyRef": "ecr10yau762hcxhyf2v2",
  "container": "p1zde0db5o2ys9f83rll",
  "daemonset": "fwnw0s23sryu2ddgvtcf",
  "dismissed": "og2giagvju2hvqz6b11b",
  "namespace": "8vv8uxsfwko6f7m8oeb3",
  "alert_hash": "wh1l5nt4szoxs6x6skue",
  "prometheus": "mr7aonvmnaur2q18xs3k",
  "providerId": "uuuvjz46p4hz9c09tdee",
  "summary": "xzv8yderhxgsj1cch5bf",
  "runbook_url": "20za2gfg2po4tgffq2so",
  "description": "Rate limit for a service has been exceeded.",
  "environment": "wt6rf8njfpkvi6w61cgy",
  "fingerprint": "j6a1lrgz",
  "isDuplicate": "6mfweik8o2hm5vbtcatq",
  "dismissUntil": "e9g3adaauunem6vhnj8e",
  "lastReceived": "3th7u5dpdwrl1tn7mbvp",
  "duplicateReason": "nr0pn62u02iw1mmjj0mm"
}