{
  "id": "wm3mxrebhzikdo8g7k83",
  "env": "integration",
  "job": "u7gko9z2e810385c5425",
  "pod": "vv3c7kqg1ume48prxagx",
  "url": "9rq69fg05ujntiix9zdj",
  "name": "ZoomUpdateFailed",
  "note": "xp9ivbrotx30un5huzfc",
  "group": "wk0sowa8g04rj8g37n08",
  "pushed": "td40dfu4iff922b0pxgm",
  "region": "asia-east1",
  "source": "viq1qyoejblukc99pj7j",
  "status": "f8cpkqpmc8kctd9gu5xo",
  "deleted": "7gb9aermzr3w29kwbslx",
  "message": "snx10jp6qdi04rszznt9",
  "endsAt": "2024-07-12T09:46:43Z",
  "generatorURL": "zttc32pjwcax85zovd4m",
  "project": "ixwrrxm8mipbekxmlkp6",
  "service": "hkr2uwsncbqzvpgrvow5",
  "assignee": "hifv16lhi63rhc6cf2vc",
  "endpoint": "fzqwmpj58nzpkjl7a0kv",
  "event_id": "7lhlo8eff2ab0xev9huo",
  "instance": "153.148.82.111:53876",
  "severity": "critical",
  "startsAt": "2024-07-12T09:44:28Z",
  "alertname": "52jpxc2gqmzz4spm2z0j",
  "apiKeyRef": "53j2kzl3nv64vhy7hchp",
  "container": "6y1bkve6zg6dxu7wnc9j",
  "daemonset": "64dmh8omunuxhliwpo1e",
  "dismissed": "b4srx3btwny4atr27rw2",
  "namespace": "0mcwyidrcpmb1rn7p90f",
  "alert_hash": "1xqnyed9bp03f0rtwvvs",
  "prometheus": "5mwcyw6pi93mr7kel7xz",
  "providerId": "wpnsg4is7tv2oye6beje",
  "summary": "xrh3gpm7oc59r3lljd3m",
  "runbook_url": "209e2nooy3hr6dqqwbrk",
  "description": "System or application update has failed.",
  "environment": "k8wzc2wji72uzanv14bd",
  "fingerprint": "8cg4wcfu",
  "isDuplicate": "6b2ls7x7ixxrkiu5ob0r",
  "dismissUntil": "6spcah4oxi42dr5p7a0b",
  "lastReceived": "ssw9j9o7anhwdz9rzu1p",
  "duplicateReason": "w44nwtbtl3zlowywmhqh"
}