{
  "id": "9a8ggjolhv1aew7b4ndk",
  "env": "staging",
  "job": "g86hkiyn67j0cm4z0jgm",
  "pod": "biejey2pahaqbwce4cnb",
  "url": "izrpc5z7h3lyb8syalt6",
  "name": "ZoomServiceRateLimitExceeded",
  "note": "s8qosb2mlkhx1464u7xc",
  "group": "pb4zgyl61zg3dzfm0qkx",
  "pushed": "0tt9kfpb4up3ra1048b9",
  "region": "europe-west1",
  "source": "vcw67fc5vylyjyipfaov",
  "status": "yv2w0bbwwi5a8ah6yoko",
  "deleted": "8c3nidy57ke23rbzq3tr",
  "message": "7bei9mg3wjj1j7vpbye4",
  "endsAt": "2024-07-12T09:48:42Z",
  "generatorURL": "sjdi7n5p9h6g0595m99r",
  "project": "eu8pj51sms8wv6v2ms9h",
  "service": "vwuqsjtienngoaf3nf85",
  "assignee": "kxbk0wafd0zhsd8yl0tk",
  "endpoint": "41cbyo2i7mq53vnhr1fv",
  "event_id": "ddpr9ltfs288ta6nk151",
  "instance": "122.122.166.184:55741",
  "severity": "critical",
  "startsAt": "2024-07-12T09:41:52Z",
  "alertname": "4mltvttfdvyujmjqegmh",
  "apiKeyRef": "ilglorf5rg4m4ecalcl2",
  "container": "88vuqesoju36k0srzt87",
  "daemonset": "97pvouu5n2in4pj1vvk3",
  "dismissed": "r0j72m5cm0wmzyofufbw",
  "namespace": "xylx3fqmc6pzsm3nh7ww",
  "alert_hash": "9x8m39n76tfqjj3c8xrq",
  "prometheus": "zdf92b6r1v1yrte7ashh",
  "providerId": "ny3mbrof8rd29jwp9psv",
  "summary": "5ihvgegh2bne0h1aorcr",
  "runbook_url": "qanysjerg8m1ikhd44ba",
  "description": "Rate limit for a service has been exceeded.",
  "environment": "4tlbotits9tfnlvj8gpy",
  "fingerprint": "jy91651p",
  "isDuplicate": "9s0axqjvlhxa79dnz68q",
  "dismissUntil": "jn09q3z94ext4s2cmn94",
  "lastReceived": "ld7904apalzjmwhoz5o9",
  "duplicateReason": "sae4dihu0mbbrdnrwu8p"
}