{
  "id": "8i58jojoj8hls74r0a7v",
  "env": "pre-production",
  "job": "r468uk4msnbjz0pohp9t",
  "pod": "yn4lpo0ulr2pq793f5qf",
  "url": "hp9wdlcx11o1jc9hvmfg",
  "name": "AmazonRedshiftResourceExhaustion",
  "note": "j9q9ezsf81x9vtsqrlh8",
  "group": "w3oe8otqed7zno4mk0f6",
  "pushed": "9k8vq41jqortggewaguh",
  "region": "australia-southeast2",
  "source": "dfwi0ccfzzsl62gjopoz",
  "status": "b9fl6cxd9tbtwjkojn8o",
  "deleted": "537w6f3edvwa6bns5d3p",
  "message": "w1zu36hlrf7zyabskpn3",
  "endsAt": "2024-07-12T09:48:27Z",
  "generatorURL": "v66htsnqf0jjg6ro19dk",
  "project": "mb0wlyv59a4vs7gro515",
  "service": "w8v9scnkgyhom8wri8fj",
  "assignee": "or3neka4lfzc9gdlxv7s",
  "endpoint": "gj706sfx7cesgouaki02",
  "event_id": "vb5e3meqetdim3o6p919",
  "instance": "1.169.226.207:55692",
  "severity": "high",
  "startsAt": "2024-07-12T09:39:59Z",
  "alertname": "7jlgs5yt96kmeq2y90ro",
  "apiKeyRef": "32mrpfwef7z4x2ldcifw",
  "container": "qp52gyjdqbiquazvhokk",
  "daemonset": "cecgc3uartodfik02d59",
  "dismissed": "90w59oe9fm2gx13y4c0w",
  "namespace": "s1zq5w8434kt7k4seta0",
  "alert_hash": "nhj3yigwx7bo9z8hki6f",
  "prometheus": "i1cip3b1y0n7d6qirw2h",
  "providerId": "qaytiu9cx4q71jnogzs2",
  "summary": "xiwzemu4u5dm1sp4mgg6",
  "runbook_url": "7092l97r9m8s1dm6czj5",
  "description": "A system resource is nearly exhausted.",
  "environment": "haoy5og8nhnzxg5l7kl4",
  "fingerprint": "ycxtkpom",
  "isDuplicate": "wa6whuqsm0dlx2eeipc7",
  "dismissUntil": "u26vb2jwha7403kudpwv",
  "lastReceived": "clwrqejvg82zjgpn2hfv",
  "duplicateReason": "64d3j64mau6kmfxdlzyi"
}