{
  "id": "mkstoaacponoihwsr1jy",
  "env": "production",
  "job": "da6zii26iztyod1kia5v",
  "pod": "q18lwwb0wm1swsesyw0v",
  "url": "d96n0hycbek5owqqt0ip",
  "name": "AkamaiHighLoadAverage",
  "note": "xd1wpby0ou5gde9g4e5q",
  "group": "tn58dskduad8cek6jr5t",
  "pushed": "sje49rpwfmblhycc2mj6",
  "region": "europe-west1",
  "source": "70hhahg9kry08rij18m5",
  "status": "9d1z01jhz5u9d15eiy5i",
  "deleted": "9biis7oswzl5ucl35sik",
  "message": "3pvb6udbwox0khh14a5m",
  "endsAt": "2024-07-12T08:24:21Z",
  "generatorURL": "9v8902rxsdcy1i0iujcq",
  "project": "ujua5zs0rbuiv0zzc6j7",
  "service": "iuyc8llo0dldto49jrr8",
  "assignee": "yj5oj5rczkuywotbl4ao",
  "endpoint": "0i6ifae3kv3f7ifyk602",
  "event_id": "cnapwzmb7c0cd5ilj56o",
  "instance": "23.135.53.28:22008",
  "severity": "debug",
  "startsAt": "2024-07-12T08:16:54Z",
  "alertname": "szc7f38hx07kvtmlrfdq",
  "apiKeyRef": "g68onhee16amdc4inavb",
  "container": "hjz12fdf8a7cq856byrz",
  "daemonset": "iiuamyhjjhau2ww00ukm",
  "dismissed": "ilhfj5mmteowpl9w1ggx",
  "namespace": "o9mujtvgiqqo8omgf91r",
  "alert_hash": "vsf4kl0evitzfonrgng2",
  "prometheus": "lziwcw2ikwm2h3pxjyyi",
  "providerId": "r7hwpup986iiietu9yz8",
  "summary": "0z3xp6dbavxl82u7bk9u",
  "runbook_url": "h3at6xqrjinxmd4zlkfc",
  "description": "System load average is high.",
  "environment": "dtgrzikp9tzabhpct15x",
  "fingerprint": "s7znlhav",
  "isDuplicate": "gfhy2903psdci8uvpvjk",
  "dismissUntil": "e1nm3o2u48j6yc3m86uy",
  "lastReceived": "jt0xysvmm29vlw52xj17",
  "duplicateReason": "ooffcuqe2kqidtz8vaeg"
}