{
  "id": "cuh5qsyzo8xodscw4nbo",
  "env": "integration",
  "job": "g3t1k5f2wgcqre5jk035",
  "pod": "amsd6gkehxll47xacpda",
  "url": "ez42sdshlrhylyaoohet",
  "name": "PaloAltoNetworksHighLoadAverage",
  "note": "d55yszt9149kyeijvp3g",
  "group": "69w8uufc36jf87zig88b",
  "pushed": "10evak8x0cxien4pno6n",
  "region": "us-west1",
  "source": "dr7kc6y4jmagrqltp7k7",
  "status": "c6acmq36kavchys650mx",
  "deleted": "x6ecatoeqr9vln26pjy1",
  "message": "m8u7s5xpuyza5vem4jkl",
  "endsAt": "2024-07-12T09:05:03Z",
  "generatorURL": "r2z98p77cylulh4vsdel",
  "project": "leqs0fj4971lm82064sc",
  "service": "rm2g0a2gttep1x6yglfw",
  "assignee": "4ewmob3inpnawr3sj60t",
  "endpoint": "yudr0ho9n7dxlqwlep3c",
  "event_id": "kbzkwhsgfvyoj865wtwx",
  "instance": "203.220.181.212:36917",
  "severity": "high",
  "startsAt": "2024-07-12T08:57:07Z",
  "alertname": "flbu2rw035tddvewwb0p",
  "apiKeyRef": "y43o5cl770rs1yg5wmb8",
  "container": "kz5nruw9069przisy7tp",
  "daemonset": "tq6a6u4tj5o6u4aq3wx1",
  "dismissed": "el0nkm004wcy9gdum2jr",
  "namespace": "z8a64ncx2xh9bfj9pxhw",
  "alert_hash": "pfktwaapbdch7gdeo9yb",
  "prometheus": "2ywzy27crv7kor9v2tfq",
  "providerId": "wjvuwgrdhk7z1nwxbs6d",
  "summary": "rvxk459s07hprzuqbsn1",
  "runbook_url": "hbiw66ps5mfjt8pp40in",
  "description": "System load average is high.",
  "environment": "y2ajnt9w76n5prr4jmy1",
  "fingerprint": "6kb5qbsj",
  "isDuplicate": "6d9w5707nvm0tx9qwflb",
  "dismissUntil": "242grk8xz7rg3z7h4x8b",
  "lastReceived": "h3ccfawr5uevqpdpwjde",
  "duplicateReason": "tcsoyubkfjyy36nrw91b"
}