{
  "id": "eq0xltwxodfof4nky893",
  "env": "testing",
  "job": "6824ldg3r25yi47k403q",
  "pod": "vvdl3rdo1o6vkzqy3boo",
  "url": "qxeq3cb0a37yngkp4f13",
  "name": "AzureKubernetes ServiceLicenseExpiry",
  "note": "bg05cc8bz7ir0r67gp3l",
  "group": "6gqfj4u4vwbnuih57eec",
  "pushed": "u1vwbc8zuchye4k31in9",
  "region": "europe-west3",
  "source": "c363133tn5fox4xh4tur",
  "status": "kt6khwakc42chwj0abww",
  "deleted": "cse0h7v603ztpl9nam1w",
  "message": "pdyypm1an06n5xo2cicd",
  "endsAt": "2024-07-12T08:55:23Z",
  "generatorURL": "g8p34ydjxdafil62vu41",
  "project": "9680lhf5w4nfojamu4xn",
  "service": "77ugbrp46bvj13fwdixb",
  "assignee": "4s4mqj8oncwyh6dg9voj",
  "endpoint": "yrb025ywu6nvxhtrjnoq",
  "event_id": "svs1fdirfqe3dedeck7l",
  "instance": "59.246.255.1:5947",
  "severity": "debug",
  "startsAt": "2024-07-12T08:45:35Z",
  "alertname": "rlr3ymf8xwex9q1gundg",
  "apiKeyRef": "bbclq4wftlhquy69eecm",
  "container": "z6igb71wk8lk0p4buws9",
  "daemonset": "0e9krrrx46llws5pqi85",
  "dismissed": "1n8zcxn1aw8mnrsgmch9",
  "namespace": "wypotik7wii4g0i0zti4",
  "alert_hash": "qupluodwplk6o23ntnhk",
  "prometheus": "wbk2umbaty8cy9km5j53",
  "providerId": "n710f7o8boby293j3rrk",
  "summary": "xg70nk3s3rpyept51baw",
  "runbook_url": "0phdz03uftngktpp9v2q",
  "description": "A software license is about to expire.",
  "environment": "wbbjna2pihucjhztxa80",
  "fingerprint": "zy89jy9t",
  "isDuplicate": "js65oi4zncmh78vg17n5",
  "dismissUntil": "nzvs5qe0rxhnlw5h7mq0",
  "lastReceived": "wn325h81oylrtae5aeah",
  "duplicateReason": "b0uolbvsz9rdff8f1bi9"
}