{
  "id": "ladew4142sp34jdduvt2",
  "env": "development",
  "job": "8xg1srpxzfv82xbi6208",
  "pod": "n10bntvekbdk876kkfav",
  "url": "5e5r2k4zjl2sb6w9dbb7",
  "name": "AmazonRedshiftUpdateFailed",
  "note": "cgkpfql4vkkvmz51xqjb",
  "group": "26dlg14u73busxdbeh1f",
  "pushed": "nbv7htx7hc71mkd7cg6k",
  "region": "europe-west4",
  "source": "wg4vk9lotxfgr2pmfjg7",
  "status": "l47mhb5tuyqaqlyl5buz",
  "deleted": "cuglz6rsvwhniy88s1lx",
  "message": "ouaxhwsua3dqeyh2ofm5",
  "endsAt": "2024-07-12T08:49:20Z",
  "generatorURL": "cmry9dlfhrijkuba6k2w",
  "project": "6gv2nmvv3hmn14r24rz3",
  "service": "r5nmm0b6gbir6deabo9y",
  "assignee": "3kfmh6irpx2f1oeo3edt",
  "endpoint": "8vn0c93pfjmoqzszh8b4",
  "event_id": "2w97mm4xbvxbkjm1mff4",
  "instance": "155.134.50.157:9960",
  "severity": "debug",
  "startsAt": "2024-07-12T08:47:28Z",
  "alertname": "47oukuqupeg6pszf3952",
  "apiKeyRef": "sg3i008cftw2loc6m4n4",
  "container": "cbjmf3fsd0j5ln2qyn9o",
  "daemonset": "3bhno5q82gtcp64gjyh3",
  "dismissed": "ezttywmla0fr4ycefeej",
  "namespace": "ls89gsn5k01s19mq79ey",
  "alert_hash": "kujz9uf8vh5shj6z059f",
  "prometheus": "sp9b3ira11soocd2y43i",
  "providerId": "4gwwnpxz7ai4uzrw36th",
  "summary": "0q66kud3dmmqq71o3sn7",
  "runbook_url": "alat4x6stfzs7wmx1uck",
  "description": "System or application update has failed.",
  "environment": "b2g4ft2af4p6xoaywfib",
  "fingerprint": "ov0v1ulj",
  "isDuplicate": "a1hoyw005gtf5elhpxfn",
  "dismissUntil": "v9gfr66tes75cwpfp594",
  "lastReceived": "tbzl84prpfw7smglafab",
  "duplicateReason": "9wix9aejtvfup80dayqg"
}