{
  "id": "oiwu06xn3qt6flndxzma",
  "env": "integration",
  "job": "6lhqwxbei7nxqal83x7h",
  "pod": "favli50ja6m7g9mwx9w4",
  "url": "wzjovmdxps14yc1lsvo7",
  "name": "FastlyCPUUsageHigh",
  "note": "krq9uh5phg8zn122uiln",
  "group": "6ociefh1idc5ymar5com",
  "pushed": "bhibzzzvywnikzmmzi6j",
  "region": "asia-northeast3",
  "source": "vyur2qer8prhqxlu2yi0",
  "status": "1k5kw0rdqkx5a8i66eda",
  "deleted": "xlrwg43voafxg6g3ty7y",
  "message": "nhe78sh7x4r9coxlfjsl",
  "endsAt": "2024-07-12T08:49:24Z",
  "generatorURL": "lf0zx9xrel41ov7qi33m",
  "project": "wpwdynss5uj6lryk3tvy",
  "service": "zlgbuatca7gxw15fbphu",
  "assignee": "2uzqrh4gchfks0gk5yf2",
  "endpoint": "79177piz3n77wddvtk8d",
  "event_id": "h09epf7yag2zp5ah7mz5",
  "instance": "155.134.50.157:9960",
  "severity": "low",
  "startsAt": "2024-07-12T08:46:52Z",
  "alertname": "l7wrao7dwwjab0058rw0",
  "apiKeyRef": "avmjfpb9tcn6ntqbiduy",
  "container": "p85e6kgf884kiynlcve8",
  "daemonset": "gisr13oj4l5fgfpdm10t",
  "dismissed": "usxibf5quxyfz48anytc",
  "namespace": "leq82ywlmv9k93x6fgqk",
  "alert_hash": "uaqs13joitb6cex37ham",
  "prometheus": "76wygetztyzulqx1owf7",
  "providerId": "tuxd4zharbukf2fiyko6",
  "summary": "33577fx4x8y7z67xb9qs",
  "runbook_url": "cs7a4rn6k42sdzmze187",
  "description": "The CPU usage has exceeded a defined threshold.",
  "environment": "mfkhed5adwi4hfcdf1ub",
  "fingerprint": "krdv95vi",
  "isDuplicate": "2gliy2keziwy4fafrqz1",
  "dismissUntil": "hgqdnccp9llr1aue24ws",
  "lastReceived": "akruygydjql3pahyai69",
  "duplicateReason": "yhtfpsv3s59cjgii3uey"
}