{
  "id": "xve5dashef90qram23i8",
  "env": "staging",
  "job": "aw3my521wnahab65v2xy",
  "pod": "ujw0mzji3mu12z9wgs34",
  "url": "cuo48abgpbm6fqu1j1d6",
  "name": "SlackSlowQuery",
  "note": "95bqhrpl234em0d3cmsr",
  "group": "fhyktxjchhr78p590s8a",
  "pushed": "3xsxzigy4xg0ohnhytar",
  "region": "asia-southeast2",
  "source": "l7azwfnbdkgi4ftmg9uh",
  "status": "x3kr0kyup8d5gv7s60cy",
  "deleted": "sv3z253451hn71lb3pm3",
  "message": "b7a9y19mvot05w6dqt2o",
  "endsAt": "2024-07-12T09:19:57Z",
  "generatorURL": "yqjg79isk540ruqgb7q5",
  "project": "a7sytuzz2tayezpsf1d4",
  "service": "pyzsqasghsuetb8wz7mz",
  "assignee": "rf97skpu5j04325hn96c",
  "endpoint": "gpwhmei6o2fs4z7juc59",
  "event_id": "ndzb92bg8hgznqrpv9dx",
  "instance": "169.231.235.31:5119",
  "severity": "high",
  "startsAt": "2024-07-12T09:13:02Z",
  "alertname": "48qd200g46fr510nc06o",
  "apiKeyRef": "qb1pgk3tg23ah61c44wx",
  "container": "g79e8cko6qxeedx4i7yx",
  "daemonset": "bxr7hmfjd2jns1sg0t9b",
  "dismissed": "bly09rkacge848cv2al2",
  "namespace": "z0vcci1tvqtn7cgf712m",
  "alert_hash": "b5n44mi8lyn6f0t5c594",
  "prometheus": "jvrn2bnn7fnhtwe96pio",
  "providerId": "1i09qbxwmnpepzvsc5uw",
  "summary": "74rftirbtys9y91w76u1",
  "runbook_url": "tjx55o5uqhp1roulyizr",
  "description": "A database query is taking too long to execute.",
  "environment": "q6uovu90kh4cdgmpy165",
  "fingerprint": "72zwd8cd",
  "isDuplicate": "ezfu87xjhvp7sh82gp6x",
  "dismissUntil": "p3r20o7ycpgzx2g51mo4",
  "lastReceived": "yzmtdu4f3gb8j3qwao58",
  "duplicateReason": "5n4ymv9gq2dumovz0fx7"
}