{
  "id": "7zm2wyg5sm0z9bhenbvw",
  "env": "backup",
  "job": "sz53jb16yf56swjq8aqi",
  "pod": "rjn2plnwgyf5ubbeqify",
  "url": "fq18jhrfhlrpllgoso7n",
  "name": "FastlyDNSResolutionFailed",
  "note": "xbihm9on3hsg5l63mqsc",
  "group": "sk1b44f6szsvy1qybodl",
  "pushed": "wlg8j1tqy53mbd8fxf43",
  "region": "asia-southeast1",
  "source": "4f419o52iypcud6kjcwv",
  "status": "canu1f0tuspo33vdczhc",
  "deleted": "5a096f2cpbqy40ua3fge",
  "message": "xa86o38uda3fcuwu78gi",
  "endsAt": "2024-07-12T09:10:27Z",
  "generatorURL": "wvjxvq5wtyd9tp8eqnhq",
  "project": "21pfat1wbv7ely811e5v",
  "service": "qh0s7xkeltuanoox3n2t",
  "assignee": "doohyi6wvvlpa5ni5r81",
  "endpoint": "y47zaboh8i5sifb3uuq0",
  "event_id": "66hzhvegole2hknip9rb",
  "instance": "153.148.82.111:53876",
  "severity": "medium",
  "startsAt": "2024-07-12T09:05:16Z",
  "alertname": "w6md7wj79yzcux1jbckk",
  "apiKeyRef": "2x4fp93gsybpg903apmk",
  "container": "rbj61q058drrcox095dn",
  "daemonset": "ghqkotbw93aepzz4mxju",
  "dismissed": "owlk06ney49ixbkh4gr7",
  "namespace": "v2ggquq8hfd0x85vrpb1",
  "alert_hash": "zozzrz6ze4fsx7m4wyf2",
  "prometheus": "iizs02quzqw9zoly4io5",
  "providerId": "k6g25bjwtx4oy6nstxq1",
  "summary": "xea9gv5pkrr5ptbzokdu",
  "runbook_url": "mgdpe1dmkmul56bq24he",
  "description": "DNS resolution is failing.",
  "environment": "ik2jpkp46hs97ummlq6x",
  "fingerprint": "o4mhfcgz",
  "isDuplicate": "w8r0ojho39gjfz027aj5",
  "dismissUntil": "snohet7p6zmmwo7gbcf1",
  "lastReceived": "a9f0o74elz2o19px2egb",
  "duplicateReason": "xv2el2xpzue5g2koihce"
}