{
  "id": "mnb34ai943ze3cga57lb",
  "env": "backup",
  "job": "71rbx1k2dx382tuacqf4",
  "pod": "sf7m9s9ty0npoqzd9f3i",
  "url": "mpmhufnwfuz40kx7f8lm",
  "name": "NewRelicMemoryUsageHigh",
  "note": "rta2o18o18wexltbg5wc",
  "group": "3hk63guc0cycxymsckqj",
  "pushed": "8if8y75vj93rnyrdx28a",
  "region": "asia-northeast3",
  "source": "3kcvfie9mbja83rxqrqu",
  "status": "5b4o5l2v0otjueaz42bs",
  "deleted": "wxl4kdqx8l2gouqe0h8c",
  "message": "kpu0brdm45yltn3iqqdc",
  "endsAt": "2024-07-12T08:53:23Z",
  "generatorURL": "km01y9sf0p9k8m75dr6e",
  "project": "kga6ywedwvmpgimmbgrc",
  "service": "ixz9duog194460tv6rnh",
  "assignee": "my8912z8z7i7ujxttlws",
  "endpoint": "xwnpjdptv7a0po0zbem1",
  "event_id": "42v71d3h9b0xbzjzgaqm",
  "instance": "164.231.154.138:1187",
  "severity": "medium",
  "startsAt": "2024-07-12T08:45:34Z",
  "alertname": "m40oemqlbot8ri2fql47",
  "apiKeyRef": "97c8l5xo1hhk2rj7ngg0",
  "container": "x2ahlobj9ohh3k47cc6i",
  "daemonset": "xo8j9sm69twqzdkf8ibi",
  "dismissed": "3bbh6yiffyw8w3jvgdik",
  "namespace": "z6lpdswz3oflywhrnnwe",
  "alert_hash": "713gjoojosnca44xfszl",
  "prometheus": "c26kbi9fthod17xfc80t",
  "providerId": "vimggn36hi8wda3zmqp1",
  "summary": "nxkwnhhstrnz6dtial13",
  "runbook_url": "l87ldg9idol0tc1gxfz2",
  "description": "The memory usage has exceeded a defined threshold.",
  "environment": "bzs0unt8oezpmsd9choj",
  "fingerprint": "j6a1lrgz",
  "isDuplicate": "v957d800abgf5kkqkn08",
  "dismissUntil": "coyoaqqgdhoa3wrjc7b9",
  "lastReceived": "6cgk3kt42xft8lal9u7f",
  "duplicateReason": "l8gogajr00fspcg5gqhc"
}