{
  "id": "qthedexjk4sqbodqx8s2",
  "env": "sandbox",
  "job": "a9evyvs61x7he2ccvfbw",
  "pod": "33jgcclfbcz12am7oeh3",
  "url": "vj2ueqlgvra6g8eiix93",
  "name": "TanzuKubernetesGridSecurityBreach",
  "note": "vh8foywrn8timjfgry2s",
  "group": "v7ygipd1xh9fju1ltovz",
  "pushed": "qq9powzs3eukrlv6zkn6",
  "region": "northamerica-northeast1",
  "source": "3o8d47yo6m6zjmig2jha",
  "status": "hbqs1i2qs1bit8vt1js1",
  "deleted": "y08lijth3qguov6hcyvv",
  "message": "ayf81uzwaja80ykowtd1",
  "endsAt": "2024-07-12T09:40:34Z",
  "generatorURL": "vgvih9campe3dnko1dsq",
  "project": "m9upary9xajq55jo4158",
  "service": "4qceeah9doanpw06c68v",
  "assignee": "qinqhpjjdmdmoq81gnpp",
  "endpoint": "xioxf6mr9tvc9rhe73wl",
  "event_id": "xks2kx7cwk2a77ol71ww",
  "instance": "66.144.112.110:29695",
  "severity": "low",
  "startsAt": "2024-07-12T09:39:07Z",
  "alertname": "737hr3nu48v5j0hheyc1",
  "apiKeyRef": "5q2b9889qf0y8co2vyq3",
  "container": "tjci97ijt1pgbumap7gk",
  "daemonset": "0noyucd7kbg8wvzidbob",
  "dismissed": "gae2z08cl4atlktfsl37",
  "namespace": "zte4f7dmhfqk34o72n8o",
  "alert_hash": "g9r6boqrpjdik000al5r",
  "prometheus": "4q2myum9imih29igd9ph",
  "providerId": "64wxrmz3th3t39s5032z",
  "summary": "sa7q5t31cigluy4aj5ik",
  "runbook_url": "m2dkaqhq2xlruns4mww4",
  "description": "A potential security breach has been detected.",
  "environment": "di4odxuvha94qwxji0m4",
  "fingerprint": "l6ovqp56",
  "isDuplicate": "gj5gd5q23x6mtfmrlqds",
  "dismissUntil": "0wwez9x1dzc6gq6b7fok",
  "lastReceived": "meccfa6dg3pbq4dy8ata",
  "duplicateReason": "lmwbc6vermq4h89w7k9f"
}