{
  "id": "4bav16yeeom5k84rd33b",
  "env": "production",
  "job": "40ksu1rsnvc7irshr6bu",
  "pod": "7o15zl72svg9prmmbs8a",
  "url": "x154z4z8dbhin4m8hyuk",
  "name": "PortainerFileSystemCorruption",
  "note": "s8mrglrhxq2ko3ixu195",
  "group": "j0gxe0noiaxoua8yq63y",
  "pushed": "6q9fx42jtqvck9086rnt",
  "region": "asia-northeast3",
  "source": "shnpm2vk6zfkl12irb31",
  "status": "y8sf6q23g45vgs324wsv",
  "deleted": "gtfhs3huk07888j2sbdp",
  "message": "5clp52ujngy81j6lhp2h",
  "endsAt": "2024-07-12T09:48:43Z",
  "generatorURL": "widvzzcp7floih5kxnn7",
  "project": "xqtfg7hocqku35z3dm4p",
  "service": "1aoi778dtso7945nuuop",
  "assignee": "6tpwts95n5xqbycv9j97",
  "endpoint": "7i7c90dfanyemv502b80",
  "event_id": "4wkrgytlmx9o4yxrwnf8",
  "instance": "253.35.174.175:52711",
  "severity": "info",
  "startsAt": "2024-07-12T09:44:08Z",
  "alertname": "f2p8x6yevy1y87raccu2",
  "apiKeyRef": "dv6o3i4htji9c65dxwnx",
  "container": "qllsigw7pycuegfcrlv6",
  "daemonset": "6o8rz23iq3yp0onyn3o4",
  "dismissed": "syj4x200bizqcpdwu7n5",
  "namespace": "peh9megv47v8teepr4kg",
  "alert_hash": "t3pus8x29q0lov3inmfr",
  "prometheus": "wdb5zzxwfgnflzjx13ne",
  "providerId": "ck5ddyoyfthg5z8oq0q9",
  "summary": "hk5lfd603gt8zr3n9wfk",
  "runbook_url": "lrrh769q4qz76h1l2a58",
  "description": "File system corruption detected.",
  "environment": "xw2dekvg98js05ggx1qu",
  "fingerprint": "5se38hib",
  "isDuplicate": "eo7dgazqmbtghvf3ujnr",
  "dismissUntil": "5mjh7pzscszsovm1qyva",
  "lastReceived": "h2x7qdo27vccn2eaenm6",
  "duplicateReason": "z3fz1wkiuin11ele7owj"
}