{
  "id": "q11xsqe5icea5xdru0zv",
  "env": "testing",
  "job": "ltuttfpngxsmhggvmlss",
  "pod": "x3vkcdqyy1qd7d75hezi",
  "url": "iafhqmrx0j24s7y4is4u",
  "name": "OneLoginFileSystemCorruption",
  "note": "olljrqy8899muezsy3lv",
  "group": "bc44vl14umzo3pzjnlef",
  "pushed": "kopf4isvgn1oegiswb4h",
  "region": "us-east4",
  "source": "ef05f5h43e9b1h447bum",
  "status": "bhf050hg5fswardac6xw",
  "deleted": "m4ie012itjqnt123el86",
  "message": "ikvjtveveh693q69voob",
  "endsAt": "2024-07-12T08:28:03Z",
  "generatorURL": "29sv9wmwkw0engqxcyfm",
  "project": "cnlv1f6chbuioy92ofyq",
  "service": "6uwly2g23cw13ph5vbhm",
  "assignee": "t335m3hv2vst2gco0ype",
  "endpoint": "6npdp8sm2jz6v7hopbug",
  "event_id": "capwo7kdhjaxoqe5trit",
  "instance": "253.35.174.175:52711",
  "severity": "medium",
  "startsAt": "2024-07-12T08:20:28Z",
  "alertname": "e9517fvjxprkfzi7oj4s",
  "apiKeyRef": "m0c2o0u75myvvavivjdt",
  "container": "wc7k0iyjhdlcy817m32k",
  "daemonset": "joqz9pax11xyryxvmfud",
  "dismissed": "qu9dhufyjkp7qwg1taif",
  "namespace": "r7zjfcerpsyeq9hrpyz6",
  "alert_hash": "i5uftbct5vej95cm38eh",
  "prometheus": "t71fqiuha3qgyuer2z92",
  "providerId": "xws30ci81x2zilwvio07",
  "summary": "civrrz6djg6xndsg1lwt",
  "runbook_url": "gco42nnkum9yj16ztt9h",
  "description": "File system corruption detected.",
  "environment": "f7n6jaow5pj82h9mgjmj",
  "fingerprint": "slg3py78",
  "isDuplicate": "7glcymx0zbsjogn451tn",
  "dismissUntil": "3cfqstc7vq89d25pog3z",
  "lastReceived": "co4pwqwzmjdn1wf7dsm0",
  "duplicateReason": "jxwacvdbtl8hr4c6v2lj"
}