{
  "id": "w940rlc3b58l1a1wo13l",
  "env": "development",
  "job": "cy8tv8m7d5eyb6cyx72i",
  "pod": "0m656bvhuxg45ilofuch",
  "url": "x5anfnio4zxe4p9o1owh",
  "name": "GoogleIdentityPlatformPowerFailure",
  "note": "4ygo7wzhys6cjp12jp8g",
  "group": "00nrgd8ey9whw2z258n8",
  "pushed": "87v5v86i9crnw7s8pzbf",
  "region": "us-west3",
  "source": "tbtk3nq1lnm6e78pbeby",
  "status": "5gr1ca7d7b4yeq3zl0r0",
  "deleted": "vk2otzythri0g74eupcz",
  "message": "twucn3hcnlldbtj9m1p1",
  "endsAt": "2024-07-12T09:12:46Z",
  "generatorURL": "roko6k4cqhxeznp348sv",
  "project": "z1gwtqywsq9rf9apmhqn",
  "service": "yfon3gge54oc6opbsgp0",
  "assignee": "d2gp8499afc5obkmrrhw",
  "endpoint": "d2wdilw18mqzbdgfz0nv",
  "event_id": "gqt66uqhjeyg4mhpr7ff",
  "instance": "119.104.134.245:24340",
  "severity": "warning",
  "startsAt": "2024-07-12T09:05:04Z",
  "alertname": "h3jpzshw8ifqx3u1dj16",
  "apiKeyRef": "obrzflgt53v4yrmurt7b",
  "container": "ed9rgkylulj47ucd4u6p",
  "daemonset": "v7llrh9hh8z7x2co4y7v",
  "dismissed": "vmtxnol7f5luptnuftjo",
  "namespace": "ozitheukpfpdzzkapwa1",
  "alert_hash": "p85rva2kmtin7jhs44qq",
  "prometheus": "lrl5ww8e8n3m58d6s3ic",
  "providerId": "e78pv09hkievu31e1p47",
  "summary": "mraqfknybkf1pri3k7lg",
  "runbook_url": "uvk3qnasohjr524qmrkd",
  "description": "A power failure or outage has occurred.",
  "environment": "89md9iuohknalc8xm2p4",
  "fingerprint": "cyb30uh9",
  "isDuplicate": "dsdgix9jf8w5ezv81upz",
  "dismissUntil": "2b1mcilmi8wgy47yr5mn",
  "lastReceived": "6hb86bldr6prh8p1s7mj",
  "duplicateReason": "xhexnxnjfk5jhya24ygh"
}