{
  "id": "sgohsxnctgdrhixvt44q",
  "env": "backup",
  "job": "1wg0z3pqffn6jvre1uvt",
  "pod": "uzpcejzgu34z4ntwquib",
  "url": "ayv523s4wbybrwtqj68b",
  "name": "ApacheMesosQueueDepthHigh",
  "note": "qsbg0fxvvpjji8rb5jqh",
  "group": "2dwyqdxea60t5uarv8dg",
  "pushed": "cqrn9hrgz5pkbe5y68ye",
  "region": "asia-northeast3",
  "source": "3rokpek9iewgrjnf98jd",
  "status": "n6w3gdp4xs4the4x7dgx",
  "deleted": "tzmi3xi5j44h7uqrqxdk",
  "message": "hm8rbj4yyvkf02uchwrn",
  "endsAt": "2024-07-12T09:49:42Z",
  "generatorURL": "63eb5vhmnt20jr2md6ya",
  "project": "rmnllbr8vj1rb837szwb",
  "service": "5ukrpkjhcf3sfau9ijr8",
  "assignee": "6tq3zmlq06weoviqdvd8",
  "endpoint": "v63s4xlinx5kmrz1w0qr",
  "event_id": "3fzlp9tjippg32ksft8o",
  "instance": "106.87.238.247:38774",
  "severity": "high",
  "startsAt": "2024-07-12T09:40:42Z",
  "alertname": "locfu2mc9k4hhtuw5kn8",
  "apiKeyRef": "bislic5o9tr11rfpkg20",
  "container": "eyimb2c01esso6o1n2i4",
  "daemonset": "fz9w9tz6b93dv419i58v",
  "dismissed": "djrndw3ld6wqybpq0dhh",
  "namespace": "k1us5w1p2iu27pnyh9ed",
  "alert_hash": "6j3pwvjhaqyo32i4n7q7",
  "prometheus": "5d0vpgrmyd9av5e7ovv0",
  "providerId": "d3bqt1lfk9963z063yja",
  "summary": "lv2y50nedvvlibo3kshw",
  "runbook_url": "g4v7j50s9tzg33iytowf",
  "description": "The depth of a queue has exceeded a threshold.",
  "environment": "undpkwh5j32d86jjogj1",
  "fingerprint": "llteskf9",
  "isDuplicate": "znf6jw34b4wfxup9fvsx",
  "dismissUntil": "hg8acuqopyvoccigyie3",
  "lastReceived": "dm9dhh55hsar1dlwwxli",
  "duplicateReason": "wqi7gh0sc94aml5sk40b"
}