{
  "id": "jnjhnxxja5mymsnfxdqo",
  "env": "integration",
  "job": "hwsopov1d2llwoff29el",
  "pod": "1psix6l4q8dsur9bvwi0",
  "url": "38m1b0yrb0kjitbkmi27",
  "name": "GoogleIdentityPlatformUnauthorizedAccess",
  "note": "pg7adfcbyto5166r7epz",
  "group": "jjmqhvmxjqd52jq1iud7",
  "pushed": "j6wzzidifxrycm7qrzbw",
  "region": "asia-southeast1",
  "source": "0spd71lt84rr97ydujq7",
  "status": "z3y4kubzmg22jlbgl7oy",
  "deleted": "haxkg6cfcivoaan2pbti",
  "message": "33ndfrn02djng6kpgr34",
  "endsAt": "2024-07-12T09:41:55Z",
  "generatorURL": "oixq9rl6v12wfonsxwhf",
  "project": "os8cfebxsw37uzjmyjb5",
  "service": "bo7okj3al3azshecgqwt",
  "assignee": "pnxz83nwyar5u8xu95hi",
  "endpoint": "lsmpd83qvh1wby7j6uhe",
  "event_id": "jjj4mhec11c6q42s5b67",
  "instance": "24.153.80.62:47829",
  "severity": "debug",
  "startsAt": "2024-07-12T09:37:51Z",
  "alertname": "kflg3enax730qars862e",
  "apiKeyRef": "ue3s9qe6og4xoe8hv6tg",
  "container": "mjc5ljufo4g9mp65mcb5",
  "daemonset": "ofd7o1l0ayia2xl6up85",
  "dismissed": "mo3i3187zfet76hn89hu",
  "namespace": "uwdw1610qjntp0bt0sfd",
  "alert_hash": "dxrmotmdz9u3lp3khpcw",
  "prometheus": "rk21onwb839bj39abco4",
  "providerId": "42ujb10me3uxtkrohl5s",
  "summary": "o8d81rksj4e3xs3d29yo",
  "runbook_url": "4ozs4n81mvr8a2dnajp2",
  "description": "Unauthorized access attempt detected.",
  "environment": "hz9sgi134ueua1134nhr",
  "fingerprint": "o89v78mu",
  "isDuplicate": "edaomhj0s2afe7t95e7j",
  "dismissUntil": "ygmr8f9zj7f2gfpylhzi",
  "lastReceived": "tld9xet825si779palnx",
  "duplicateReason": "o5vsqm1nuw36t9iol20n"
}