{
  "id": "ru255pjfc25xku655nkw",
  "env": "pre-production",
  "job": "lt0m26rutqyo960fwn79",
  "pod": "s0t0c1khovgp3yt0v86j",
  "url": "y7kruhpn5df2k6h1c7b2",
  "name": "GoogleIdentityPlatformMemoryUsageHigh",
  "note": "lqms7yw21yzts2bs0wq2",
  "group": "9yg23x0iegkv9po4sed6",
  "pushed": "pd471az9xfq6l23ljy2c",
  "region": "asia-east2",
  "source": "myfv21ja1yhs0q0scm4e",
  "status": "hy3ph7xeqky86vfzv2r6",
  "deleted": "0tdh13if7ypr79y4s2gm",
  "message": "ma39koivqv9wpmlhfryr",
  "endsAt": "2024-07-12T09:57:37Z",
  "generatorURL": "k5con8t9ut3d5hto1okc",
  "project": "w9qzohzbv9lm4af0xj60",
  "service": "npfhtjw8syrvg6nlpyn8",
  "assignee": "zilk35r0fn3gsaeabtpa",
  "endpoint": "hpne02cb6t9uhn2fu6vy",
  "event_id": "idwwedmicqtj8v2fatm9",
  "instance": "203.220.181.212:36917",
  "severity": "low",
  "startsAt": "2024-07-12T09:48:00Z",
  "alertname": "baye4b0gpid7d3dff8wz",
  "apiKeyRef": "83csua9dd6xdskt57bdu",
  "container": "8zgb8urbsbw4uz30rhat",
  "daemonset": "xshrrnysi6ezhgp4cpmc",
  "dismissed": "41934ykhatv9ep7nkhec",
  "namespace": "3wv7u0vlfcciohkrq57f",
  "alert_hash": "tes8zf6gvi800f26ppja",
  "prometheus": "djd1jleos2rvgfklctl2",
  "providerId": "89xey4s8e6n7diucgh5x",
  "summary": "g800mavxl617i7ok44e8",
  "runbook_url": "eymuq3gk3qm53rokua1j",
  "description": "The memory usage has exceeded a defined threshold.",
  "environment": "95ciizi474lm7okt9a07",
  "fingerprint": "ow6hizmg",
  "isDuplicate": "icpbv88pcz01xnou2260",
  "dismissUntil": "6phc07n9k1g6bsidan7x",
  "lastReceived": "xlcu7k3u99udu41my6lu",
  "duplicateReason": "cylsmy8207xabg8vyrta"
}