{
  "id": "tozgzqqsz2xwsrom7jsa",
  "env": "qa",
  "job": "hwd8b2kf1opj3lcq9jfq",
  "pod": "tiic0c69u48v53093283",
  "url": "samxcy0x2hfh9gbgmtki",
  "name": "ZoomConfigurationChange",
  "note": "tlcr813bt4rzfqdk7s77",
  "group": "g8eto83qwef5novg36ag",
  "pushed": "l7jcjq6ir9wbc1vcxj82",
  "region": "europe-west6",
  "source": "cglo8rw13uua8xokyfnq",
  "status": "e59a4wzpz3pcgi0ixfz9",
  "deleted": "v1a7kp38l7leyxf34wlz",
  "message": "hbc1fjzhc266cxyrh45s",
  "endsAt": "2024-07-12T09:33:12Z",
  "generatorURL": "mvtpykueluvp55nq64x8",
  "project": "jfykniw8opyimni5pxx9",
  "service": "enve5r73azl7phypzk3h",
  "assignee": "5n1twuo3vgxrrmxlci7q",
  "endpoint": "3d01v45zgnejtlohsand",
  "event_id": "lfahobgogjbxb6r4n0yt",
  "instance": "26.204.99.161:17002",
  "severity": "critical",
  "startsAt": "2024-07-12T09:32:07Z",
  "alertname": "mncylpx7ql5ir3urbfmn",
  "apiKeyRef": "gp7dccbmoo47w8n4zl5t",
  "container": "wfxzt0ilxdrk7z0fkvfy",
  "daemonset": "l1ioefb2hbj0of1u4ewe",
  "dismissed": "mi28mihaj8vzqjlmspxc",
  "namespace": "tszzj01t905et1b7969u",
  "alert_hash": "rsa5um1tohsysarvyfwc",
  "prometheus": "d1e6pe4h15xmep04sa75",
  "providerId": "ivfduwoupjenemfhmkor",
  "summary": "qsv9qws8hnpqof16vyxm",
  "runbook_url": "tjl1hudwan1qrica7vgw",
  "description": "A critical configuration has been changed.",
  "environment": "k7mty7nanz6l0ufybi68",
  "fingerprint": "2n644pu1",
  "isDuplicate": "1gejho108sgpesb6wda6",
  "dismissUntil": "ray84s2k8cs9flg8p0xv",
  "lastReceived": "w0qmfdax4n6vhcebxqba",
  "duplicateReason": "fk60k16zvrseni7azjdf"
}