{
  "id": "hfidnma7zw527hyxu7nr",
  "env": "pre-production",
  "job": "1m1haauuqjw2q77f2f25",
  "pod": "bjltmr9kgewygtlb2ou8",
  "url": "95gtd8nxasenqf04o3a9",
  "name": "AmazonS3NetworkLatencyHigh",
  "note": "ipf8szfkj5cqh2yhbi1p",
  "group": "u3waqaoanuotr4t6lz6h",
  "pushed": "kumm8q3urf450p9l36xw",
  "region": "asia-southeast1",
  "source": "83whcyzv68if1ztubl72",
  "status": "wdfa1gtispppvu69dfeh",
  "deleted": "pbc512aoghv12g41ve2m",
  "message": "n96rtj5890vjtwbddilf",
  "endsAt": "2024-07-12T09:16:03Z",
  "generatorURL": "ra2b5tvaoaxw8oy5wtdy",
  "project": "1g0vlijtnh3ub75iaufe",
  "service": "jscis25biw41mml7zbhh",
  "assignee": "5vutals34stmgl1bg28r",
  "endpoint": "cvbi554nqriyvuuca4qj",
  "event_id": "mj3aeisr99rfoswtwr9v",
  "instance": "62.183.212.134:55986",
  "severity": "medium",
  "startsAt": "2024-07-12T09:15:53Z",
  "alertname": "u2ea25fgb73f1zcqa4t6",
  "apiKeyRef": "kth1qsblsvfdew4gg6yx",
  "container": "p6evhi3ygcz3ubzulxmx",
  "daemonset": "pzr22sun9byqsjcc5g5s",
  "dismissed": "yp7l0y4oh7zt2s7k7xq4",
  "namespace": "lmsnti8a13cvtc7ofm2b",
  "alert_hash": "9ddkmda3chu99ha8d0vq",
  "prometheus": "xa7bgfbakie1ozye44he",
  "providerId": "t5av1ap0iwvb8o095cgv",
  "summary": "aztv1jjctowh6lve2qf4",
  "runbook_url": "yuvppx19kass47oysmnl",
  "description": "Network latency has exceeded acceptable limits.",
  "environment": "arputuye2nji7b4igz52",
  "fingerprint": "mxeu63wr",
  "isDuplicate": "dbsux4nmafps43j0qsvw",
  "dismissUntil": "50489q4g2haftkkku45z",
  "lastReceived": "o15xcfydk1dsff8etii4",
  "duplicateReason": "3xsla4omlna1wx8vplru"
}