{
  "id": "62j5gza0vfkyfac7vehf",
  "env": "qa",
  "job": "5r2ec9tsf0y49vqg46h7",
  "pod": "hwtibhadaowo96gyc9sp",
  "url": "vll4mjgvhqy7zlutowgl",
  "name": "DatadogServiceDeploymentFailed",
  "note": "t5q4w2kp2jglpcgcjow8",
  "group": "bbd42je5ulhsfk7dpx4o",
  "pushed": "rghbgb1pb6kadnj3n4du",
  "region": "europe-central2",
  "source": "a79oq6sqz7mvzchfffnv",
  "status": "pr39en266q3um6356j9u",
  "deleted": "aaas14wrod7ehnc54kt9",
  "message": "2l10a51fil6fw1jamoeb",
  "endsAt": "2024-07-12T09:52:56Z",
  "generatorURL": "72wgvqejuvjgx2bgvrmv",
  "project": "rsaubt8btr18hto33jb7",
  "service": "qnqq8dhbhse1k310njfo",
  "assignee": "q744m5552ci74ik4vz37",
  "endpoint": "jgj7o7vmee70n7w4fs0w",
  "event_id": "ly38afngefosskor90cq",
  "instance": "78.198.217.88:59545",
  "severity": "high",
  "startsAt": "2024-07-12T09:47:14Z",
  "alertname": "i4vi367ppwcqq5ogpmq2",
  "apiKeyRef": "4o209o6ga6gvdaa5ktgc",
  "container": "fle7v0vegozlf88d23um",
  "daemonset": "xaf1s144q0pzzg7f9bwr",
  "dismissed": "0j5vpcitwgrh8lkkcfub",
  "namespace": "ywy9hl2psd6eohy6tg6o",
  "alert_hash": "1j7viurmb99qsp6jkm68",
  "prometheus": "9zsmt3wigb9u5ciacmg6",
  "providerId": "wishsyjwq7mp2jhw9hz8",
  "summary": "nnc51h2hr4sntmg9kq8j",
  "runbook_url": "dt030r4qxtwjmfi656z8",
  "description": "A service deployment has failed.",
  "environment": "ogzwc77npe2ocji5iar0",
  "fingerprint": "dvoswolg",
  "isDuplicate": "u93h0ip7hygmo9jykv5e",
  "dismissUntil": "p76a4tfbl7t262r1kg17",
  "lastReceived": "zgt7ecnkjwheg9xq0leq",
  "duplicateReason": "lsxbw2htzddqy87oo95i"
}