{
  "id": "2rpo1el0n8apwka9omnb",
  "env": "demo",
  "job": "hr9uqzsqtiyob1cfl0c4",
  "pod": "5ey3uh7c6pthofc8fgiz",
  "url": "ikbs0hpwlnct6s6l3q1g",
  "name": "GoogleMeetTimeoutError",
  "note": "19vyd4zqol3zhlsjjkek",
  "group": "3lwsoc4h98rwwq1o0g6g",
  "pushed": "gwn4mleykyz3y4kutqgv",
  "region": "southamerica-west1",
  "source": "e5j73e2moqf57rpt9vjb",
  "status": "hok2vfii8t7xsglib1z6",
  "deleted": "qfr6rf28ucxffn680bd9",
  "message": "46itcduwkfa1u3pusp9q",
  "endsAt": "2024-07-12T08:21:08Z",
  "generatorURL": "dhojpvz9qkjosb91wao5",
  "project": "1o42wvs1jea1arp4q3xd",
  "service": "2cv1naz48c63os1whfui",
  "assignee": "t3y6rzx8p5ace7h58qgb",
  "endpoint": "wtm6gfr0p8b533quxq68",
  "event_id": "smk1yigtru6bah6jcdqf",
  "instance": "24.145.234.30:17654",
  "severity": "medium",
  "startsAt": "2024-07-12T08:18:20Z",
  "alertname": "x5y34dwb7qvslvnxlt6j",
  "apiKeyRef": "8zc7hxii9yasu96hctrc",
  "container": "n7w1bv2t5ldnm8vl4b6t",
  "daemonset": "mclu8bogv4lny1hwjzw3",
  "dismissed": "ugagsi90qno8h9n7vjlw",
  "namespace": "oiif5yt5valei3hxod5s",
  "alert_hash": "8eec2qmpviob4vczrfgz",
  "prometheus": "hrzbxaneatkv00r2hmdw",
  "providerId": "mbtt5p55oaj0r9vnx7b3",
  "summary": "5yza9dg20fcrb3ejxe9s",
  "runbook_url": "unvsdsx1v8yowv92rjtz",
  "description": "A request or process has timed out.",
  "environment": "pxejzfhfo6vawozimj70",
  "fingerprint": "e9b07opb",
  "isDuplicate": "av2jygr45yzti3w6iv6t",
  "dismissUntil": "sg7fiw5sdqk1q25ljnxd",
  "lastReceived": "lo1cmobsnti64xoofx7v",
  "duplicateReason": "zh2jls40qnea8zkq1h48"
}