{
  "id": "95qbo6wn83qa8u5st9to",
  "env": "staging",
  "job": "0ff9npx33rwliyo1n6mj",
  "pod": "5jrl7ohgnq7tqgcswjuj",
  "url": "5d9pze45csz2poaz7zlo",
  "name": "TravisCIUpdateFailed",
  "note": "gspmlja3txryvvkymvis",
  "group": "isuqxshzzt3fr6oqrukc",
  "pushed": "rgqw2973eeovh0m814sr",
  "region": "northamerica-northeast1",
  "source": "6s3qr47y61df8oelddbk",
  "status": "jupznwctiluptn2q8f22",
  "deleted": "2ohyf4c909f1wwbr15y5",
  "message": "pqd3la81zx78tf9j7pfa",
  "endsAt": "2024-07-12T08:40:31Z",
  "generatorURL": "53e78dsodebheoih4ngh",
  "project": "v148156o3aek5g1estt9",
  "service": "t5esjc5bfsrdtauf5n2f",
  "assignee": "9tmsgk9kkxsnm8bqrf95",
  "endpoint": "pw4qrhf4kwrh8cpncjy8",
  "event_id": "epmh1fa5ok21xs4j2gwb",
  "instance": "253.35.174.175:52711",
  "severity": "warning",
  "startsAt": "2024-07-12T08:37:59Z",
  "alertname": "hbgu7al7n8d17hzsdjn0",
  "apiKeyRef": "dmeqfim0yrqlbx6b4636",
  "container": "gmso8sjrr7779lvybg8b",
  "daemonset": "s6d7013p7rvc476zjl9a",
  "dismissed": "7dlj853zx90s406bppea",
  "namespace": "yp7brleukqbyckwkej4d",
  "alert_hash": "ahcjwtg6x7em268449wh",
  "prometheus": "syrmlvskj7jonodd2b1s",
  "providerId": "ojgl1tkhs0p6qaexjk61",
  "summary": "8nz7xq2jlbovdnwdpmqm",
  "runbook_url": "4g9f4epg2vpvmv3uqe57",
  "description": "System or application update has failed.",
  "environment": "u3g74wnzizhriqw8zuxl",
  "fingerprint": "gd58ljvb",
  "isDuplicate": "lw7er84bpr5yupupl12c",
  "dismissUntil": "7ua6azk1i18y2x51lc27",
  "lastReceived": "c7a76196sp9ars8covda",
  "duplicateReason": "eng9j1bsfmqlghv0mk8u"
}