{
  "id": "vjwtf9r78i7jvswcangd",
  "env": "qa",
  "job": "lhgdf50nbtd3vy7k583n",
  "pod": "vg61qqovvo01wmnijkfn",
  "url": "9jc8gcwbu0y8jy6eowg1",
  "name": "BambooServiceRestarted",
  "note": "2ab6z9n3jin6t5iclvpw",
  "group": "zav0wko0kwvacpydop0d",
  "pushed": "fz9c2zqi8xz320haak0o",
  "region": "asia-south2",
  "source": "cw4ko0ympk892ymlan43",
  "status": "ehe9k5qd6qg8492zq444",
  "deleted": "oe2nlc8q6htutq5sfd43",
  "message": "b91tsebn03j0m1m3u3hc",
  "endsAt": "2024-07-12T08:58:08Z",
  "generatorURL": "0650fap9h837fw76yelc",
  "project": "rtepkyvsxhijilrind8g",
  "service": "khzubcncad4kihiydrb2",
  "assignee": "85gq8jtsifn21hgzy0ks",
  "endpoint": "ac68rm3teqqi5ukodkmq",
  "event_id": "wa49g9y5y2dgyps4v8u3",
  "instance": "26.204.99.161:17002",
  "severity": "high",
  "startsAt": "2024-07-12T08:52:56Z",
  "alertname": "sd3q0e7wefdwsy1q8ci9",
  "apiKeyRef": "yweoa5n52an9tycy754b",
  "container": "bty1tsuc644ysxvxad3l",
  "daemonset": "erpr0zlm0tqexccmxevg",
  "dismissed": "ebe75h4qjt02q3zxfdon",
  "namespace": "sbx40ngmkz9z5r1xdbdi",
  "alert_hash": "xuqkww34bts538350g1r",
  "prometheus": "8dolfmw0a2w0cxhxewiw",
  "providerId": "c87pcu4h1tz0b7oazbfn",
  "summary": "xcksocvmmqtmfxykum4a",
  "runbook_url": "97dgc862qkhk3cn1aghw",
  "description": "A service has been restarted unexpectedly.",
  "environment": "k9iwofqjpqzeijqzxv61",
  "fingerprint": "qeg09wlx",
  "isDuplicate": "kafcawhbtxf8433o4k98",
  "dismissUntil": "1dcaqf9be8319n0p6t2q",
  "lastReceived": "7fh0qjy4gpiys6pwgmr6",
  "duplicateReason": "m0fgys6bduhbrzyo17bc"
}