{
  "id": "l7s54545parapfq4obx6",
  "env": "testing",
  "job": "crgfdrezm0m25snwvp99",
  "pod": "bizinbhm1k4f1qr8nw24",
  "url": "yz7ap0mulzj7od5u5rk3",
  "name": "GrafanaPowerFailure",
  "note": "8hw947t1cc2yhdtdni2g",
  "group": "t7kgx1ekojobt059jrct",
  "pushed": "704882oxk8bmmf38a9wd",
  "region": "europe-west6",
  "source": "tvof2nzpgmuklekazxwe",
  "status": "yntbmgywxbxv7br2njth",
  "deleted": "wlkpcy9uk82ku561zk6s",
  "message": "79csbithp3jsx24wf0md",
  "endsAt": "2024-07-12T08:45:43Z",
  "generatorURL": "05zlr9o36f5nl9i63axl",
  "project": "1adp2ehdwi81da4w3ll7",
  "service": "3xbcca4f88fkltrqcm0p",
  "assignee": "9a2daxdh4www3m0wrdxb",
  "endpoint": "e1923g8sfpgmmzl3r5c8",
  "event_id": "qe9bx5roaasahorl1ezs",
  "instance": "59.82.167.140:51937",
  "severity": "info",
  "startsAt": "2024-07-12T08:44:32Z",
  "alertname": "oqm6j4vhi1mp56222mfm",
  "apiKeyRef": "p73k7w0cdfevgkyxiocy",
  "container": "gm3a69w5a9d3yi7catqw",
  "daemonset": "oeh3v9eglvqxmyigon43",
  "dismissed": "ufbpidmnv0sbsstsvjlz",
  "namespace": "vu3mrp2vnp00n9tvpjjn",
  "alert_hash": "itri0p71k4npghg9h64p",
  "prometheus": "zl234n2hypfivu2f04v2",
  "providerId": "vdijkcziza4youp13b1k",
  "summary": "0okewsa9vkibed86mufz",
  "runbook_url": "vfbuol9txfbrw7v9ivsy",
  "description": "A power failure or outage has occurred.",
  "environment": "4phhkfy6s92un7nlnrvg",
  "fingerprint": "iab39r20",
  "isDuplicate": "gvpani2sh8no9lde5ahf",
  "dismissUntil": "8baaks00ativ4if94bom",
  "lastReceived": "7ip9xiqwa65ez0gepzoo",
  "duplicateReason": "2n4s8ge2nkoi75ubppcf"
}