{
  "id": "qjbbs3f56eergm6qts8f",
  "env": "staging",
  "job": "3im3iqtzyqgzfavjie3q",
  "pod": "9sneqio02lu2nfp3ibrg",
  "url": "wxs17zclkmqs3m4jhrh1",
  "name": "Auth0CertificateExpiry",
  "note": "mvfp782i1808wvvmk9am",
  "group": "s0yvhzk1ntoih1lgkqx7",
  "pushed": "few8kjo45nrz6egh4its",
  "region": "us-west4",
  "source": "zc1k6hhayifi6hd870qv",
  "status": "mfuvxjgxeexflulaicaj",
  "deleted": "2w0p8v46g5angvvwnlus",
  "message": "lfh41xwavza424f4an0p",
  "endsAt": "2024-07-12T08:10:41Z",
  "generatorURL": "4wq2e172lrlrju7858uq",
  "project": "pn8i4ahr9mdpo0izep1q",
  "service": "ceatcc0e9uvpdkrx710v",
  "assignee": "s4jys0bkruh3gqbl5jmo",
  "endpoint": "t08mwytukjkiz9wzg7ep",
  "event_id": "k6ju5pvxb380xuf0qa1g",
  "instance": "203.220.181.212:36917",
  "severity": "info",
  "startsAt": "2024-07-12T08:02:54Z",
  "alertname": "mdvbys0o1j4jd41cxh6e",
  "apiKeyRef": "y8jbwonyj65mqyzweu3t",
  "container": "hgabnpb6uiy96t91y5t6",
  "daemonset": "cmx3wjy2p4mluh912vhl",
  "dismissed": "863k1hu0b1lmhzqjexzq",
  "namespace": "7k08njsdfqs858xj86bu",
  "alert_hash": "ef1di0h51sljgur08ow0",
  "prometheus": "5wnup49wk507ywktdfxi",
  "providerId": "n4e9mwjgt5dfjniore6r",
  "summary": "28px00iolv6y2my9bvhl",
  "runbook_url": "7atbm3lyj13b8fq0r8ta",
  "description": "A security certificate is about to expire.",
  "environment": "ccohfgid1xhs3vfq54b7",
  "fingerprint": "lee2e2i7",
  "isDuplicate": "oq3lz2i1e4r6liejf8pj",
  "dismissUntil": "tyu3pxx7oprcbxh5qmjt",
  "lastReceived": "e3a1mqxs6h2a1dkpscwl",
  "duplicateReason": "9lkxzeuwuswbh5jiby3h"
}