{
  "id": "zq0qsntm2yugaz7adhx8",
  "env": "qa",
  "job": "gdkagag2367pur81n9ny",
  "pod": "51kexya33ow8sz9l7bxj",
  "url": "utrpi558h4umcrw19f4l",
  "name": "AmazonElasticKubernetesServiceNetworkCongestion",
  "note": "az0fi5rk5pmiiiu1s85a",
  "group": "ndaanbhit2b4ns3fqdfr",
  "pushed": "7zc5w3p47evcz7cjxm6f",
  "region": "africa-south1",
  "source": "xd9x2byb5z5w2chjy3wf",
  "status": "0pcn5gwnpp2u3q9kbho0",
  "deleted": "dmratrvz5mxgvtklm4ap",
  "message": "3tnbyp1o93g7sbfp9296",
  "endsAt": "2024-07-12T08:18:05Z",
  "generatorURL": "73wlzbcwak7vabamf5at",
  "project": "du050q9egvyntyxqypkf",
  "service": "pov4aihiznprb9mth3uq",
  "assignee": "pvikxaf3r8918t5gii8y",
  "endpoint": "ek4lm5mkd9bew2o652vn",
  "event_id": "kzgazpgbv5fkvyzj2vit",
  "instance": "54.32.112.227:18293",
  "severity": "high",
  "startsAt": "2024-07-12T08:09:57Z",
  "alertname": "0ga8wxmaht2umhizmmrt",
  "apiKeyRef": "fqj2bw6917l7519ah981",
  "container": "k50khvvfkhophsycbc3v",
  "daemonset": "fzh830s13mt8potqy0bt",
  "dismissed": "n837yt37anr9kva4abvq",
  "namespace": "oedpw2hhghwwc9crfzvw",
  "alert_hash": "sfg91b02v7no5of3lut3",
  "prometheus": "zcrdc14birpc4mlamog3",
  "providerId": "kgcgy042yt6b8wvw9zos",
  "summary": "sx1naqufl55k8lcage2z",
  "runbook_url": "zcaka2x36zasfc94u7jt",
  "description": "Network is experiencing congestion.",
  "environment": "q55sn3bmeqoug1ibbho0",
  "fingerprint": "52p6y1km",
  "isDuplicate": "i7yskgthcxpkf0h0b0u4",
  "dismissUntil": "krpk30vu1n8zvqza5n1r",
  "lastReceived": "o1gqavcbpcizn3xcymfq",
  "duplicateReason": "hwlpont3f3sp0j3winux"
}