{
  "id": "6lmqqvmjgcu1sayg9tl1",
  "env": "production",
  "job": "getslya0gw5cj3wnd2xc",
  "pod": "xdheug7yryw6x52yvpmw",
  "url": "vy37gkhq9ulhh3lzo3yq",
  "name": "TableauHardwareFailure",
  "note": "st4swwoi09lywxv7ee2c",
  "group": "f5rwka3myzmsdzh6qdle",
  "pushed": "fobhcj0oxtndyzbtucif",
  "region": "europe-west4",
  "source": "4pt293us84i8sayomfxy",
  "status": "9wae2kb6ei7irttd7s32",
  "deleted": "2ox6bevc4p4hkxi9adoa",
  "message": "92wtzygtp4upa2ltw3kn",
  "endsAt": "2024-07-12T08:38:22Z",
  "generatorURL": "85z86pb1293o1qe20td8",
  "project": "36j4t0jq8wtbnkv0c8dd",
  "service": "qpf8s4476nfzhp6er9g9",
  "assignee": "svxa0qmhbc2p2btvwyob",
  "endpoint": "kfh499ltmvjtri4bp04r",
  "event_id": "wqzq5cinumpfbs4euz6t",
  "instance": "239.102.139.236:16863",
  "severity": "info",
  "startsAt": "2024-07-12T08:30:36Z",
  "alertname": "9s0lqgvckhzsb2musyhn",
  "apiKeyRef": "p24n08799dpuwvvz4c1w",
  "container": "1d7arwlkzjryxj4hzepe",
  "daemonset": "wo8um5qeilpfci9zxl6e",
  "dismissed": "8myir23g662j5sws59og",
  "namespace": "d1gdtxnm0pdnt05nxs2n",
  "alert_hash": "0g7iixq65pknx63jhups",
  "prometheus": "ond1oisg3o232pbzeumb",
  "providerId": "q9h3vpwrayts4d4styja",
  "summary": "wfnonkwvh0wnjsy6wh2j",
  "runbook_url": "88od6y6al7s73te7sjqr",
  "description": "A hardware component has failed.",
  "environment": "nk2xczeu90zs4h07r272",
  "fingerprint": "0tbbdllm",
  "isDuplicate": "te662ajqox2ceny3mlda",
  "dismissUntil": "h5jnb24jkae74aulskv4",
  "lastReceived": "3xkvp3sduruszrvg6dx0",
  "duplicateReason": "oi0r1ez9b6wn35bweelh"
}