{
  "id": "pzni9bk4r5ls4eqlsdq1",
  "env": "demo",
  "job": "lfts1ivpwfuk3wpo4lq4",
  "pod": "l9wcfvj4uqjq6kioxtkf",
  "url": "7fdzi1m7e1utht9tytw3",
  "name": "GoogleCloudStorageServiceDeploymentFailed",
  "note": "4ctbrmbtcsfumcaau6hd",
  "group": "oqazrak76vsxy7wqzqhz",
  "pushed": "ctgme2vk36z8ra6g076w",
  "region": "us-central1",
  "source": "43qb7ftaxuozupsrq8aq",
  "status": "5mcuie8q9z91ezjk6zqn",
  "deleted": "vsmfu99ylqqtmvevof5t",
  "message": "36twun1pqvmspgxooafs",
  "endsAt": "2024-07-12T09:47:08Z",
  "generatorURL": "vr6mkwv9hhc8d7oos1vr",
  "project": "sdwnsmx71xht5zird3i5",
  "service": "6qsolxm9da661vi13fnr",
  "assignee": "tn0dmqgsmx84p2xqlaz1",
  "endpoint": "ml76bjizhu9z0hsvs8xu",
  "event_id": "p6a1thv4jnwdk96e9n2k",
  "instance": "124.247.240.118:4778",
  "severity": "low",
  "startsAt": "2024-07-12T09:37:56Z",
  "alertname": "egnbjr9jylcpf4oyd70s",
  "apiKeyRef": "hbypqwjjokdbp1yt6igc",
  "container": "iz3dz9ln9tattho5m8ra",
  "daemonset": "ojk343niek7l5dz6z4eo",
  "dismissed": "grw0c1w75t95xev7q62b",
  "namespace": "56o3dfni5oq2vp7rh6u8",
  "alert_hash": "mncdvy4fjzcvx399vljn",
  "prometheus": "j77cuux7lp3apdtwytqc",
  "providerId": "4kw8hm6l9xkzvq48sxtp",
  "summary": "f7mzbnxs084vilew7h44",
  "runbook_url": "cdu9y6cifu6z33fumdtl",
  "description": "A service deployment has failed.",
  "environment": "ijf9nqnh4jnyoous8ppq",
  "fingerprint": "orlrue0u",
  "isDuplicate": "hn05byv2ls5gbxpjrfr4",
  "dismissUntil": "8mnng0g40ef7yjod3o7w",
  "lastReceived": "xff8u29ng3d0radmpuij",
  "duplicateReason": "r06cwriysnzslu3a0up2"
}