{
  "id": "jey9q3l6b2vbldf56a3p",
  "env": "pre-production",
  "job": "z2tajsgv9c4iixi2x017",
  "pod": "do6uk1gow2c7v13bua6q",
  "url": "hfb9h7w6wxuwigvfg000",
  "name": "TanzuKubernetesGridServiceDependencyDown",
  "note": "607vz6r2jpagbv04xe26",
  "group": "lxhvphdlmo1urpbaailn",
  "pushed": "hdlgpzufr1lx7nn3l1up",
  "region": "northamerica-northeast1",
  "source": "lqh06yk0tbp4otd9ruy6",
  "status": "mjdhi12upghumckwqlu2",
  "deleted": "64txdyumawpz7p5uyh84",
  "message": "2p4xtjk3a0oj4iztpz2t",
  "endsAt": "2024-07-12T09:31:52Z",
  "generatorURL": "1jg5inp1kx65ubmn1add",
  "project": "qybwu2d9mz67pcmzlyo0",
  "service": "a47jr8d6nlpg3nyskgo1",
  "assignee": "vtovb29mf29fhhwlxrbm",
  "endpoint": "irxc3zrl135vgi7k9yhg",
  "event_id": "67ne1ig01fz8yzuistjo",
  "instance": "52.31.16.26:59560",
  "severity": "medium",
  "startsAt": "2024-07-12T09:30:53Z",
  "alertname": "mc33l65p4u1lcskr4fuw",
  "apiKeyRef": "tjts3hijyqttu6gbtirv",
  "container": "3f7t9xihi2fi1qmb0o7e",
  "daemonset": "70i69fl8xg7a50czppzm",
  "dismissed": "rft3q178d47enu6lnc4w",
  "namespace": "i8dbso59rvc7qo5b6dlb",
  "alert_hash": "rillf2gswwh3klvksrac",
  "prometheus": "24d77f9e6lwi2636cf7a",
  "providerId": "goze0rhffdenmgavvtxi",
  "summary": "b7m4dl6sc77t6rofwzxr",
  "runbook_url": "md5t2v3kn895qk27oz9t",
  "description": "A service dependency is down or unresponsive.",
  "environment": "1glx0bjjggye0rimc6bo",
  "fingerprint": "ysbdpir4",
  "isDuplicate": "blmtzfv44v3l11mckbyw",
  "dismissUntil": "kuo4pqeb4kb54v9jm6ma",
  "lastReceived": "t4ww8j0nuok0c6usynd6",
  "duplicateReason": "6avfnf6abt6ne4ci6kjx"
}