{
  "id": "lm9i0xtyzcm00x8zv94l",
  "env": "testing",
  "job": "z5uejmwzcqykhf3a320t",
  "pod": "y0ioc0gnni118p553wpz",
  "url": "xhk35frktrklv143z2qv",
  "name": "VeeamBackupServiceDeploymentFailed",
  "note": "sn3uk4eo2hx4tcwve6ta",
  "group": "qcuxj5xw27ghke6z3cpb",
  "pushed": "cmual2jl529shc3bg5po",
  "region": "southamerica-west1",
  "source": "p6cy121rvmvue6ws9zy1",
  "status": "o1tckwevz8326lqo4xxq",
  "deleted": "zz0teqcrmh21clv27pt5",
  "message": "2dyrml7rsi72xmpstzyv",
  "endsAt": "2024-07-12T09:14:29Z",
  "generatorURL": "71tol3dhsyihk2lhi99j",
  "project": "pciqyulgixr29ibthorg",
  "service": "cg21xp9z0vae03lp664y",
  "assignee": "v8rej6dacykt3k9hjjty",
  "endpoint": "osenyd7h9cm78yw88wq0",
  "event_id": "tvqywolm5rwkuk0ruwcl",
  "instance": "230.38.67.26:30025",
  "severity": "medium",
  "startsAt": "2024-07-12T09:09:11Z",
  "alertname": "7jxmlr3eqcarizohr9qy",
  "apiKeyRef": "jt66pod2jw5iqyotftc6",
  "container": "t1v3ao3jm17f1sg03n8h",
  "daemonset": "w8tdye6jsdvl5jg2oryg",
  "dismissed": "olqh0fdh5rvno6sptytj",
  "namespace": "989jkojigkuzmre0t1pp",
  "alert_hash": "36jut33k2ewipa75ld2z",
  "prometheus": "7wx2mzcfuobilxr6q5st",
  "providerId": "rwgdrjjm97rzdnjxs8g3",
  "summary": "9ok9lu3skpt9av8cekdb",
  "runbook_url": "g2b78yb9p6gi9xxklrbm",
  "description": "A service deployment has failed.",
  "environment": "tu0l124pq1wjslnx0mts",
  "fingerprint": "70ehi05p",
  "isDuplicate": "xwl4lq8duvqbu8yzimr4",
  "dismissUntil": "sl4zpcig4i0309fe10sr",
  "lastReceived": "wnyhqxl8sdf73qp4g284",
  "duplicateReason": "1g2ljsxa9vhg6uej9c6k"
}