{
  "id": "ij8n6nl2cf24a00f4ycg",
  "env": "development",
  "job": "c0agaxws2idlx2p8rbfy",
  "pod": "74q4fkx46k18afnx9org",
  "url": "3i2x2vacsgjh5ogyev8n",
  "name": "AcronisBackupSlowQuery",
  "note": "3vw1xftq59gsucc3j8ji",
  "group": "v98y84mb3lbxmtla8shs",
  "pushed": "jq77jftxtpgp8oslk9fr",
  "region": "asia-northeast2",
  "source": "s2wqpjmoj1hxjhwfhyii",
  "status": "xqqy7i58y9ovhdwvofls",
  "deleted": "6p18rfdbemgmlzomxtdn",
  "message": "ujr7q5bdr5wzrhksibj6",
  "endsAt": "2024-07-12T09:13:56Z",
  "generatorURL": "vmlb7a4trbcrlk3p165k",
  "project": "xl8fzj44msoa2lbxfrnh",
  "service": "hmhqkig3c2wa66c7nysc",
  "assignee": "p0tpooedt1umj1z8jfsk",
  "endpoint": "9jonswmw82gj9q5wfcxv",
  "event_id": "w2n7xb6dz698o1wmxb0r",
  "instance": "153.66.4.42:22908",
  "severity": "high",
  "startsAt": "2024-07-12T09:09:46Z",
  "alertname": "hm4skfod32a3iidwujfa",
  "apiKeyRef": "9pgiultoajny0kxan39a",
  "container": "0cch53dvvmnzbn42mz5f",
  "daemonset": "tguu5o4e6hhu2nbqxms9",
  "dismissed": "n1mq3o0oxcfgpmmmn54h",
  "namespace": "xdm48foumi798mvnl2x9",
  "alert_hash": "j46gvoiw4wi80garnvab",
  "prometheus": "viqy49f9t4lg33jnd5zg",
  "providerId": "wzz8qxsvhudm38aswjar",
  "summary": "jp2rjdy9vmy7z3wzti4x",
  "runbook_url": "20gey38wj46g56ggqi2u",
  "description": "A database query is taking too long to execute.",
  "environment": "1jo479l4uf2a7aoqh7y1",
  "fingerprint": "m3eyi84l",
  "isDuplicate": "v2fu2utdmutyig2lkp3j",
  "dismissUntil": "bum8vlxhkgpz880cnmaw",
  "lastReceived": "gb6s90j8pyjo98ca0ifj",
  "duplicateReason": "bmzn20dtrvxogcrqnejj"
}