{
  "id": "xo33dngdd3dbxqnpuxx0",
  "env": "pre-production",
  "job": "65erod2m5i6gslfol0n7",
  "pod": "of5234kh386qpqj27o91",
  "url": "omyfhrqqfhis80o13snx",
  "name": "AzureKubernetes ServicePowerFailure",
  "note": "nolyfxhvc48y8nucfxou",
  "group": "psur3yzcx5a32glqsxkf",
  "pushed": "ba8yzi0u4c0otwt7603d",
  "region": "asia-northeast3",
  "source": "o6mecpoyyavnz7qxrpec",
  "status": "mqx5emn0g7qtvr4wdioq",
  "deleted": "753fsxcerw48wlx16g5w",
  "message": "2c24iyqkhtd3xt6mldeo",
  "endsAt": "2024-07-12T08:45:28Z",
  "generatorURL": "37ji8vsve6rwlrnctaxh",
  "project": "zfxkxxdq2eqor7qhqs3q",
  "service": "iufhyfxzpck9h9jtuonx",
  "assignee": "myr9oyyv752x0595758g",
  "endpoint": "2t0a2kvw8lcgbvwijtal",
  "event_id": "490p1yr63t122s089a81",
  "instance": "124.247.240.118:4778",
  "severity": "warning",
  "startsAt": "2024-07-12T08:44:03Z",
  "alertname": "kv6ol2nsyyh8ugt29977",
  "apiKeyRef": "bj7lwe82h8gtapsvybzy",
  "container": "2qt5i3nc06kpnv3h0tig",
  "daemonset": "mlau0za1k6ho9pfcx2vc",
  "dismissed": "b3ndkvu4vuz3mzgnlt7a",
  "namespace": "y4c2gqnhuzmvikgnilmc",
  "alert_hash": "mnutyt42rxp5gt0naoz3",
  "prometheus": "k4phqgksl2xpzf1ls49c",
  "providerId": "cbaevywn92tz7ys73pvu",
  "summary": "qgq4aq5vdsmtqp95t85e",
  "runbook_url": "0lysi2y6sra24hpqya54",
  "description": "A power failure or outage has occurred.",
  "environment": "btg68vuturh63nye8o3p",
  "fingerprint": "i8f5lht2",
  "isDuplicate": "4w94f7r1oaaav04pmm93",
  "dismissUntil": "jsuvfb07ohfp1icyw1h3",
  "lastReceived": "f4cemtwkgry5og4p44zq",
  "duplicateReason": "78aoslxiwue42etphjso"
}