{
  "id": "64clmxqaxv65kbjmoedi",
  "env": "production",
  "job": "hpnoj2x4kj9yv76d8dc7",
  "pod": "15i22yxsg0onmqj95v1k",
  "url": "rzxo59a3txa19ewggfke",
  "name": "RancherNetworkLatencyHigh",
  "note": "sda5q1s5kcry4sy3gxbs",
  "group": "iifu7esy5yl4g6q79yts",
  "pushed": "5a1ijpqnh6mmt5hkitsh",
  "region": "asia-northeast1",
  "source": "o2ip49bdoygxq60axr5f",
  "status": "r29vtj2v7nq5vfxw4nas",
  "deleted": "yhs25ec1n4w7nd2b8t0h",
  "message": "8z8d647bnu8okebdut7l",
  "endsAt": "2024-07-12T09:03:53Z",
  "generatorURL": "kz4em8bucvck4srndltl",
  "project": "cjpzq419k9giianhwkte",
  "service": "oqsojaoiyi4so09y5tp6",
  "assignee": "wxxaeq9i3cgdk8yk00dq",
  "endpoint": "6uf0m48a2wvpymjvfduz",
  "event_id": "mjsxdgs5lfug7rn248oj",
  "instance": "52.31.16.26:59560",
  "severity": "low",
  "startsAt": "2024-07-12T08:56:20Z",
  "alertname": "gozl2qkudur9rjb93rt6",
  "apiKeyRef": "506hzdl66ilskcfw7as1",
  "container": "k3d0y6gc8a08b74tb3wx",
  "daemonset": "3eh4bkrxqjop24skrsv5",
  "dismissed": "s60r9m39zf00oqsjayuk",
  "namespace": "jn3yhvyg5oz198nnnyiq",
  "alert_hash": "dx5xmvd4evevs8nwn2sr",
  "prometheus": "3237vntnctbqsfr1nuwd",
  "providerId": "s3v5bocugped4vnkaug5",
  "summary": "ntztaeg4v5929wplneuh",
  "runbook_url": "sx4dqqypmhj5a3276ljn",
  "description": "Network latency has exceeded acceptable limits.",
  "environment": "jlrputnxnn0uiiis6nvb",
  "fingerprint": "7ladajpo",
  "isDuplicate": "1uk16o8z4xfsigv6cc01",
  "dismissUntil": "ia3js13ehogsrckiw4bu",
  "lastReceived": "axs6t3cr53ftyswt744o",
  "duplicateReason": "7e0trp1utvrk2j6qr891"
}