{
  "id": "yqziqia9cn098n5jjmc0",
  "env": "staging",
  "job": "yk05dqqhdzq1os8lwojz",
  "pod": "410l6760lg5hask2sxt4",
  "url": "v53nzg5t3v51tcnunkay",
  "name": "JenkinsResourceExhaustion",
  "note": "vweeafmtmdhuoava72lk",
  "group": "va5nk88ejj6n030iuqua",
  "pushed": "hmidvp75vtm2qida73hl",
  "region": "africa-south1",
  "source": "veumdv52tcp3s4z5zbfy",
  "status": "d20hwrrpi10vhuriru5r",
  "deleted": "x88cy1s20vrxj0pw72ww",
  "message": "unqhot50p4xhxrnxc667",
  "endsAt": "2024-07-12T08:32:17Z",
  "generatorURL": "ciolv8g6p551ly0t7bnw",
  "project": "5xf1t2dj3hcsa31yfyhb",
  "service": "hlw2058koak1vx6lfld1",
  "assignee": "0ybpvqgxnfd193j97z40",
  "endpoint": "4hebvzlevypb5ce4iidz",
  "event_id": "shijsp4nxfgvvt38uvud",
  "instance": "59.246.255.1:5947",
  "severity": "low",
  "startsAt": "2024-07-12T08:22:41Z",
  "alertname": "ucc906ivwxwla9jaz547",
  "apiKeyRef": "l9mp86p7yxbaqhxqgj8s",
  "container": "g38m44qh4cvfjvnalgqx",
  "daemonset": "90cvayut2mczsz794xqi",
  "dismissed": "w5ywa9qa74fn5nbgt4jm",
  "namespace": "rs7oi407lkh41xn5d58n",
  "alert_hash": "4lbi7xp98i9a1l00xn97",
  "prometheus": "qwu900eeoknppr8qemaw",
  "providerId": "1ppfgiap6i1y14vvykd1",
  "summary": "xwcgy6fcwrfye5rrri5l",
  "runbook_url": "0rvcu3qy412u3jvgiupw",
  "description": "A system resource is nearly exhausted.",
  "environment": "gb9edj0cuaf5yd4ljde4",
  "fingerprint": "i8arw94p",
  "isDuplicate": "vg4ima96kmy6wul1ynac",
  "dismissUntil": "zab0c32eoonoenca8qg8",
  "lastReceived": "3rjophb5wizilh1zjcoa",
  "duplicateReason": "1vhp4s20m3crg9s5rivw"
}