{
  "id": "9tbxl689p510xsh8dppb",
  "env": "testing",
  "job": "56vo05tdhvnrtjqu7pqz",
  "pod": "hre002wtqopnwil6x5o2",
  "url": "9k9q6ytxjap4s2uosfxh",
  "name": "AmazonCloudFrontNetworkCongestion",
  "note": "mn7yglgxyidlhrvgd1yr",
  "group": "7v74j0q5f4epztgyly53",
  "pushed": "dkcovgkofbg8z3x77mp2",
  "region": "asia-east2",
  "source": "jr95jsl4n0vz0epqyr4o",
  "status": "0n8k5q769z9rh6zna7o9",
  "deleted": "ay67ujfsnlzh1wdys0ei",
  "message": "td5n7fwl4f84s3vxcqqs",
  "endsAt": "2024-07-12T09:20:08Z",
  "generatorURL": "9e483d3qr12z4y7ad14p",
  "project": "clmt1epc83coj10u26nf",
  "service": "qrgyesm5ps3244ji1zt4",
  "assignee": "lt2ratmgde0uit5sy01h",
  "endpoint": "y8utg1c0zgipokxn1i2m",
  "event_id": "afvdj62ej2h02280u178",
  "instance": "32.140.13.109:9557",
  "severity": "critical",
  "startsAt": "2024-07-12T09:10:33Z",
  "alertname": "2eype6sqaiowpabeguv4",
  "apiKeyRef": "8mtxhlkljtq7btfukhv4",
  "container": "hlpic5rnrism5uo0od5d",
  "daemonset": "b85ko5oi90c7w1oq3fpy",
  "dismissed": "t0j5exmz05v4fcl0f990",
  "namespace": "gns0nuhlxfxyv2y3w820",
  "alert_hash": "o9ro1i4krp3o4hqdjxcg",
  "prometheus": "d0dj2zx5zyqcfh5nawhh",
  "providerId": "eb28k8x5kj6bhx1md8g9",
  "summary": "bc2aa45q7aqqa0t30qa9",
  "runbook_url": "me1l6dhkphz0wvojc0ah",
  "description": "Network is experiencing congestion.",
  "environment": "wpencaodwm5ylkzogovx",
  "fingerprint": "2cafadcd",
  "isDuplicate": "bs63s1yfg3uqxbmrslzt",
  "dismissUntil": "ckczvkyv9ycmrqqznl5c",
  "lastReceived": "giolbakovvqzq24s14bw",
  "duplicateReason": "vywqmntku6db8v7ax9q4"
}