{
  "id": "ly4gmibu9jy8hb56kwg3",
  "env": "backup",
  "job": "wu4sl9i0psquqi80mdlw",
  "pod": "j2wuo44pa8fh7n8i2dn9",
  "url": "siobtmiaq9v1rlueupor",
  "name": "GrafanaServiceMemoryLeak",
  "note": "fdgiaji684lmv7sdb10n",
  "group": "2wmz07gd8q62oumsv2rh",
  "pushed": "0sbeo6bxdxo3rbe7ul8g",
  "region": "us-east1",
  "source": "7nlr37k6azbmm988sp9f",
  "status": "xxltjiu8eaihw6qluawr",
  "deleted": "6wujkv2varvym6a7q8ar",
  "message": "cv9eehuk48xs7g06pobg",
  "endsAt": "2024-07-12T08:10:29Z",
  "generatorURL": "plsvsauerd6v3zelllwh",
  "project": "h2msw6oqqmm5yt7skiz8",
  "service": "vz4lpwtrimse4s9k7nbm",
  "assignee": "7dcmqi98dm4jkzlukq01",
  "endpoint": "l9pfva4o476x0diuij3d",
  "event_id": "c58kd6yqn57d6r6x89ge",
  "instance": "241.246.37.207:28819",
  "severity": "info",
  "startsAt": "2024-07-12T08:05:16Z",
  "alertname": "jhdkt6ihslb42ls8ay7k",
  "apiKeyRef": "v5gv2dbpunztwh6x0vyg",
  "container": "qnu2a37bf5l42nnidmip",
  "daemonset": "b79ywwrl982eo9gn6yl6",
  "dismissed": "j3hp97aeni44jbmnwcut",
  "namespace": "5kye74b5d3lbk2k03yiu",
  "alert_hash": "bgjrmllwrx1ehk19m08p",
  "prometheus": "zck4th27vhruatibztfi",
  "providerId": "tszwvtzziddc2or95tmo",
  "summary": "73ngs7v4ur5l0ejrl6oa",
  "runbook_url": "rahx2ijehevzjb8fmz98",
  "description": "A service is experiencing a memory leak.",
  "environment": "ueshngaawz2d22btku53",
  "fingerprint": "orlrue0u",
  "isDuplicate": "pevgdq0ikczgljkqzpvq",
  "dismissUntil": "45mz2s9u71jo9ptu7gxo",
  "lastReceived": "ua4hjrh5ectajd4qvg5d",
  "duplicateReason": "0604iy3g3vw9a6q92zz0"
}