{
  "id": "3k3c5qp31cjwp99hoalu",
  "env": "development",
  "job": "152l70nokaughr5oxo10",
  "pod": "frbg11djmh7ilwdj349l",
  "url": "48gwelydaae0ir8ax61q",
  "name": "ZoomApplicationError",
  "note": "kh06fi7vbr5j52uchpv0",
  "group": "opeomt42l9zx4iuey1tg",
  "pushed": "wyvsyr7hpj6az5tx9vqd",
  "region": "us-east4",
  "source": "nmeqtpb7shixgu40a8se",
  "status": "acsptyku18pzl7bpqnx5",
  "deleted": "y6031pv8z6k9l23vulvt",
  "message": "nd3qmlsjhu1bg70micd2",
  "endsAt": "2024-07-12T09:00:31Z",
  "generatorURL": "9n0rljp3n3516ltsr9bb",
  "project": "plmzoplsnnrj55t8squu",
  "service": "hl9zum8tma9u1tae9emg",
  "assignee": "2c7p7pgzzcay5d7pfsey",
  "endpoint": "rai3ogat7tz9ghgr2m36",
  "event_id": "b41h4irmqj4hh8gd7jxk",
  "instance": "122.237.172.41:32811",
  "severity": "info",
  "startsAt": "2024-07-12T08:54:41Z",
  "alertname": "34lm27s9b3279jcw4jba",
  "apiKeyRef": "30f6h5lo5ic34rik2hne",
  "container": "y72xd0rv4ma4p4l27s7f",
  "daemonset": "ly7aeooi4jkhjpbxse89",
  "dismissed": "nmwh1moltcdjataemg8x",
  "namespace": "m2pkrhrku5fqzg8tdsob",
  "alert_hash": "alv1em74i25if7g9rxx1",
  "prometheus": "tpstgpgvd2580phr2gjw",
  "providerId": "3qf3jvukgxt1nj31ejeu",
  "summary": "jcsjdv8b7hpr32djxxpy",
  "runbook_url": "mfdnqhdv79m0vvd6s034",
  "description": "An application error has occurred.",
  "environment": "2w2xzjzugkx3wpez7q7i",
  "fingerprint": "zlu86qd3",
  "isDuplicate": "lzbw0huxsqv1rkc429ou",
  "dismissUntil": "ago88flhptz7wnblf3qo",
  "lastReceived": "nwslklvidibsdh5eptni",
  "duplicateReason": "thjf23s7bi5xs0dxjs6b"
}