{
  "id": "976chsbhx319ntpgjumr",
  "env": "integration",
  "job": "cpikqvw6n8693rdtjy48",
  "pod": "up2j7wcv3osj3ou64nn7",
  "url": "s4qvrsd32n5cv0fh9q7x",
  "name": "NewRelicNetworkLatencyHigh",
  "note": "2cm0nbrzzujd2v81e5c2",
  "group": "mu1k11jfh2ql70eywnt9",
  "pushed": "1qkpmsiqu3pqozbf5f4j",
  "region": "asia-southeast2",
  "source": "srtpmizwzzk96bka6tol",
  "status": "y1xooj3ap2gayf322znk",
  "deleted": "tep2ww657bc7cvjeinrh",
  "message": "8az46ean6ydno8mahvy5",
  "endsAt": "2024-07-12T09:42:43Z",
  "generatorURL": "zqvpunl5krr6qj81f3uo",
  "project": "p1ou8jcffd4w6vlddf47",
  "service": "3hb16yvxghvlfwwfaggp",
  "assignee": "cbtg08pxc3bb0hhpu7zg",
  "endpoint": "76z9zicphjmrsu24tnye",
  "event_id": "1digdoiwrgo819k3yw26",
  "instance": "239.102.139.236:16863",
  "severity": "critical",
  "startsAt": "2024-07-12T09:34:33Z",
  "alertname": "34zdhtvvsgwy2urpuifl",
  "apiKeyRef": "bek76k4yi6b0yw48ejm8",
  "container": "u88cpvggedl31ddwytqb",
  "daemonset": "7yugzx7hwx9vft0t6jj8",
  "dismissed": "vptt4k3d69jgf2n2oev0",
  "namespace": "qh9oam9xmd3a4hi2keiv",
  "alert_hash": "z1dy67p11f6jxgadlze9",
  "prometheus": "t03rvq4r4lka8srvzl0l",
  "providerId": "oo7xbmtwyabwz8z7bnx9",
  "summary": "w7e1nyo4t77opjb6vtgq",
  "runbook_url": "84ngsrsrat53m99a33n7",
  "description": "Network latency has exceeded acceptable limits.",
  "environment": "jrj7kh8w523gy321mq5s",
  "fingerprint": "fzvao4z6",
  "isDuplicate": "5ueqkg5v3n28iihzp2a9",
  "dismissUntil": "isuo82r8md3tm5i4estn",
  "lastReceived": "wwiqgoe72n3oeez51yu7",
  "duplicateReason": "8i3d70uj06ojbkhkormn"
}