{
  "id": "dcpp502t7jlu4u7pff75",
  "env": "pre-production",
  "job": "p5jtyh3yadeppvi82g7g",
  "pod": "mtm5e5flys5eg9hv8vgq",
  "url": "nzl9n5jh8vto6cp4ejey",
  "name": "AcronisBackupInsufficientPermissions",
  "note": "0pisfgarjc7503ffhlel",
  "group": "c4yipq16a2ounm12s1y6",
  "pushed": "brec13jx90r9rvgt05si",
  "region": "europe-west2",
  "source": "hmad5s2u914n3ms8ebr8",
  "status": "t1apf1bl4fdb7ef0k4hc",
  "deleted": "69b597f4u3hhydw1u5qh",
  "message": "b6pa5e69ts53qd0amiu8",
  "endsAt": "2024-07-12T09:03:32Z",
  "generatorURL": "ckze5q67f86cktzrpp0h",
  "project": "ble2smn0ozrnpn7jwczk",
  "service": "oit9e5bnilk1d01gtnqb",
  "assignee": "csop7x3z37n6d9j67iz3",
  "endpoint": "wkwbdns1m81gdggdyb3r",
  "event_id": "b812iebtna4suntj6wd9",
  "instance": "222.217.67.204:20807",
  "severity": "high",
  "startsAt": "2024-07-12T08:55:33Z",
  "alertname": "8ly8n24qxtyoqm23tdkl",
  "apiKeyRef": "175xynr16jl2gv1hyvdw",
  "container": "178blriw945cj9kbwirs",
  "daemonset": "i1lj1zvg9sbr7ks401ef",
  "dismissed": "30gvb85b6t6199g2zaf0",
  "namespace": "gqek1px4t2ahz4eyuz49",
  "alert_hash": "ovdhki3kda8z14f8wrvl",
  "prometheus": "4gqrcnxdiu7niymu5sg6",
  "providerId": "1rt1c138ug0g49o3y8ji",
  "summary": "7ugcp8v9xka51k5h0aou",
  "runbook_url": "hbj15xedj5ob3ds4y7tv",
  "description": "A process or user lacks necessary permissions.",
  "environment": "59qi3r2s7cr0lhsnnxdf",
  "fingerprint": "6kyrn8jb",
  "isDuplicate": "283fa1citqpnqspgihzr",
  "dismissUntil": "8ln9na212kt7161tm1ob",
  "lastReceived": "bj1wbk2t4mgpzno0nqhq",
  "duplicateReason": "kzb558ssm90stjaeiebz"
}