{
  "id": "go5zdzlntq1zmt6hmvfj",
  "env": "testing",
  "job": "npj6w062f8hon0jode0l",
  "pod": "hjhdcbqkgs3jk9tpsvzw",
  "url": "txg9kgzq1s557whn6fho",
  "name": "OktaResourceExhaustion",
  "note": "95a6u8mpuzuungu7tl0e",
  "group": "n8dnz7qlz9ohiwcxthcr",
  "pushed": "qpb3r1e4i1uow88toxr8",
  "region": "us-west1",
  "source": "pw8zlgecdwrc2bzxaxyr",
  "status": "a4bx7c8v1h6ja1ajjjp4",
  "deleted": "lorka5jx1a44itiogqt4",
  "message": "oz6ri14jbb99ijhass1q",
  "endsAt": "2024-07-12T08:45:31Z",
  "generatorURL": "0cyg34x2biep4eavfsx2",
  "project": "a1p80he0nzxpda6h6wvy",
  "service": "wrozlqv2a6xez8gm2wgp",
  "assignee": "j06i69dksvyfphkqzx74",
  "endpoint": "4xp74ep0sqzze6cm8ae2",
  "event_id": "vrgjd7tk8l8d4jiacrvm",
  "instance": "66.144.112.110:29695",
  "severity": "high",
  "startsAt": "2024-07-12T08:36:19Z",
  "alertname": "kq19qhvbqblq5j0xr6tc",
  "apiKeyRef": "80mfcn87j3gf15nsazzg",
  "container": "kuju9g55o8hrygzu98ab",
  "daemonset": "ncjdlf4szrk2oijwhijq",
  "dismissed": "zz9yri8jquj5lhfn3slw",
  "namespace": "8epg8xgiek8ptb8q4ti7",
  "alert_hash": "wlthdi45vvekhpbnvid3",
  "prometheus": "wcstyqutoqnh7wsvf0zs",
  "providerId": "83ukjrqo4v31wtx6bhiw",
  "summary": "8qsppmhjhzx0ol4t5y96",
  "runbook_url": "pq3j8hs6ki2hli1q5bln",
  "description": "A system resource is nearly exhausted.",
  "environment": "dh91sllgz2lx3tns44oa",
  "fingerprint": "7def0i5m",
  "isDuplicate": "xv903h3wdo6pz557ve6c",
  "dismissUntil": "bgwbw3jsc9v82yd4qoeh",
  "lastReceived": "rggtvmcrwbwk0y3nm29v",
  "duplicateReason": "ibcdxtnybzp85sdcbs4w"
}