{
  "id": "7gdticzzkc9twujd9leq",
  "env": "backup",
  "job": "gq4ql02evyeems2tri9g",
  "pod": "obt1u96ucd65vmqnjmv4",
  "url": "w5x2f86k7pkehsozwp5y",
  "name": "TableauHighErrorRate",
  "note": "oekmie5g4xqrqap0v2a4",
  "group": "4nj1lkyujrdgdmpkah2k",
  "pushed": "27dts8al3ycy1rt4xups",
  "region": "australia-southeast1",
  "source": "ks7ud5cmtdxaorfsgtb2",
  "status": "k015c2lsaezndiqxpq4m",
  "deleted": "hg90knb5wnsu545vg653",
  "message": "crj0g8yz749hpzpkn7v9",
  "endsAt": "2024-07-12T09:35:48Z",
  "generatorURL": "47h6ykxx9oog6dwlgsbw",
  "project": "h21stvo3jr451cgr4yfg",
  "service": "9l1mgi9ccv6unwauz4a8",
  "assignee": "l2ui5c5vfc76dldhee6d",
  "endpoint": "2ykw27s6tie69mqdq5s8",
  "event_id": "5i5n6067g7g7x1hm8ppf",
  "instance": "155.134.50.157:9960",
  "severity": "low",
  "startsAt": "2024-07-12T09:31:13Z",
  "alertname": "1lagh8vtze7piyquitim",
  "apiKeyRef": "9fhglm6j4qebhsk756jj",
  "container": "kfkdg1fygdlf3bdequgx",
  "daemonset": "d5xl8velxylzqs2opy33",
  "dismissed": "dha8js8bechfx6a1q6tv",
  "namespace": "v41x9qtki9oqdy58enh0",
  "alert_hash": "o60r76ktz9if7fb9ta04",
  "prometheus": "v2qjmx70w6ehpbgrqi5z",
  "providerId": "lx5o7c1bnkl1q26guvel",
  "summary": "8zssyc0has5cghc7w5sx",
  "runbook_url": "mjir2qm8t5j1yn6m1er1",
  "description": "High error rate detected in application logs.",
  "environment": "54xncd4qlgpewpos3ujt",
  "fingerprint": "qmub5b0z",
  "isDuplicate": "d43opvepreo6i7d6lp9z",
  "dismissUntil": "0p6s20l8fiw56zk1a4yf",
  "lastReceived": "qqcz0vwhw842xfg2qt9x",
  "duplicateReason": "qw19qtbyy6kynj7ognsu"
}