{
  "id": "on5vjyw7e3c5hs96m625",
  "env": "production",
  "job": "cjm6vykxpz2lsksrxh9t",
  "pod": "c0vngfxphibeh74q29c7",
  "url": "j6hcan2y9ko9i0f9nd6m",
  "name": "CarboniteFileSystemCorruption",
  "note": "j5wkig4kgxdavs1yik1t",
  "group": "9wkei2p8d6w3efgjw48t",
  "pushed": "bf1r8dv4xk4rlngk62ba",
  "region": "asia-south1",
  "source": "yqlm99b4jpv2npoaona0",
  "status": "94okc5reo02kblly83pu",
  "deleted": "mmjcfzj1nuco7a5xank4",
  "message": "ycsjmjghwwtlo2fis9wc",
  "endsAt": "2024-07-12T09:03:47Z",
  "generatorURL": "qnjbs7kyfovyhma709sy",
  "project": "pa3wej62bzpz2ooj1lp4",
  "service": "4qel39r8eomed33iyetf",
  "assignee": "g9bqig8ms4anmalggijl",
  "endpoint": "l2a4lkwiqmee8b882kcy",
  "event_id": "d0do5p30aj2s5x2vktmj",
  "instance": "240.83.87.126:21420",
  "severity": "debug",
  "startsAt": "2024-07-12T09:02:07Z",
  "alertname": "my7fwydf52mta7v1tdcm",
  "apiKeyRef": "v6u1rttkti232k9i664m",
  "container": "yg92vzqurkd5bjswousm",
  "daemonset": "01m1vqv7mtesinbaeqpv",
  "dismissed": "nh2af58u76z4whb2vf4x",
  "namespace": "ot9q0s3jcu378hhup7g1",
  "alert_hash": "zd4nxu1c9waujm9wjyyp",
  "prometheus": "9tupp6nugfnzjgeh53vv",
  "providerId": "8yptkx1loe1vksa1qi42",
  "summary": "ezmgxtpcme9eo7yibuym",
  "runbook_url": "ba8psjdjxza0aebuyi5l",
  "description": "File system corruption detected.",
  "environment": "u1u4e0ywg8g15gpr1ifo",
  "fingerprint": "ojvsw0i0",
  "isDuplicate": "kcnejgqsc4l9t9aaz0qd",
  "dismissUntil": "b9nklnk30wvi8iptb4w7",
  "lastReceived": "ll4qibpkpxyn075q6c3z",
  "duplicateReason": "sr5q8cil5ih17qo5uqu0"
}