{
  "id": "r5lztupr00lvc2vlzzvj",
  "env": "testing",
  "job": "ca954bldgc9bbmzbt4y9",
  "pod": "rboa2ct3me1i19t7eefn",
  "url": "op1w002emwktf9cx1bqv",
  "name": "AcronisBackupUpdateFailed",
  "note": "dd4vyj06fm39t43xps8r",
  "group": "tgeus5insuhid88h8o01",
  "pushed": "4zc2vt7jfmyuto2r8x5p",
  "region": "us-west4",
  "source": "s0s71i7x5pt3f06zx7to",
  "status": "a39lrn38o03drkgjnc3h",
  "deleted": "ehwr3j6py9ygmb6rfiwx",
  "message": "n7degv6xgnzg5h65i769",
  "endsAt": "2024-07-12T08:30:05Z",
  "generatorURL": "yprf7cm769cbgr33j5qy",
  "project": "q9tf85gh0s0cg2ymsmb8",
  "service": "rj0y9ut4a3mznxv6l0fc",
  "assignee": "miyd56otgt74hg3a3win",
  "endpoint": "yzblg3kcrtqphwuxd8h9",
  "event_id": "tab0f8sov7e7gkanz50r",
  "instance": "62.183.212.134:55986",
  "severity": "low",
  "startsAt": "2024-07-12T08:22:58Z",
  "alertname": "fjykqgy903pn5w3u6upy",
  "apiKeyRef": "y3qecsyjsu7ws2lx2880",
  "container": "5bua37jck9n8h806r316",
  "daemonset": "d64lz3zxj0ygrbikg67u",
  "dismissed": "73o5ayh0uyvak5gxgnsh",
  "namespace": "nl9zsul2fc2t3fdupohj",
  "alert_hash": "fpni0gs9ihf4sckii430",
  "prometheus": "k07hs82sfrao1tei8cq1",
  "providerId": "kgknjtl9m4dt60stawq2",
  "summary": "gz5pyhseke2ypgb1p8tu",
  "runbook_url": "b2mwim8ok2j7gnfnrjla",
  "description": "System or application update has failed.",
  "environment": "y8wybqo9lxa98jxy4fkj",
  "fingerprint": "e2urdfxw",
  "isDuplicate": "3mpb306dv1w6igdektvi",
  "dismissUntil": "le4kqusr7sl6mrp7memv",
  "lastReceived": "cqwmf4xg3g3nnhwyoi49",
  "duplicateReason": "xbogjb5p3d8txsu0mreu"
}