{
  "id": "5bza5ycrl6pz7y3193br",
  "env": "sandbox",
  "job": "f963b8uesqcat6gww1ny",
  "pod": "0t01mrbap8a6ox25nu5b",
  "url": "7qgidx2lhdd4hsr3a6hh",
  "name": "RubrikServiceDegraded",
  "note": "lbgid7uimg32tzg1hal2",
  "group": "dwi02zxrcu2gsdxwyw79",
  "pushed": "qgsllc5iir1nhchy64zv",
  "region": "europe-west3",
  "source": "w3n2qgu9hs5d9cwbdxuc",
  "status": "m73fwgn8fq1pj8ugjjem",
  "deleted": "fs85xg8kogymc7zva333",
  "message": "0hfvjnue1ls6jurdgpns",
  "endsAt": "2024-07-12T08:44:55Z",
  "generatorURL": "5acnq1d3at1h3uww2l9s",
  "project": "jgbxg9a7z0jkx15hjtjj",
  "service": "9zmckaz0otxdxgvvnre4",
  "assignee": "zjctucnlf41cluhfyitq",
  "endpoint": "9yb4zdroewopzfysdpgf",
  "event_id": "goh7fpggrxjo8s3qvc6f",
  "instance": "230.38.67.26:30025",
  "severity": "debug",
  "startsAt": "2024-07-12T08:44:52Z",
  "alertname": "lk7ay89uzb88inp0wiwm",
  "apiKeyRef": "6gzsvhe77aiwi64frgic",
  "container": "fn55v783p8wqr917gj19",
  "daemonset": "yfuxbz0rwokrr7ljmqg7",
  "dismissed": "r1j680cmwesceqxoc177",
  "namespace": "ezwz7t3tbwv9ee7o21ho",
  "alert_hash": "diqs0j0w9nx0dlgwyrig",
  "prometheus": "2joijod31pb9e7bal6hn",
  "providerId": "6o5bhgryji3doxeuyxn5",
  "summary": "ms9fovud0kls4g0ompl5",
  "runbook_url": "ubdxum15wgc2fq6sa2wf",
  "description": "A service is running but its performance is degraded.",
  "environment": "nyjtbn4n7lmj1iac8rwk",
  "fingerprint": "itdaxil2",
  "isDuplicate": "j4msgj0wvzjte4xs2kft",
  "dismissUntil": "qbpgov0coebg6p299sug",
  "lastReceived": "f057xkshtcqvpa80nvxg",
  "duplicateReason": "8c1mcgkmqpv67ddlo4iu"
}