{
  "id": "ejcw4hci2rknakhxurwg",
  "env": "integration",
  "job": "b318n9j86t0zejqbz0hd",
  "pod": "e243qol4gqe1fprn5z10",
  "url": "z57c2ozzovp2gtb4n786",
  "name": "LastPassQueueDepthHigh",
  "note": "v0oosly7gjj0ykp2vsxk",
  "group": "rfdtl6n4zrl6e7luvckl",
  "pushed": "fn2pr13c22g54wrxvdo4",
  "region": "us-west4",
  "source": "7c8ls35knyrbp0uif2ef",
  "status": "okr7szupcgviuc4i33we",
  "deleted": "nzp4du4wwye4gxkol2o7",
  "message": "1hrtyllogk1j9npeh9my",
  "endsAt": "2024-07-12T09:48:08Z",
  "generatorURL": "1hgbpdxcj7m4recu227t",
  "project": "36lma7l88tx474ifoby4",
  "service": "67f6x3dlbe6a6in0jp0t",
  "assignee": "f691z158yq01mfq5ajdk",
  "endpoint": "90cpzbc3jcxwchlh4rlp",
  "event_id": "9nuk2omag6p97ivdoucl",
  "instance": "26.204.99.161:17002",
  "severity": "low",
  "startsAt": "2024-07-12T09:47:44Z",
  "alertname": "oi89cj4qh2mqsu1cbh03",
  "apiKeyRef": "mswuxctp17h5f0mje0tu",
  "container": "ffn9royc4zj9jiwha6o1",
  "daemonset": "dop5web1ex6hvy8dxhm1",
  "dismissed": "xvumoosjljzvyy35pti9",
  "namespace": "ekxkioy36xb8md1sdbt3",
  "alert_hash": "uohq1coot59e8mx24tq8",
  "prometheus": "5efehvq21jyd8zjdwodg",
  "providerId": "2d3dqlheffdbdgtz6enf",
  "summary": "wf6k3xcn87agbvxxew71",
  "runbook_url": "p9tnepr0mockcvk1kt1q",
  "description": "The depth of a queue has exceeded a threshold.",
  "environment": "ruayllv2olu7gq8c7lo0",
  "fingerprint": "22qqfmtp",
  "isDuplicate": "r98yhztfhhxjzuo4kwo6",
  "dismissUntil": "zgft6rkfiwsqlaueydex",
  "lastReceived": "um1h3zae6qp15p6kujf8",
  "duplicateReason": "eeuqmj7e7rwigmgjdba2"
}