{
  "id": "b76g1vpgtmpxv8g0juja",
  "env": "qa",
  "job": "8opelzantat0v0ek76du",
  "pod": "6fslfttk1y3vlv78ilgd",
  "url": "3mwdfzvofa99iiv6rwli",
  "name": "RubrikServiceRestarted",
  "note": "hst4kdau6jlgjvknqxxj",
  "group": "031kq4wbn1cof5vpidv2",
  "pushed": "u2a3gw98dlh1dsm6rawj",
  "region": "asia-south1",
  "source": "0xhg4r0g1kr638dlvyx2",
  "status": "skbq3bib816v4ioy33z8",
  "deleted": "p18m9fp2y8cbi9w7nzmy",
  "message": "jeisoz1cembhve2g4svu",
  "endsAt": "2024-07-12T09:05:26Z",
  "generatorURL": "z01m87ia1php46dn4zmj",
  "project": "9tlg2ol2l0arepl7ukzz",
  "service": "opapbcou4m1kiyn9ouyj",
  "assignee": "llbzcmo3rhux0xn4puvv",
  "endpoint": "qpf1u13i7vdnptt304uw",
  "event_id": "xwirmm0w7yak83x5toq4",
  "instance": "124.247.240.118:4778",
  "severity": "warning",
  "startsAt": "2024-07-12T08:55:50Z",
  "alertname": "4x9da3c3kzwi88sx859q",
  "apiKeyRef": "rmom3nh0zcqtsxaqqp8l",
  "container": "wof12pc9xrw14h3wji23",
  "daemonset": "d4asgn31hn0i73ihxgbk",
  "dismissed": "hjxcp06qsbne834hh7pk",
  "namespace": "07oh9go71iq8vj21tw6k",
  "alert_hash": "2vi9y3yrbs7ct3mq1phg",
  "prometheus": "8bg74yqta9bozso88ynp",
  "providerId": "dc4hzd1g31reclg7zaxu",
  "summary": "8oqw1h0t030jrz3cv8rs",
  "runbook_url": "jht3f27gol5g74sj31lt",
  "description": "A service has been restarted unexpectedly.",
  "environment": "itl9dlvsahq86xvsdiju",
  "fingerprint": "f7enffkh",
  "isDuplicate": "rr39mjyzu2h0ul2i2c5v",
  "dismissUntil": "lab8biqnnoapfna4kxa8",
  "lastReceived": "ekg6a3n2ixxnyb169tlq",
  "duplicateReason": "xg8iw8drq6t26l04pq61"
}