{
  "id": "dw5wsmoxoolmvt4yt8ha",
  "env": "development",
  "job": "nyefry345wftmyx9wrab",
  "pod": "pym5cy6oycax0k8hsk9t",
  "url": "tr59kcsmqvagkirv2a8o",
  "name": "KubernetesServiceDependencyDown",
  "note": "1fse64unbcqx0s2z2k1u",
  "group": "5na43f46vs934jknagdv",
  "pushed": "b9e3ywmo42ps9q2twjn3",
  "region": "europe-north1",
  "source": "3kgp1kku62uc2ig6yuql",
  "status": "2vtsoiafoxkecbuogd90",
  "deleted": "ph2p0ydvsbzj4ft0vvcp",
  "message": "qzpwc4msxfo9m3g4bmcr",
  "endsAt": "2024-07-12T09:56:25Z",
  "generatorURL": "mni9ukogf91zsb431ur3",
  "project": "j90ewvsp2qx3abb1g8kk",
  "service": "9om39ckx4yey9p3y3qpe",
  "assignee": "g69xfimgkcqioqz3kctf",
  "endpoint": "cravlslni7s06sfzcwbr",
  "event_id": "3bp5i8uwr2u5psay7w93",
  "instance": "144.169.241.66:34704",
  "severity": "medium",
  "startsAt": "2024-07-12T09:47:08Z",
  "alertname": "yxmw9ubiup2g8eujvs4y",
  "apiKeyRef": "hkrxm21fkmq8e7m57zlx",
  "container": "xu3pplf9wr4ckhdjac7s",
  "daemonset": "tazt8ps7gypxp7wgtfe1",
  "dismissed": "7rmydgnc8pzkvdn43f5x",
  "namespace": "0dyw60osrepa971u90bv",
  "alert_hash": "mtqmrt155lx63o6vr4wl",
  "prometheus": "pn8v2r5svf9vl1spobxi",
  "providerId": "q60vtgm3gz6zahrxf0nb",
  "summary": "io5k14vff9mqelfaotmd",
  "runbook_url": "1mgromoqq61tu2itmx4w",
  "description": "A service dependency is down or unresponsive.",
  "environment": "n5j7ow8r2ighe6fkijhz",
  "fingerprint": "2kyyi5i2",
  "isDuplicate": "lrur9ih3wuk8vy9dqwq6",
  "dismissUntil": "xivmtpprj759eeq85wn6",
  "lastReceived": "5rdwt3fxar8qybhm89u8",
  "duplicateReason": "t5eu67q6sveoh803i6fq"
}