{
  "id": "uyof1lmnx5j09u40nnk3",
  "env": "staging",
  "job": "q8s8tr51rrn37iq2ijor",
  "pod": "10nf8wdzpp9zs3d91wbu",
  "url": "e00j9fia45l8ducdn5lr",
  "name": "MicrosoftAzureSQLDatabaseConfigurationChange",
  "note": "5g46p15svw8r3zqbx7q1",
  "group": "vq6zskf1spr33wkluqcc",
  "pushed": "hmy4x3ydqr1duhnmd6f7",
  "region": "europe-west1",
  "source": "v95ep0trksmz9c7rogvy",
  "status": "4mfepia4psalbnqlqvho",
  "deleted": "z5wkevdmwssa3h2ie5vb",
  "message": "papseduum0g3oirkprb5",
  "endsAt": "2024-07-12T09:42:31Z",
  "generatorURL": "xl0j7wmsxqroc5cf81cg",
  "project": "6ttucobpbb72w08m6zhz",
  "service": "zbyv4wvb5ao3bkkr6akb",
  "assignee": "h0qzffj0yz9mt9j2iggm",
  "endpoint": "extljmd4rmhfiq91n2g4",
  "event_id": "nlafuoga6qkr3qbbx77q",
  "instance": "222.217.67.204:20807",
  "severity": "high",
  "startsAt": "2024-07-12T09:40:58Z",
  "alertname": "qqvrtumxdexnev03usyz",
  "apiKeyRef": "fmmemj6tuo9s3phqr0x3",
  "container": "89i95m6u6hgyak7f83nh",
  "daemonset": "4o6nztbfc0wdhlr5oxfr",
  "dismissed": "b5htxyij1oqz8xqm6ccy",
  "namespace": "c16aphimfbndp3vfy5hs",
  "alert_hash": "spp4gojhkjc4rysbjt3r",
  "prometheus": "3ab4hz69v9zb9a1ybqfs",
  "providerId": "ka0pir0s9ccnn8j76jbb",
  "summary": "cltymixvilh656gg13ie",
  "runbook_url": "9rk2mkqf3exbbwakftv0",
  "description": "A critical configuration has been changed.",
  "environment": "epzfxqe0kv92wzwbv7s3",
  "fingerprint": "5of2hfiy",
  "isDuplicate": "tbv9hketn0lv5mm9oq6d",
  "dismissUntil": "qpbf017p6cgw3hqjqfhf",
  "lastReceived": "oj45tcqw4zcoxuazh9he",
  "duplicateReason": "otj2o94i1uefq0bg1ipt"
}