{
  "id": "06b06btvicjbhadn2kda",
  "env": "pre-production",
  "job": "6ldu954zcyyrhzh1vlqx",
  "pod": "8n9h8c1eiu024c0ebukw",
  "url": "pvn1nntpf6pn0dfat50q",
  "name": "GrafanaInsufficientPermissions",
  "note": "raim5p8wpfjj5z28jvqm",
  "group": "h8pfdhk1to1j4n36ktnv",
  "pushed": "0iqcnwrjzbo7a7anyb5v",
  "region": "australia-southeast1",
  "source": "gexnscujq5k2348qpwd7",
  "status": "0md0qecnjyz1ghnph385",
  "deleted": "27tf9qxtxicb2ykcvrwp",
  "message": "nqqny1xvo8yo43p6wsqn",
  "endsAt": "2024-07-12T09:04:43Z",
  "generatorURL": "7ofcwkl0ow0zhiigkqwg",
  "project": "krdfv4m7nz0ghixnsa7w",
  "service": "9kl6221x0xijjkdgel23",
  "assignee": "tk3x4e73vhj4dr5ru06r",
  "endpoint": "m7u2b3vsle2zg834vs19",
  "event_id": "wsnd03gy9kjaybwbmitf",
  "instance": "203.220.181.212:36917",
  "severity": "medium",
  "startsAt": "2024-07-12T09:03:07Z",
  "alertname": "za9kwbws40pi819yygio",
  "apiKeyRef": "86xxmbyr7nvdqnxosk16",
  "container": "lmkyay83egujfv0fosg6",
  "daemonset": "m6p4dd5nlad1efqcgy3s",
  "dismissed": "zvu06r2tkvxbun0kvvpn",
  "namespace": "hem6ghfovxxqaeddj0zt",
  "alert_hash": "suussbe23h8rfwou6q0p",
  "prometheus": "7uey5issz0ou3ljv1exm",
  "providerId": "5pluijwryp38c3ir8n90",
  "summary": "chsrxzs3ripy2235kiv5",
  "runbook_url": "g3zvb9vu654t40m6raa0",
  "description": "A process or user lacks necessary permissions.",
  "environment": "nvgb5zg0poopijv5lw3r",
  "fingerprint": "t9ix8nqs",
  "isDuplicate": "6uykcdo0id7vzkpe101j",
  "dismissUntil": "kw562ji3z3az0wj2t26n",
  "lastReceived": "770erws0feuw1j4e547a",
  "duplicateReason": "rw98l3vwxhgs9ypimi7y"
}