{
  "id": "i8vli6w6ztxbuibmmrqu",
  "env": "backup",
  "job": "vh6119kk1i7v61l0lx23",
  "pod": "fwkbsf0pq8k0x9k0z7jc",
  "url": "ur7jmotqblganibvx9ia",
  "name": "TableauMemoryUsageHigh",
  "note": "2jp0lhbk986j7d5t0a4v",
  "group": "721db794wjtg0n6xm0ey",
  "pushed": "mutljramf7fv0nd4n46s",
  "region": "us-east4",
  "source": "pmmzyc8ow0x0798emz0b",
  "status": "cbs933e5oykhxgdfmyfh",
  "deleted": "snpr0y80sxjic6qqgn69",
  "message": "qs52bb9lfqkvcay9h4an",
  "endsAt": "2024-07-12T08:59:34Z",
  "generatorURL": "v95s075kpvmbrymcea34",
  "project": "4cerrvo3qeqmka91tgml",
  "service": "ou4z1k0gs3vypkypau57",
  "assignee": "pv30st0w0izxgn7h5z6k",
  "endpoint": "sn1a9r846m5p940c61bt",
  "event_id": "al9drtvrls1vob4oxigx",
  "instance": "59.246.255.1:5947",
  "severity": "low",
  "startsAt": "2024-07-12T08:49:52Z",
  "alertname": "jg6063iw5fyme0knl82e",
  "apiKeyRef": "2wye9phxzfkdjztv7tkn",
  "container": "abphof1mjrq0qaq6mwwm",
  "daemonset": "cj2tq5jtddo159uox93h",
  "dismissed": "u906af3rkptj7uupax55",
  "namespace": "wmsap1iiapp8q58whdx4",
  "alert_hash": "ez2dl4ndj3jve6525lom",
  "prometheus": "kf69z04pz4oh9kq34u3w",
  "providerId": "vad2ethqhjq12otyaybk",
  "summary": "vr7z5e6f0eaz72m0956p",
  "runbook_url": "lvm1n4hj1xky14fl7mpd",
  "description": "The memory usage has exceeded a defined threshold.",
  "environment": "4n362z7f3y4qmz0k0sh4",
  "fingerprint": "a6unqtbo",
  "isDuplicate": "teysr5qynaam0t3rhzd0",
  "dismissUntil": "6tmyqgtmirub3cned4pr",
  "lastReceived": "5esfw5s9immt5louitgm",
  "duplicateReason": "tuwq5y30jwngrkwdk6e2"
}