{
  "id": "ix70iuj4vndxxgoydx2u",
  "env": "qa",
  "job": "j97aeeou31sr76l2pldb",
  "pod": "56ynm84cnhf9y9475m0e",
  "url": "vjazwbfo8i3l8gtx8n9b",
  "name": "TableauServiceDeploymentFailed",
  "note": "76ysx50o5wql3qpyij3o",
  "group": "2xg69pggos5vgzi9hie4",
  "pushed": "qr71z0dqsjg4e8fx5smy",
  "region": "australia-southeast1",
  "source": "azv39n2g8ez7r13ua6x4",
  "status": "78v6uek08euzle3gr92m",
  "deleted": "9zb660dqn969foma363d",
  "message": "9xkldalpocaa237isara",
  "endsAt": "2024-07-12T09:06:21Z",
  "generatorURL": "qmdupyp3yhsul3myr7ww",
  "project": "cucbb2awdmgr0ggzwr5c",
  "service": "xtel87iebp3af5gsbkgy",
  "assignee": "uzmjt8ed5b0j23js3uzc",
  "endpoint": "mipqxsmdy7voglomshqa",
  "event_id": "7cqsbya8y4fkklugafv9",
  "instance": "53.145.86.9:46832",
  "severity": "info",
  "startsAt": "2024-07-12T09:04:58Z",
  "alertname": "j7y8o6o4d1g6i3i26gxr",
  "apiKeyRef": "sti7t9r1m4hkusqpm3cx",
  "container": "8katiihks1i9hnmddcjv",
  "daemonset": "lwwsv8irjojayrmcm70q",
  "dismissed": "008tso6odudu3sabnsup",
  "namespace": "crc7npn38j9r3oe6vxh4",
  "alert_hash": "vw3evcme7p5rqka1utz5",
  "prometheus": "bw2qmrfpukkoweanyhjh",
  "providerId": "l4jcjsteeqkuks5x885l",
  "summary": "l35s5l8uyugs5sjdeql9",
  "runbook_url": "ackbur6q6btu2v0cx6cd",
  "description": "A service deployment has failed.",
  "environment": "q40ke4z5f9l5sq94zn5v",
  "fingerprint": "kazwqgkh",
  "isDuplicate": "6e222ahzluo2p81fy6p7",
  "dismissUntil": "0a7cx5lsscd2ss5n0ohs",
  "lastReceived": "xmulziybjoqzutl8ux4u",
  "duplicateReason": "caxij3uw1bter3qxol7g"
}