{
  "id": "nhfhdvojz4v9f98o7ano",
  "env": "development",
  "job": "l8qxihhii88biv8s59w9",
  "pod": "hxpni4ixmwhhrudfjoa4",
  "url": "umdo9tiqs9sx7t50n8yg",
  "name": "GoogleKubernetesEngineConfigurationChange",
  "note": "8s06ewouh5c0shab5ffe",
  "group": "w402dna20bkdd4xfsmez",
  "pushed": "tj0pif7cgxqfmhhcjjyt",
  "region": "australia-southeast2",
  "source": "tt5yoz70daccryrr3khj",
  "status": "da2yb1t17tf45k3316n1",
  "deleted": "0jqifrfjpz8aeqfiyjl7",
  "message": "mjnh6lcrdxr08z0u2vn9",
  "endsAt": "2024-07-12T08:19:30Z",
  "generatorURL": "yxkie760omqqg1hmbrty",
  "project": "oq2jp4dw757rfk6iut3b",
  "service": "scfg7013fuc01ipbu7ti",
  "assignee": "z1sr7fin8wyfmc9shxuv",
  "endpoint": "2hil4nn5huvz4f4c1cri",
  "event_id": "7lbf5q2xn9qdtvx2k2s3",
  "instance": "222.217.67.204:20807",
  "severity": "debug",
  "startsAt": "2024-07-12T08:16:35Z",
  "alertname": "41go3gyf5p4ed6rvzhdf",
  "apiKeyRef": "esgowf67lumwruapnh7d",
  "container": "j9avjmek894pauu1nxxv",
  "daemonset": "ui4vetl5agmz3oul3g9a",
  "dismissed": "oi8sdbukm8dioy73ha9c",
  "namespace": "egrzrn2r0dx2zmiptj0m",
  "alert_hash": "5zx4rvwo6bonsw58tfbz",
  "prometheus": "gdit1n0x5ofbcs8bdv42",
  "providerId": "8q5in21j7qkrnh1scyaw",
  "summary": "s2i1rkvdwrqvjmxishp0",
  "runbook_url": "siw4hqv0twrviad8f5rz",
  "description": "A critical configuration has been changed.",
  "environment": "vksvq5vhk394h643r2fi",
  "fingerprint": "svllwg8w",
  "isDuplicate": "s5dbkj58d987fg7x5o6b",
  "dismissUntil": "jmmb02h2kylljrrympdz",
  "lastReceived": "b0vyliao03ig2v707s2u",
  "duplicateReason": "pxlihbc9alfgmbpdukwt"
}