{
  "id": "yvhmxwn6p59p1cg7lqpp",
  "env": "sandbox",
  "job": "2ldg15gwhgf45x0bzxiv",
  "pod": "osilxau3bbswo3xmceuf",
  "url": "qodumix6pia2ggz6xph2",
  "name": "GoogleBigQueryHighLoadAverage",
  "note": "3ux40y555sipcavmasmg",
  "group": "kyjy8m2bnpag4xcp7mmy",
  "pushed": "qz70j46s2ma8xlhkuh2v",
  "region": "australia-southeast1",
  "source": "ntu8l7muk1g2oaxz4duu",
  "status": "95mim5lylr6jckb4u155",
  "deleted": "sj6dp1wjojqhn0e6tjdn",
  "message": "dtc417ucpciojpgfax2q",
  "endsAt": "2024-07-12T09:39:29Z",
  "generatorURL": "bf4t21zwcfrpgey3ijm3",
  "project": "dfpztysxv7zzbpn1jfn0",
  "service": "ne74ym7me030mkqnv8yb",
  "assignee": "q2jw5jpwbj42m64zkm1g",
  "endpoint": "5m9bpthxae20os2at5nc",
  "event_id": "q7qzhs78zsbp5cf30ynk",
  "instance": "54.32.112.227:18293",
  "severity": "critical",
  "startsAt": "2024-07-12T09:37:08Z",
  "alertname": "5qrzicdfc9hgtv3m5yug",
  "apiKeyRef": "i5zcopgq5cbcmoqhf9ly",
  "container": "64w6rfq91hftum1xmqmk",
  "daemonset": "2g3uts2oxcxngjs5kwzm",
  "dismissed": "30z02y2rwe7z9uhy1wl5",
  "namespace": "ttehrfgapl5o7gdifq7x",
  "alert_hash": "kdnievv4krin77g64va2",
  "prometheus": "2lw5ej5mi5jx0nb2wikr",
  "providerId": "43si9ealqzg306ropf8f",
  "summary": "6tw1mqlzqfd8pelj5uhk",
  "runbook_url": "e2mj7fkopx9pngkn55y8",
  "description": "System load average is high.",
  "environment": "qm1gosrzrpuz21kyfcpa",
  "fingerprint": "f5wns7b8",
  "isDuplicate": "tirr3jbi57xbl0t9rokl",
  "dismissUntil": "hk11sxzkilem2j5wffon",
  "lastReceived": "c3nwdemjn92vowfwmsmz",
  "duplicateReason": "ph3v2crl993w8rq9ip2q"
}