{
  "id": "8gf7l79v0enmopfcb9w8",
  "env": "testing",
  "job": "6918188p9nmxcnvyylzn",
  "pod": "dli1l1txtgebc2kvdg93",
  "url": "w3h2t0epm8wi6v3jkfb3",
  "name": "AWSIAMServiceDeploymentFailed",
  "note": "1i71vrhcgaprgd2f4hy7",
  "group": "kmupssz3uom31gwsx7xs",
  "pushed": "7mg6el2caguh34l8biy7",
  "region": "southamerica-west1",
  "source": "n8lv0ejao0wdluwpc5yp",
  "status": "nlue2de3sy16wztsfjnt",
  "deleted": "8dp8pwxdb36qaxdsgyje",
  "message": "pcnbh92t802gforuz0ny",
  "endsAt": "2024-07-12T09:06:08Z",
  "generatorURL": "wlfory0k5y8hz5tyyiyy",
  "project": "22pblnye5yqt11gv3mlp",
  "service": "ks84a7g379dkpyj86vx5",
  "assignee": "l0rqul23qhl327j8rzyu",
  "endpoint": "ihb0383zvqydeqw1dxmh",
  "event_id": "pd23jo1w2a05d5yc7kdh",
  "instance": "155.134.50.157:9960",
  "severity": "high",
  "startsAt": "2024-07-12T08:56:41Z",
  "alertname": "hihhmbjxwdn9hvh084z8",
  "apiKeyRef": "nj95s9e6vc21vyvio3ql",
  "container": "b07d3anl5art3nuvr6d5",
  "daemonset": "t17jw53pplq4al5k65od",
  "dismissed": "d843ovrmust0vbf4vo4e",
  "namespace": "6ff8rnkm7ckl3ss1pe5p",
  "alert_hash": "aabotw3jw5k5bll64g1l",
  "prometheus": "s7c6eafk86rw5qxk8zob",
  "providerId": "jt2kw2cah10xvdba6r1c",
  "summary": "9t2nkoixga1tuvqi3uft",
  "runbook_url": "ncbbzn7c8bb0hli8assr",
  "description": "A service deployment has failed.",
  "environment": "ov5ir3tq3qimz7bknq3l",
  "fingerprint": "70ehi05p",
  "isDuplicate": "sml70woibve6250zmdxi",
  "dismissUntil": "p7v0ut61fzloinhh6zlu",
  "lastReceived": "4hkmyzoxf81iovm3nsp8",
  "duplicateReason": "f1zvm5qhsb9gtjwaw7r5"
}