{
  "id": "rjkyuco4i2qrgppqjw7g",
  "env": "backup",
  "job": "66gqi6tjco0s2vu82rtp",
  "pod": "qykd40i9td6ezgizff3w",
  "url": "urggsuw52cfm3jptewki",
  "name": "AkamaiServiceDegraded",
  "note": "9yzlqge2f032qmuj6ja4",
  "group": "gevcp4osr9tjaytws45e",
  "pushed": "7dy34cvudilfoxa8jjwo",
  "region": "us-east4",
  "source": "8kbcosvl38n92lhln0xl",
  "status": "4osro976o4g49xqy8wfs",
  "deleted": "9mvp753e9sdmpk09mavh",
  "message": "wt0xsdjoa1w9mla8kfpn",
  "endsAt": "2024-07-12T09:42:30Z",
  "generatorURL": "7ym5pb6r4gh6y1pmlxut",
  "project": "buv2nf3kec1t7kptj0yd",
  "service": "00inanmy0490x7qzizig",
  "assignee": "wvbgju4rrd17w3tvgnbq",
  "endpoint": "cw95mvav23bnbg0relno",
  "event_id": "iqq4feahxtsvu0ols1vk",
  "instance": "59.20.155.185:44393",
  "severity": "debug",
  "startsAt": "2024-07-12T09:40:01Z",
  "alertname": "uq1uyjld5kwzqfnn5m1c",
  "apiKeyRef": "kj2xvzda930o0syh8zwz",
  "container": "e070lt6zp5adbuj8senm",
  "daemonset": "jaayurvipaixcpbsx0z1",
  "dismissed": "dz1zsewfm40ga8rt061y",
  "namespace": "6zltbydfdgn0bkfbp5zq",
  "alert_hash": "m6hz3jh9f6e5coaar79u",
  "prometheus": "mb6hbf228051nrkt90ym",
  "providerId": "x7gipo4fo02u0ievbbp4",
  "summary": "3pdpayecvft0e5xju7bv",
  "runbook_url": "lt5h6j4kyx0c9ckpt9j7",
  "description": "A service is running but its performance is degraded.",
  "environment": "b6vphqy9240na9rqtj44",
  "fingerprint": "6kyrn8jb",
  "isDuplicate": "b1ykv3g68wfppnjp1380",
  "dismissUntil": "nuxmqkvs1tthdy7mp58y",
  "lastReceived": "jslx8qnsz1ds745rctuj",
  "duplicateReason": "5quvymv32o2rlxk7lb8w"
}