{
  "id": "72r2ost7qsbttjp120jh",
  "env": "backup",
  "job": "cabkqjo9v8og7a1docap",
  "pod": "sz73wpqafc2wjtcskxvi",
  "url": "a0fmexi7z1anibgrghev",
  "name": "AzureActiveDirectoryDatabaseConnectionError",
  "note": "e4hevir5lgbam0dtc6ft",
  "group": "h2dkedqgh7fietwu9h3m",
  "pushed": "ygsjmuh6zncdhpfcjupx",
  "region": "southamerica-east1",
  "source": "5j8j7vq68objse85wk99",
  "status": "kjnxjr1mti6zb9cji7n6",
  "deleted": "2jvmml6d644fxf4uom4g",
  "message": "pz6papozn6rtsymq6jjk",
  "endsAt": "2024-07-12T08:58:00Z",
  "generatorURL": "fjd7ddv64yd1ug32tumk",
  "project": "i5ccsvbdjocj6mqeoowg",
  "service": "7g0ce3ao25pdz18l6lmz",
  "assignee": "0o0xnn0die9c2lmbvwd3",
  "endpoint": "8vk68m9s7ilrwi0l8xro",
  "event_id": "u138o1s5r2pu1r05m4tk",
  "instance": "246.246.60.160:42570",
  "severity": "info",
  "startsAt": "2024-07-12T08:50:28Z",
  "alertname": "qjgtnekeyeiie1hxzc27",
  "apiKeyRef": "7lfxk1r8m1s8rwm4r4k3",
  "container": "vq6rs9l3qn33shd4ts9k",
  "daemonset": "hcfrcobp2hrlomk8xigg",
  "dismissed": "37zyzbli2k3e12biku4k",
  "namespace": "n6pz3ejq0yp0ot8q020d",
  "alert_hash": "qh2b5pz5vfclgxvw0uie",
  "prometheus": "n5kc8g6eknh8r1602qbc",
  "providerId": "0mx6k33l2ww9v91w0yqc",
  "summary": "0548gtu0nyljmwk86uvx",
  "runbook_url": "2h52yushteqot5ybtlwo",
  "description": "Unable to connect to the database.",
  "environment": "552ccyuyczufpvjvfm61",
  "fingerprint": "zy89jy9t",
  "isDuplicate": "jm3jb6uwcf8k1o8ootwe",
  "dismissUntil": "48hojj0ekt5o35tads3q",
  "lastReceived": "pplf5iwtggh2lt74k0zo",
  "duplicateReason": "o5rv42yhpc5pjryrn46o"
}