{
  "id": "03d8ovxqstxqb6kf7w2z",
  "env": "backup",
  "job": "5mlwhz2l7338s40o4swq",
  "pod": "fabg8v9xejv9srzhui76",
  "url": "ncgdssyeoo4dddim2cd2",
  "name": "Auth0MemoryUsageHigh",
  "note": "wxq2v455iy4cebkydmkn",
  "group": "uw60eoovnaz66gtho6mm",
  "pushed": "prnt8im80ck9k2sn1dhs",
  "region": "southamerica-west1",
  "source": "1h8p4sngc04nvha2j8lv",
  "status": "cw70e24jf2zzgwc4ssfq",
  "deleted": "qq7qlnm4lpv6nhrkncgt",
  "message": "1l0hnotalrzmabpidubt",
  "endsAt": "2024-07-12T08:14:46Z",
  "generatorURL": "8yoxizy7asv5d4a5t0cg",
  "project": "tj24pjq37dt04kxyj1su",
  "service": "tt7xdg7gjv58tz0huouo",
  "assignee": "ulatxb7tz7fkyt2hbme7",
  "endpoint": "w3m6trbocvowdvm6aick",
  "event_id": "qh25ob52g32q7rchc4qt",
  "instance": "246.246.60.160:42570",
  "severity": "medium",
  "startsAt": "2024-07-12T08:11:11Z",
  "alertname": "pj4x7ng50mrpummlzjsb",
  "apiKeyRef": "di8tllq6eh4s9wrub763",
  "container": "p7869ouxy66lferjcmy2",
  "daemonset": "gjaj26ry7rn66hva6z8o",
  "dismissed": "wjsj74q6sjh94i6raa5e",
  "namespace": "dabqsymdku29xd3pndbc",
  "alert_hash": "9m1rtmttaoobx2ggcptn",
  "prometheus": "8z4z70tuv3qpk13ixjl7",
  "providerId": "tz62wxfbucccxsigub3b",
  "summary": "q64d0wdzyg81fr3abjk9",
  "runbook_url": "1gsc66q7redmpxt76ygs",
  "description": "The memory usage has exceeded a defined threshold.",
  "environment": "re7d8hn79rr6h37ooyi4",
  "fingerprint": "8z6v7mj3",
  "isDuplicate": "a5hu1rqzaeioervwqajs",
  "dismissUntil": "hbjsq9czfqlbcpu4q21s",
  "lastReceived": "mf75csfaspb0k9r9l7ps",
  "duplicateReason": "ixtajiipazgd6qqoo5pu"
}