{
  "id": "9ww1mebt0pld56e33sld",
  "env": "development",
  "job": "zel31ih9lq4vytkxkjuo",
  "pod": "l9kuuncu9eokf4as38i8",
  "url": "iokyqx8gzhjr0m9pn5ix",
  "name": "BoxMemoryUsageHigh",
  "note": "3y5xnm7gqldf25r9e9jq",
  "group": "jo841njo83y1ad2lao19",
  "pushed": "iyydispslsonyy8ysxtl",
  "region": "asia-northeast1",
  "source": "w3qwqkh9t3fsbrp37out",
  "status": "f1lhwuy6qcjdtfltgljr",
  "deleted": "3tjwtm1zrng39kxk1rzl",
  "message": "n0izvzaqlqjbcaxce9o6",
  "endsAt": "2024-07-12T09:44:23Z",
  "generatorURL": "fdkmh3ky5ipzqcxwiecz",
  "project": "4h015f2hslq1cxcyx6fz",
  "service": "4ktgnbfhn2kv12ku482s",
  "assignee": "lp5jkebgjgtkk4e1t8iv",
  "endpoint": "j3hhgyjv5ge7uvn3boou",
  "event_id": "vsgqqvd0h22vxjy7jdlw",
  "instance": "59.246.255.1:5947",
  "severity": "warning",
  "startsAt": "2024-07-12T09:41:05Z",
  "alertname": "kqntwfmh1otn2ka1y3kn",
  "apiKeyRef": "6k4w9amxdqaar0xvcicb",
  "container": "qmyeig7cbnsurrl6gxjo",
  "daemonset": "gmxzq7dbg3pmkh4c7vo0",
  "dismissed": "visk0c3vtyxruuj72949",
  "namespace": "jus4jbaezk65hlr75vlb",
  "alert_hash": "6lv2uqxiagohepf07110",
  "prometheus": "7icz4oealco1l8odlbym",
  "providerId": "xfw4vqkxnn4edznkp544",
  "summary": "fkf9q7e2krydy0w7ivnl",
  "runbook_url": "t7e195bc433wiu3rdm1w",
  "description": "The memory usage has exceeded a defined threshold.",
  "environment": "u0y6bgeesce9duyhij6b",
  "fingerprint": "76ggbp6r",
  "isDuplicate": "x2wfczwawbz17yfvfth8",
  "dismissUntil": "wxjpy92kg6tsr20gcqer",
  "lastReceived": "n0mdt0l74zjv071uorbz",
  "duplicateReason": "9upe73gvcq4mcw238tb4"
}