{
  "id": "6eeex12uv9brswd2yksl",
  "env": "demo",
  "job": "nblllefxjf2qplra3gr8",
  "pod": "zfcvvorohxygkp69yipr",
  "url": "oc30dbcev2erria1hswn",
  "name": "CarboniteProcessCrash",
  "note": "wjgidwyw4w45xn4bi5wx",
  "group": "fnaybgp0n288voun57lz",
  "pushed": "ff5q9wc59jcs4sevf2uv",
  "region": "asia-southeast2",
  "source": "cd59jf7bbeytb0lmdauq",
  "status": "xfefj918om0jwdo89t90",
  "deleted": "xmw8fud42ce7v2kzhq9o",
  "message": "c2umtw851jdxb8banlca",
  "endsAt": "2024-07-12T08:19:03Z",
  "generatorURL": "nzkirdr1mdpz0ekujkyo",
  "project": "3ua90i18zjy4qjt84nj7",
  "service": "2xzyks38rf7vomtbtzlv",
  "assignee": "9srs7jgi351lo76u5a80",
  "endpoint": "cubo8q4qj2j2kll8ink3",
  "event_id": "01afwgj2ntax5c0pgzs2",
  "instance": "241.246.37.207:28819",
  "severity": "critical",
  "startsAt": "2024-07-12T08:12:11Z",
  "alertname": "l7sjdq6uvi3ulmk82898",
  "apiKeyRef": "zy7hrfvpvi5q7xg4noz4",
  "container": "u4w5c7y72il4vvuw996e",
  "daemonset": "kqj7jlz9nznf3ut9wkt4",
  "dismissed": "qpnwx62sgxfsz673u0aa",
  "namespace": "8ps7h16s8mlwmnucz4qf",
  "alert_hash": "e7lxuqskgoyftenvp76b",
  "prometheus": "5721f298qq2y40sybaf9",
  "providerId": "ezmvlorfb5r33cjzccz6",
  "summary": "vyh76hemi87kw8y58hl9",
  "runbook_url": "0ek9zdsn8u6f7p0u95mh",
  "description": "A critical process has crashed.",
  "environment": "wl6hpjvb4ibprzqsns5f",
  "fingerprint": "jy1ptf76",
  "isDuplicate": "cbjdj41evrr93ltkiies",
  "dismissUntil": "jd2y19ve4v7szavl6ol8",
  "lastReceived": "gromicu7z36x1kxaol0u",
  "duplicateReason": "n58101fdetqwaubkyrx4"
}