{
  "id": "g4znlgcryzngia6ko2df",
  "env": "qa",
  "job": "zrmak0mzwb8txy13uuqq",
  "pod": "ea7q2dhm7ldmzdy0fv7a",
  "url": "ldsupt10f1drn68kbm9k",
  "name": "AmazonRDSSecurityBreach",
  "note": "cta3rhdeky73qrnrp75z",
  "group": "wlodarhegsr3yuzj0qor",
  "pushed": "96063teb351ft70ovvy0",
  "region": "asia-northeast1",
  "source": "hgyby94b5xy2742uc1p9",
  "status": "l5eezan267s3ms935s97",
  "deleted": "l5ur1i3jrrfvvso06jsr",
  "message": "2cg7xu71yvgwel2gpwk0",
  "endsAt": "2024-07-12T09:40:14Z",
  "generatorURL": "z5ppssm2l009yyo94p2m",
  "project": "mb06nmanl9xvtau2l25a",
  "service": "zrl33jvt8g7lt7clrynk",
  "assignee": "ig6q0do28sdva9dhn0bp",
  "endpoint": "ahg98l2id8svcyfxtwm3",
  "event_id": "h2il2x0oabvoc8ri63su",
  "instance": "221.171.52.31:55423",
  "severity": "warning",
  "startsAt": "2024-07-12T09:40:02Z",
  "alertname": "fsodptgg0btat7pu0s4n",
  "apiKeyRef": "110emff46zdhxgy511zm",
  "container": "i9y5lmoo08lvivvzppia",
  "daemonset": "jd70vt1p4vp60tazkdbe",
  "dismissed": "efccb35d6i3t2610tq2s",
  "namespace": "0xngq73fq6ypz5xd6wbm",
  "alert_hash": "l0k9rf0d2fu7bbvjfpyx",
  "prometheus": "hj233070lok72psxoemk",
  "providerId": "pygq9sqw9l17xmlhs2tt",
  "summary": "yha91dp4dw655u2n12oc",
  "runbook_url": "8p4tfriplv403x6j0o8l",
  "description": "A potential security breach has been detected.",
  "environment": "3pt5w4utdbg6pwgmjayv",
  "fingerprint": "axugsvoq",
  "isDuplicate": "o9tvdq5qnc9jmjo913fl",
  "dismissUntil": "no12k1wu92dswbmbdfs9",
  "lastReceived": "8bu1cw9g4e6t9q73q0a7",
  "duplicateReason": "j5f0wmddel2rp0khktk1"
}