{
  "id": "fecrhwwluj2jqxc7slo8",
  "env": "demo",
  "job": "2dzrcjjhnucfqfpyr805",
  "pod": "ajwwr4g6gofb6siy0i8x",
  "url": "b6fgwj94vdvuztcj89zp",
  "name": "NewRelicUnauthorizedAccess",
  "note": "0p8o1i7w7yqtrqived6u",
  "group": "srmec54syr14ajf3cnev",
  "pushed": "ubh2s0wfzdsqft69idng",
  "region": "asia-northeast3",
  "source": "c9khk3j0axfre4vkqzii",
  "status": "8wtgtlnx1gzow3bmskls",
  "deleted": "nkttdl1jknroqbo6wkzb",
  "message": "k25sq6w2m4swuzv9ofwg",
  "endsAt": "2024-07-12T09:20:43Z",
  "generatorURL": "9c7z1x56jp1vf65753sr",
  "project": "02ecisj61zrkdnx36d26",
  "service": "n6nece46gkcfqczjw1qd",
  "assignee": "k5mzdhrpayf4ha1xzh04",
  "endpoint": "jppvmj3sd02atop9y7w9",
  "event_id": "9oh22wf94g73ct9ehy7g",
  "instance": "246.246.60.160:42570",
  "severity": "high",
  "startsAt": "2024-07-12T09:16:52Z",
  "alertname": "kq0gtfaakbiqac7xjez8",
  "apiKeyRef": "uatlom4rv7ljrkmq8ark",
  "container": "oo2z69ysc12g6anzzi37",
  "daemonset": "v2kli0997ci3fyfv33rb",
  "dismissed": "sulsz70ed01m3ek3seuu",
  "namespace": "jjb299u3z0u4frq2y9b8",
  "alert_hash": "4een04i5d15jlbn6qmfe",
  "prometheus": "bncyj765lhxukxzkl2an",
  "providerId": "euicj7x03ssfh46ml1dz",
  "summary": "8h0u2o1zzb50kcy3ljjk",
  "runbook_url": "34icdkr2tsndbt7zd9v3",
  "description": "Unauthorized access attempt detected.",
  "environment": "hzhcutdvd9ofg85ffi4k",
  "fingerprint": "9xu63d2c",
  "isDuplicate": "d6nhszs4qmarkx7dljqa",
  "dismissUntil": "nfdj0dyl32v8v6uiojew",
  "lastReceived": "3qjhcihdxi1cyvv40ryu",
  "duplicateReason": "ndpooxqb499te03l3gpi"
}