{
  "id": "khp8ru7hcn1lrh5evhhv",
  "env": "pre-production",
  "job": "gift8lw0888a94rvn5wd",
  "pod": "4ppi1yf3o6nilb220uql",
  "url": "s270sz2nqqjvjbgb2cwy",
  "name": "GoogleKubernetesEngineDNSResolutionFailed",
  "note": "vxa9q1vbx0oc16hd769t",
  "group": "2hyh0l75vh4wtxk9x96e",
  "pushed": "1ud5jdkspoudnno1tdvx",
  "region": "us-west3",
  "source": "sn2d23ci5omxjm0x1p3v",
  "status": "f8nmbo9m8ccagpz74fil",
  "deleted": "j4gw9oj8h8tzt0n6uygw",
  "message": "x8iyel23gq2v2qipedui",
  "endsAt": "2024-07-12T09:34:55Z",
  "generatorURL": "rjj92gszrejp5w1wsx5t",
  "project": "tbtpnp0h8kr1emu1cssh",
  "service": "qvlqd9itpb5m5h2rmxql",
  "assignee": "g8kndgnangl3yrdnpoes",
  "endpoint": "6wmrp3ds9s389mkhvmrt",
  "event_id": "zwpabdj8ntf2cpa60rkf",
  "instance": "169.231.235.31:5119",
  "severity": "low",
  "startsAt": "2024-07-12T09:33:40Z",
  "alertname": "ub1zndjgake9ypt5myes",
  "apiKeyRef": "trhu0zbrvwf322dxfi9x",
  "container": "vjralnedigvgs0kzyr8c",
  "daemonset": "wnxvd38a481n8rer3i5a",
  "dismissed": "3ydzc2ddn6ikvaswwqnw",
  "namespace": "ro3uw4i5r4q853an065d",
  "alert_hash": "275ocyruc78jhzgaqf0k",
  "prometheus": "s5kuzi12j1e4utwk6gd4",
  "providerId": "0d5wapjlhk5hs0feztlz",
  "summary": "im8fijc6xzzvu3x6fzne",
  "runbook_url": "kvzsqokw3ltulob7wy0c",
  "description": "DNS resolution is failing.",
  "environment": "41twczhgjng0v2bs0g4u",
  "fingerprint": "drb5vqwk",
  "isDuplicate": "ocuotz0r2x5kualzxxk5",
  "dismissUntil": "b7443vs35peocnm55nx3",
  "lastReceived": "mu6yy7tkfh12ekohsc04",
  "duplicateReason": "phf8dzzf2734naqmuxhf"
}