{
  "id": "9yh4vsbfdwl3ytn65qma",
  "env": "production",
  "job": "duq9vre0qv0mabb1e7jv",
  "pod": "g4q5m0ztm4diva6c2hx5",
  "url": "l6cxegc1wbuwgua7fvz2",
  "name": "TravisCIHighLoadAverage",
  "note": "e6wdammturk6mfhxd3ed",
  "group": "s5av5lr2p3oxop6cdjlc",
  "pushed": "gpv2o331bxykg1ej01t7",
  "region": "us-west1",
  "source": "3gpet6bxkk6x3fdrwdow",
  "status": "mg5io5o6ng50r1fiqowx",
  "deleted": "30unewco41zsv820w0uo",
  "message": "2665cw1567zptvlevugp",
  "endsAt": "2024-07-12T09:12:12Z",
  "generatorURL": "kurpzxiv8dh3ut610xzy",
  "project": "2mejz4k27g4zwpdue3e6",
  "service": "625bnxc333h4r3etptwm",
  "assignee": "6exnle68v06ey67n37xi",
  "endpoint": "3vf9i9fz2rm933hwrogp",
  "event_id": "yr12w0deyvl8qtfujnr6",
  "instance": "124.247.240.118:4778",
  "severity": "low",
  "startsAt": "2024-07-12T09:08:12Z",
  "alertname": "4b2xiwp8gzw8u6oanout",
  "apiKeyRef": "i7q12khudjg92oh4sxl8",
  "container": "ufqd4djdmszt9la94u78",
  "daemonset": "95glefx5iwwfe1jijb3u",
  "dismissed": "6vel4fuo4rbz3apjdf38",
  "namespace": "npcli3otc3t3q04br63r",
  "alert_hash": "xnwxp84rptpszjid6muo",
  "prometheus": "dvtvubc97oadbz0ri6py",
  "providerId": "l3rc0xrqdicg8s2yfgh1",
  "summary": "rla8gtm9a6kuu6ix16sz",
  "runbook_url": "za79l9noj2foqy9hxr3q",
  "description": "System load average is high.",
  "environment": "01sf310atp9adf7n7mog",
  "fingerprint": "mbevikjw",
  "isDuplicate": "gao1waxt6vx2al886jto",
  "dismissUntil": "ixjvha8kct4yn2qpqjks",
  "lastReceived": "hycbnw6hvzf6q964bhrl",
  "duplicateReason": "e7gpu7tz2fb4wp61pjo1"
}