{
  "id": "tenxgda8l030sbp8d7v5",
  "env": "staging",
  "job": "xc633vy2xl8cdu6ske46",
  "pod": "1aozgqtltbfz3c8el0d8",
  "url": "69656c76z2b74rf0d7r1",
  "name": "GoogleIdentityPlatformNetworkLatencyHigh",
  "note": "imnswz0w4cfav7s9i07s",
  "group": "kd1lb288zi2x10vvp5ur",
  "pushed": "cwdy1dqbbx1orakn64nj",
  "region": "europe-west1",
  "source": "qqnhj7o9b6jomu9gkggo",
  "status": "93s7906e8zyn28rxqm2b",
  "deleted": "73yvbgkuwqxzrzbbzf1y",
  "message": "o3bmnzjozunxdifbi1sg",
  "endsAt": "2024-07-12T08:44:41Z",
  "generatorURL": "nw5un1cxdaagv7l4w3sb",
  "project": "xpfk07car7qn496cfufb",
  "service": "vnnk5xzop88rh2izrlgk",
  "assignee": "a4d4iplgqjaeu5mxuuls",
  "endpoint": "3i7un7w61s2ju7qintun",
  "event_id": "vdsalui1iun4fou1gcoj",
  "instance": "85.22.155.164:17268",
  "severity": "low",
  "startsAt": "2024-07-12T08:37:37Z",
  "alertname": "1im8r63ueynt9n2aw17f",
  "apiKeyRef": "zf76rmugdoisfcphb0p5",
  "container": "pc0aufcrd7okkot0kknx",
  "daemonset": "wmtnu142lkeoke7yftse",
  "dismissed": "cu8ikkd7x3ku1v3fwu0a",
  "namespace": "nt392jsktirggmp8qcye",
  "alert_hash": "00kt4zy1gg8vmlu2gpux",
  "prometheus": "rbg5nu9xzlybg9y706vz",
  "providerId": "l0u6b3uitt2o3hka1pg2",
  "summary": "l18x7h7e6x0be0ikax00",
  "runbook_url": "7mmgy4fy3s2bd1pb2f06",
  "description": "Network latency has exceeded acceptable limits.",
  "environment": "opwychknwceed9auqtbf",
  "fingerprint": "qmub5b0z",
  "isDuplicate": "k3b21kcxkivyxuxty2ik",
  "dismissUntil": "t3aj0kekw2k7xbegbdba",
  "lastReceived": "1yf2s7ohcz6xg45w1nlw",
  "duplicateReason": "rwto3z4en9p710wi8slx"
}