{
  "id": "vk0y7tyy7l92q5wh8zxt",
  "env": "development",
  "job": "1tfpifeuuff88llczill",
  "pod": "1b86t9i89yfyzkt7b77g",
  "url": "hycjb6q2plo2j0m0dk6o",
  "name": "ApacheMesosServiceDown",
  "note": "4fue1yhch3t8bcalwnlv",
  "group": "8hjp269q0i1evzbi6qxv",
  "pushed": "043cqnjz6sy0jp1dqd4s",
  "region": "europe-north1",
  "source": "b5l73c3s464mqg2jplxd",
  "status": "6wr2lukw3uqxchq1wirr",
  "deleted": "te7j8dk13cvveite47in",
  "message": "nmsgi2gqypki2ofgtwv4",
  "endsAt": "2024-07-12T08:20:47Z",
  "generatorURL": "d9cj3leps27ybkcb6qa0",
  "project": "o51dv7wpr8li9tfofoad",
  "service": "hrwp7ek0h9u1wp2mir65",
  "assignee": "i1305uz4zhlv7fbi1oku",
  "endpoint": "gn8yejf63z0x8dqqule5",
  "event_id": "62v0rq21aw246e8s9ei8",
  "instance": "62.183.212.134:55986",
  "severity": "debug",
  "startsAt": "2024-07-12T08:16:53Z",
  "alertname": "47ovuwi9ncknw0d90dww",
  "apiKeyRef": "jrxn5sbfkhbv0hej442m",
  "container": "n8k7mcfj1pei6elf5632",
  "daemonset": "7maktwhk1501y6nbzxqi",
  "dismissed": "y86bei0weer7g77i88q8",
  "namespace": "ehxk1sl4g5sw2qca5230",
  "alert_hash": "e0x6k43lz4lpxzekujnf",
  "prometheus": "l1estb3xuvfnyfbcg2ut",
  "providerId": "ef3nfhaxi1hx2md4bj5q",
  "summary": "95iw9uk8xewm8f0b6ups",
  "runbook_url": "t9ufrdm7u0osiutj1ert",
  "description": "A critical service is down or not responding.",
  "environment": "e51xvi5q2ev16fcxlhyu",
  "fingerprint": "e9b07opb",
  "isDuplicate": "1i5dad18ny304jgxcv3r",
  "dismissUntil": "ymh4wx7pxlku4416nwkt",
  "lastReceived": "rdhoqjjgjwz4jd28ryoy",
  "duplicateReason": "6ucdp19aikyi4r91fnem"
}