{
  "id": "qijza7z1d13e0zn68877",
  "env": "backup",
  "job": "c439k9nce0h3afwa6922",
  "pod": "0ul1jaqhl5tj6xq7hx68",
  "url": "qpxal8iau3lyy95qj1q1",
  "name": "ZoomServiceDeploymentFailed",
  "note": "hckzwmoje4obml4wlil5",
  "group": "g4n70cu6nm7wetv35obj",
  "pushed": "qqzrxp7rcroakoasyydz",
  "region": "asia-northeast3",
  "source": "4jmib4lzzap66kqplrpm",
  "status": "xp2da88l96irc3izfqns",
  "deleted": "9ea455bk3vuoncqw5eqf",
  "message": "na8542msnpigptet4bfh",
  "endsAt": "2024-07-12T09:52:25Z",
  "generatorURL": "7l6luurtoaypt4zndgm2",
  "project": "dmx8a55d8r078pgcnrbn",
  "service": "9hj3ehvfgaznyeunaaiz",
  "assignee": "3h2kh6ivfqlqa4t4cegz",
  "endpoint": "w2012wih5zl7xukokfma",
  "event_id": "o05r33irki3rdbo5dpvk",
  "instance": "226.63.171.227:17782",
  "severity": "medium",
  "startsAt": "2024-07-12T09:49:18Z",
  "alertname": "1cw6ikdctfxdikycz923",
  "apiKeyRef": "dxmymwz962grpn1ybuuw",
  "container": "hm48f8iws4resjd5k18z",
  "daemonset": "dl0ywoytmt10t98qwr27",
  "dismissed": "4rkijt752o1q61l1g2sq",
  "namespace": "96zsknhwd412kjnzj51e",
  "alert_hash": "78599e8dlwl8v0d1vyls",
  "prometheus": "q0w2im4k8endg66pii9c",
  "providerId": "j9xanf7b30bqdgr3zshg",
  "summary": "bpsh59feuq0ctxn1bx2s",
  "runbook_url": "3xomagjwhfj5g0xkye8x",
  "description": "A service deployment has failed.",
  "environment": "r9anp8qo5qpdk1s1pcmu",
  "fingerprint": "e9b07opb",
  "isDuplicate": "x3zg363i1bfysyj58q67",
  "dismissUntil": "zkv8qp4qttxi8uxrvpqg",
  "lastReceived": "ncaqcx5hmtoxw9keuzmq",
  "duplicateReason": "nf46oj1vyqrskzaqbio7"
}