{
  "id": "r59vhfkmbiblktm4sfne",
  "env": "backup",
  "job": "4g29fmj2i4a6h6z4srr5",
  "pod": "p1diikamrktp4ir9s37c",
  "url": "co1itx58bmur1k7fj5ky",
  "name": "GoogleBigQueryResourceExhaustion",
  "note": "8ajufj19xwswjszs403x",
  "group": "r3ygg2p5wih22kiu43dq",
  "pushed": "z179fzn8jy2ayejuanuo",
  "region": "europe-west2",
  "source": "80gqkbrm80807um4m5kf",
  "status": "0y2djucjmav0skxhgocs",
  "deleted": "ampkn7dwl7w940z9yggt",
  "message": "sl2x9nh8vadxd4csn9s3",
  "endsAt": "2024-07-12T08:13:10Z",
  "generatorURL": "cc9734uwe20oxrj45pw7",
  "project": "l4pmqkztjeqom251yawr",
  "service": "7mzstwgohlgc3wka2bvm",
  "assignee": "a0gxdtdyzcglv3n15wei",
  "endpoint": "234f6y2rjnaezxryozzz",
  "event_id": "ndkvc0mpx5xzar5l8jc6",
  "instance": "253.43.16.127:33243",
  "severity": "debug",
  "startsAt": "2024-07-12T08:05:08Z",
  "alertname": "sr0d353t3lkwkodjvf2z",
  "apiKeyRef": "99n5w6ibvsir3m9ibpg4",
  "container": "r2ilyroexxpwk9pfhr9d",
  "daemonset": "raq9u6rhame6f2ob4oaz",
  "dismissed": "gkhcdy7hyswlupfkkyj6",
  "namespace": "0ejc8vba8d0x19bt1ek2",
  "alert_hash": "8h3mhax5ie5rzbgo8jx7",
  "prometheus": "6qna64mla4biw4x1tgbm",
  "providerId": "zci0ybqajbkuznpxoqa5",
  "summary": "q1c21l464ortg33vyxst",
  "runbook_url": "nkhu13gbldykkwx1sme6",
  "description": "A system resource is nearly exhausted.",
  "environment": "t0zy1ehlahzu2ze1wazg",
  "fingerprint": "36abbm7j",
  "isDuplicate": "qj3lphykzqbafykzns2c",
  "dismissUntil": "6ecftsrbm3hd9n349yrj",
  "lastReceived": "3tao4el07mk3prftsrro",
  "duplicateReason": "84pjmijlv4bse29k7s50"
}