{
  "id": "sapt4vja1be8fb3dsb0c",
  "env": "sandbox",
  "job": "utv23ywk5nt3ejrzpl2f",
  "pod": "frdgwxyyavz9uyq55cs0",
  "url": "s2vo8bi7kjzjs7e8fx35",
  "name": "AzureKubernetes ServiceProcessCrash",
  "note": "g26y0lzn3w9lsdwedm5m",
  "group": "dn744xw1h6zuu84cs5cg",
  "pushed": "zd24jrgn5ae7v0hhvmio",
  "region": "asia-northeast3",
  "source": "rpemooh96z2j5xjcoil8",
  "status": "vynmccs6i04j4zkf3d4e",
  "deleted": "d2jbd3wn8s061ikh103p",
  "message": "n0oz9tyko7gibljtcmgs",
  "endsAt": "2024-07-12T09:31:26Z",
  "generatorURL": "u4l1ns4fv9btmfbsecte",
  "project": "ce1bvwwa6cwtq1jw3usz",
  "service": "wtkpc72s2marui8n4ndq",
  "assignee": "s3h5d9cu28cv535fx3pu",
  "endpoint": "aurw5jjd9tkt8uqmpgc3",
  "event_id": "r11ebeecbrhn0prgok59",
  "instance": "164.231.154.138:1187",
  "severity": "low",
  "startsAt": "2024-07-12T09:28:29Z",
  "alertname": "z2sc80vetlfyiefnova1",
  "apiKeyRef": "im7yvkx40dmyyue5ygjt",
  "container": "ntv3e4zp2tsz7rdmnjdc",
  "daemonset": "edvor5lkxsbxxg9ds2p3",
  "dismissed": "bpyqdpdhjyutnlfiwg2k",
  "namespace": "gzdvpfmm6csnaym02ayu",
  "alert_hash": "98idnqqwz2usizxkjby2",
  "prometheus": "9szt6i24z8qyiz31mnhn",
  "providerId": "60fwmoz65vcj6ae9i705",
  "summary": "bij9nilyzglifpuel4gd",
  "runbook_url": "7uetd2z5wr6c8kz9h025",
  "description": "A critical process has crashed.",
  "environment": "o0ssegf8ehbx3130g1dq",
  "fingerprint": "b2d0h0mv",
  "isDuplicate": "en5kl8vardbcse243i72",
  "dismissUntil": "wycdp39udglck9uvzvw9",
  "lastReceived": "iaej83muqxgqkn8kg8m3",
  "duplicateReason": "a34mnxfbcop3kftzl0o0"
}