{
  "id": "dxjhm1ifkaezaqefedg1",
  "env": "production",
  "job": "os3czyl26wj8xoexscqk",
  "pod": "l76j7f76z48u548t13dd",
  "url": "82ehik1jx52achi646zi",
  "name": "AmazonCloudFrontResourceExhaustion",
  "note": "opk5fw9gbh0ryc2clwm7",
  "group": "kjc6dwfcxabzqjvljljw",
  "pushed": "hjrtoh4y6pfwbu3dx34w",
  "region": "us-west4",
  "source": "o8bzhq80ebxwde05or4c",
  "status": "fbpk778qlfzdb96ibw02",
  "deleted": "f7yar6jowrebgrars7vk",
  "message": "y3pbq9exlr8m9w8z6n0z",
  "endsAt": "2024-07-12T08:34:57Z",
  "generatorURL": "gi48v34bjpy713t30tew",
  "project": "mnirsz7ee11quytnyxgf",
  "service": "swl7q1i65f00w5r50xa7",
  "assignee": "v3ifuod2f2tbg9y57lij",
  "endpoint": "zj7fj4l4b9az18p1ar9v",
  "event_id": "y0yk5sgg9nt6i4kaqjxt",
  "instance": "62.183.212.134:55986",
  "severity": "high",
  "startsAt": "2024-07-12T08:29:11Z",
  "alertname": "ahxl1bkbdvcbp2slr045",
  "apiKeyRef": "45ozqjq4k9mbe5zn14ko",
  "container": "ai2e2iiz325aw6a2fish",
  "daemonset": "y8jqd3cpbtmwnicv5zrh",
  "dismissed": "9wsoyigcgonnps60u85c",
  "namespace": "998gof07pl4i7uu2mik5",
  "alert_hash": "sz3o0kfn4pqouuk1pbwn",
  "prometheus": "0ixwb3mkuzrl51vj2q91",
  "providerId": "mv7gjlde15ikg5rtpiew",
  "summary": "0b6ypaqkuibt3coihgnb",
  "runbook_url": "4q0hqo1kfu7j7rgepmhs",
  "description": "A system resource is nearly exhausted.",
  "environment": "kw9ca9176ng9fs398rla",
  "fingerprint": "fqroc73u",
  "isDuplicate": "a9jf2b8f4gf6syg2i062",
  "dismissUntil": "zy2hebpbf4zge1pqzqtm",
  "lastReceived": "5djii19j2yayu1hf8lgw",
  "duplicateReason": "lv6gm2xhjcrjoji7yug3"
}