{
  "id": "7qhq7fhdcqs7tjzcjdws",
  "env": "pre-production",
  "job": "c3vrmqmv9x7sh2ksqe2j",
  "pod": "kgrwx5pq49bhbs81nqy1",
  "url": "3i6z3qbwwmooc3fyt1ro",
  "name": "LastPassUpdateFailed",
  "note": "tjmw0md05i5ffyvdek1y",
  "group": "90idd5h4ki5hjit8863v",
  "pushed": "bdv7evyvqilqiksfj6xe",
  "region": "europe-west4",
  "source": "qrfy0lcrrawlw47t8592",
  "status": "rap28vh2mq9zibinly5i",
  "deleted": "l4sgvjejkl430vr8ko2u",
  "message": "ru91kd5r578t6qjfdljd",
  "endsAt": "2024-07-12T09:21:07Z",
  "generatorURL": "ym93hxwftuywfgl274zn",
  "project": "kjruamv989xs9pcshe09",
  "service": "cqre5opb14j60h57vls3",
  "assignee": "oenzeycy8xy8zmp77hkp",
  "endpoint": "5o4qm98vsf16m38nie5r",
  "event_id": "es1g8dfmtj5jd24f4ieo",
  "instance": "122.237.172.41:32811",
  "severity": "info",
  "startsAt": "2024-07-12T09:16:48Z",
  "alertname": "nb281o72yo7lo0zqhbbo",
  "apiKeyRef": "quammgptyfa557lqco2v",
  "container": "c4p876f5gg9t4u6wsecb",
  "daemonset": "pkoww5nye0okazagjbqb",
  "dismissed": "4p6pb9ng90vkggueeovl",
  "namespace": "dr1l5k1wzutj780npe6v",
  "alert_hash": "sje6pr8cwea9xebtl31e",
  "prometheus": "qjl07f4abozuoqlojfch",
  "providerId": "lng90spnvfrzdxgw7esu",
  "summary": "gap5u5kd9yvutfvxfjs0",
  "runbook_url": "93tzjevdaw1kqxogn65m",
  "description": "System or application update has failed.",
  "environment": "r3yhy98z6ca7qglu3aq9",
  "fingerprint": "f5wns7b8",
  "isDuplicate": "1ul02i6hwmucmf0x1dq8",
  "dismissUntil": "a6m7vok3kkxbycqoo241",
  "lastReceived": "jugyyfqga695orpgcf72",
  "duplicateReason": "rx9x4cycuhwzixg6knvg"
}