{
  "id": "gooisbf94wf67z71i685",
  "env": "production",
  "job": "8tbywtelv5bsv2y4byeb",
  "pod": "rggf4zy57vfu8fn2xcwz",
  "url": "bvioeqpd8b5djfvl3gko",
  "name": "AkamaiServiceDependencyDown",
  "note": "hj6bwib5093fwr0d0329",
  "group": "1t1b56txg3r33sdvz373",
  "pushed": "8u7jzvtlaufeng5engya",
  "region": "southamerica-east1",
  "source": "qe7z9nfnhs6g2ksr5gcg",
  "status": "h6jc9sauijiznl26ucnb",
  "deleted": "sgcdoham6rlueqxdne8v",
  "message": "o3ail2k0rr3c27el8vzd",
  "endsAt": "2024-07-12T09:23:24Z",
  "generatorURL": "o6ltckuuloo6i0x1e0me",
  "project": "9lvqefdkb89cw0m1t1zv",
  "service": "f4unx7k2mapwqrw8s9ps",
  "assignee": "5iejiw6t16dfpalkg8w3",
  "endpoint": "h7s96cpugdugx11b3dfz",
  "event_id": "0s77zzqs631798c42ry9",
  "instance": "148.27.182.137:38272",
  "severity": "low",
  "startsAt": "2024-07-12T09:22:03Z",
  "alertname": "oy4fc8v368ta7ah3kvfk",
  "apiKeyRef": "d0ebz4f3gnxptv318h3m",
  "container": "p4ufllsiwbjwg614rc4z",
  "daemonset": "1kzmek7y8qsbevsvh6b7",
  "dismissed": "rc8g3gggyp87vhe2hw85",
  "namespace": "3yawijz1jndt6gqfooqw",
  "alert_hash": "wvluugabr0rzv129pofe",
  "prometheus": "1h3iflxsz4f5xmmnpwiz",
  "providerId": "aywv468rmswsf470vcpw",
  "summary": "lgquj569ty35t4inqz3c",
  "runbook_url": "4oivzkwdr34x05j30lgf",
  "description": "A service dependency is down or unresponsive.",
  "environment": "pr6ubya9eg3n10lttzia",
  "fingerprint": "9gqm24lf",
  "isDuplicate": "mnjeywpgdrlyzpxp7mx4",
  "dismissUntil": "rvx9gfj4daheuytsb51b",
  "lastReceived": "c0cevxpw49aj75vuuhus",
  "duplicateReason": "j8nbtdhnxxi27v8zys4h"
}