{
  "id": "b5phd6vl6n4k58s6mmug",
  "env": "staging",
  "job": "lx76tui80feprhj64xx7",
  "pod": "barhm280i25015n02986",
  "url": "rzq7nevbzfc3iaryycrl",
  "name": "GoogleBigQueryStorageIOError",
  "note": "5ngx1q1j54az8flrrkb2",
  "group": "ik4o9wse8ea3loul1nxa",
  "pushed": "xkha201ddcayrvg7k8c2",
  "region": "northamerica-northeast1",
  "source": "yp45iqi1zh3hf2w0zxku",
  "status": "2q9llo5drm6pujcufvoq",
  "deleted": "gthygqfe7p238p1znixv",
  "message": "ukuqizdcam78s6ygp4ua",
  "endsAt": "2024-07-12T08:14:54Z",
  "generatorURL": "kolpn2azb9iiyv9pt0s8",
  "project": "cfrxygqiz5slb2o1acsi",
  "service": "dxxr6s56rg0pmqck1pjw",
  "assignee": "ipw2z91zdsydp736ki9q",
  "endpoint": "en37jvoew62orquzlc29",
  "event_id": "kejxbn0kv0ovx2phgz7y",
  "instance": "169.231.235.31:5119",
  "severity": "high",
  "startsAt": "2024-07-12T08:09:18Z",
  "alertname": "exbv9lrybl0xarol4f88",
  "apiKeyRef": "vefh0e44rll4afhz65aa",
  "container": "e94ad111fqs7jo2hgxlc",
  "daemonset": "9f2hz5tmq60ugmbyz5hu",
  "dismissed": "abeyfyd0lwtg6b5127ux",
  "namespace": "blye9q81smrlsjqvxoja",
  "alert_hash": "g5suxut3i95n7y12w6sv",
  "prometheus": "079hmjga8lkv3h8o4p4a",
  "providerId": "4gnv1svru4ustcclj8gl",
  "summary": "ap1bfzap2ekicgmwv8dq",
  "runbook_url": "av7lxlf0tu3h0o4ptxlw",
  "description": "I/O error on a storage device.",
  "environment": "yl3ey128t618xop711ky",
  "fingerprint": "dda5uw4i",
  "isDuplicate": "wlrdvflpj2fp9u6orbs1",
  "dismissUntil": "sydgxy0gisexv08xc5wv",
  "lastReceived": "ugqx9cdzlst175rzlbob",
  "duplicateReason": "6goqfhtprcg9xofx3agn"
}