{
  "id": "rl1nwvh2fipkzto2fudt",
  "env": "qa",
  "job": "rg15pgae0zskd2qroe0d",
  "pod": "aune45fyqzi4qkcn26z9",
  "url": "69ihochfw1zlrwsagp99",
  "name": "DockerSwarmInsufficientPermissions",
  "note": "qiwbt4yhmca5rnu3l4ye",
  "group": "mc0qb99hw39on2o7rn0z",
  "pushed": "i6awgstzt6w9ofznqohw",
  "region": "asia-northeast2",
  "source": "o5luycsdspnvb8yn6209",
  "status": "rpqxi19fod3zdlzqu17j",
  "deleted": "qj0sqenebh14rvapzob3",
  "message": "5piwhp2r3k1xgd8ozp4q",
  "endsAt": "2024-07-12T09:47:10Z",
  "generatorURL": "aqbpu5vpsivnkbv2rqwv",
  "project": "2qwf1qw9v7tv33vh00qq",
  "service": "oifag2dlpzw39g7nyyf1",
  "assignee": "8vz254cmewhlz96903hy",
  "endpoint": "vvpdp05wob3vkgzhnbxm",
  "event_id": "glcrt8cjjop3ccq10bpb",
  "instance": "52.31.16.26:59560",
  "severity": "critical",
  "startsAt": "2024-07-12T09:40:25Z",
  "alertname": "sq5u9xv5x8jydihtibr2",
  "apiKeyRef": "66cz8kkge8pf3hoow2ra",
  "container": "zj05regz320vflvg20mn",
  "daemonset": "izyp49ge249fkqhomlfs",
  "dismissed": "542ytkc1hrj6zdukx5so",
  "namespace": "ayo36gzxxfrx4okeqi9o",
  "alert_hash": "95pwg7zilfn89a947l5d",
  "prometheus": "tr5gd9wzd8u6ywbgxlqn",
  "providerId": "veocd3lxqrt4ei5quxy4",
  "summary": "d75g3lzdqk6alplmbwzy",
  "runbook_url": "95igz5u11iyy7hnr64dv",
  "description": "A process or user lacks necessary permissions.",
  "environment": "90qbdvbweboye3mq0189",
  "fingerprint": "q6wjo7lk",
  "isDuplicate": "dtffd4weepr4dj4o2x5g",
  "dismissUntil": "i3a0nxqcxzfee93ixlyy",
  "lastReceived": "yi76fvudzy2rgapyi4tt",
  "duplicateReason": "h0bsauaoovzs2ysfh205"
}