{
  "id": "4ycdoxyrn94e0vtzkht6",
  "env": "staging",
  "job": "iss8v36tpn6isng3sx6c",
  "pod": "093kstmzgguf2p9we52w",
  "url": "w511ohau3mizxf15aczs",
  "name": "BoxHardwareFailure",
  "note": "mf0w3rxv5shu8bakthkt",
  "group": "4e2bbjfwkbp9zkvh9zwa",
  "pushed": "mik032b5fn996z16rkka",
  "region": "australia-southeast1",
  "source": "s15fn93aoat9op153cyc",
  "status": "sydqlj6p4nqvuc4n3q6z",
  "deleted": "zt7ht9mfe4t5barwl98z",
  "message": "mt95b2prynhbhyvfhxe0",
  "endsAt": "2024-07-12T09:36:01Z",
  "generatorURL": "rfo7upyp0p2xh82nxw5c",
  "project": "bg4sqt322srrhcshx9u7",
  "service": "9xqqe2kvkfgsnz5fffna",
  "assignee": "qb0wlpp9t7dn3o2p1qge",
  "endpoint": "67kxkpkwdu3i3vbnykzl",
  "event_id": "qul6l5n9qjrmjlmr6hkd",
  "instance": "153.148.82.111:53876",
  "severity": "critical",
  "startsAt": "2024-07-12T09:29:08Z",
  "alertname": "vjk0pf2tlsqxveua59hg",
  "apiKeyRef": "caxgzzhqbaxiduwa7npj",
  "container": "lnndnfh06new0tur2h49",
  "daemonset": "ovf32nfieda3v5jo31mx",
  "dismissed": "cawuru56loogl8pvljhp",
  "namespace": "mif5a6nboo80hvqoq51m",
  "alert_hash": "b9uwrzcf9n3a2cah9xlf",
  "prometheus": "fp84w75ktzbtkw36mijh",
  "providerId": "ev0m71poww7eye3pmltu",
  "summary": "zm8b7n2ah9cckgtihevr",
  "runbook_url": "tmpxfrcg29ef77ee1zfk",
  "description": "A hardware component has failed.",
  "environment": "0rniazbmj0zgcs5xi7iy",
  "fingerprint": "ils68dvk",
  "isDuplicate": "rtkq4c62u1yklepgb0cr",
  "dismissUntil": "2msbv0pmapm3ha81ul3g",
  "lastReceived": "bw0wsvg74p217a6xno9s",
  "duplicateReason": "d9zr5oj3szauag346vnp"
}