{
  "id": "39x6cksvu7uysz2b6kgw",
  "env": "production",
  "job": "bf1e7o65229g1hc4h1w0",
  "pod": "d4l6s3xy8sxa58ls2y28",
  "url": "8wbiv68e1xh7sb4affae",
  "name": "NewRelicApplicationError",
  "note": "js5jvw8xcyxjuy6a9g7g",
  "group": "mq3a37jis59tdcm2wa8x",
  "pushed": "pw050wzmhnvwex1g5ilu",
  "region": "asia-northeast3",
  "source": "v0xub0g6au5q0tiahecz",
  "status": "vpy8dml2uwgnyvq1e5t6",
  "deleted": "4qwfs4ocf0yxateh6a99",
  "message": "zoghehsibfob8kdby0s8",
  "endsAt": "2024-07-12T08:38:18Z",
  "generatorURL": "q6ze6gcebzv2q5zu7zc7",
  "project": "l1x2kzg0bvkmlnhfyqo4",
  "service": "hme5adfpg1az5y1owl7m",
  "assignee": "n2tdnbi7zr0nrb8lbvwi",
  "endpoint": "x34jq0qg7hvf5gzf25w4",
  "event_id": "4zh51lm6ox7kzw4w5sqc",
  "instance": "24.145.234.30:17654",
  "severity": "warning",
  "startsAt": "2024-07-12T08:37:04Z",
  "alertname": "wpgclw2n232ytgmba451",
  "apiKeyRef": "gkz5bwrm3g1osh4xiyex",
  "container": "6y2m9u6ytmfg94jmqdks",
  "daemonset": "2um36e9wn5nnyb87kx23",
  "dismissed": "wp3u6h59bpe769twxwvy",
  "namespace": "p5jfqvm49oj5enu82o03",
  "alert_hash": "8lq1sqi17rcxmd5ntd5x",
  "prometheus": "bh9e081l53lsloqzwg9q",
  "providerId": "541cz9ptl52tuw5oy6as",
  "summary": "swek6gov1mdx6sppjgl0",
  "runbook_url": "ayw03uuuz9at1ew1qnj7",
  "description": "An application error has occurred.",
  "environment": "ota0sttzyg8zdkquw4hn",
  "fingerprint": "y764fp0k",
  "isDuplicate": "e3tcsmaueo2k1a4k1kz2",
  "dismissUntil": "kbuofajguupm6r0ju889",
  "lastReceived": "qk945hj43wbpf0m8qg0i",
  "duplicateReason": "vulsu3dz4wglyvwly5nd"
}