{
  "id": "u011r3alfgwa3qe3qez1",
  "env": "staging",
  "job": "jnhtddaqetpyk5xr7oq5",
  "pod": "clrbkab3cb6bg0o4dwy1",
  "url": "zxjnl0umtk0zru30qqy5",
  "name": "TravisCIPowerFailure",
  "note": "tbos8hb3r3gbnheq38ut",
  "group": "ipadwx6w1tptl3ioumuj",
  "pushed": "ofagdy1tp034g4wo273g",
  "region": "asia-east1",
  "source": "kouamqnxtgxxhlnazcjq",
  "status": "1oufn5aw94mpdnp1h6al",
  "deleted": "r25wsvmlqz18esbd4bq0",
  "message": "qbcu1ahud14sew7ocfz8",
  "endsAt": "2024-07-12T09:53:31Z",
  "generatorURL": "s8w3nghra5rkdzuntu5u",
  "project": "c95g0tkgc4v1o8h5ax5p",
  "service": "ran10jypw7glxh6i84sp",
  "assignee": "1n5ttt5ok2yb5it0iym0",
  "endpoint": "jdd8727b8ykov5spha44",
  "event_id": "s1t0jpml27a64m7x9zrq",
  "instance": "122.237.172.41:32811",
  "severity": "debug",
  "startsAt": "2024-07-12T09:44:43Z",
  "alertname": "vxr2xqglwv9vz1zf0udq",
  "apiKeyRef": "7m733291rgcoyyz6vdqt",
  "container": "7qo7axatbzl6fzcx9avs",
  "daemonset": "ucfux7o831xxczmp0spa",
  "dismissed": "m72laajygysr19nuxkcs",
  "namespace": "8cxsla9rzdmv6j62jsfr",
  "alert_hash": "cz8rongh62r7knj9vhj0",
  "prometheus": "7o2aqi33zbszcogwrxm8",
  "providerId": "zp40r8pg6sf8b1k5bl6h",
  "summary": "77r7ljkiqfxjsh8obdpb",
  "runbook_url": "qlwhqyj0b8ne4v8qish9",
  "description": "A power failure or outage has occurred.",
  "environment": "km65kjdftg1bmavnyr3l",
  "fingerprint": "iab39r20",
  "isDuplicate": "fvdmjqajsyp8yqy65pkz",
  "dismissUntil": "j2hulrpkc23pta5ikobh",
  "lastReceived": "4nmlv8vo22sau51g7yy1",
  "duplicateReason": "08j75xds9mjvj3p8xzsq"
}