{
  "id": "4akdj73c3b2uzbm6luu0",
  "env": "staging",
  "job": "xqsl4khks9c6f1vdcjjs",
  "pod": "1t04yod9xjlmy92clsni",
  "url": "an9n9pqklctmhz0pnqz9",
  "name": "RedHatOpenShiftSecurityBreach",
  "note": "v7hhbbbhzvqbfzh9dj1y",
  "group": "1mbrkl4nm0h4bedl70ku",
  "pushed": "6rr24xkiggqz60vtooj0",
  "region": "asia-northeast1",
  "source": "akho99s8y7izfndn5e6c",
  "status": "t0q2k3i44f4dhipwricj",
  "deleted": "thfxlmi1tpwqd995aotw",
  "message": "zsg8bhwwjav34yoh0trm",
  "endsAt": "2024-07-12T09:14:13Z",
  "generatorURL": "htqucxq5nelnarryg97k",
  "project": "sde80jhdzx28n8hbxby7",
  "service": "znojdrozo0xj4zyz7ahu",
  "assignee": "tkkjdak7ayeqknuuns55",
  "endpoint": "ktcgsv2z4wwe09i09unh",
  "event_id": "dcviwk78djg7qcmbzo2i",
  "instance": "227.173.62.197:22339",
  "severity": "critical",
  "startsAt": "2024-07-12T09:11:03Z",
  "alertname": "9lpa3qqyeywp2zopfo8h",
  "apiKeyRef": "pdkgf73w5g5l6s675p71",
  "container": "nwnjr9lorumllbub9t8r",
  "daemonset": "2dd9f6c5lptwqemi8ldp",
  "dismissed": "ll9z46bkggnrt3j0b1fh",
  "namespace": "uxltrtk1g89anz1yoy9y",
  "alert_hash": "m65yhl0rno8bqbmp4n3e",
  "prometheus": "6itwckqsw0xftxxp8s2y",
  "providerId": "vifcflw72hx0yo6qch5h",
  "summary": "v8tl0tajb70c0a73fkfc",
  "runbook_url": "nsk3stx5p5u1anlb1mk3",
  "description": "A potential security breach has been detected.",
  "environment": "v0rr3nhiacik0exh385j",
  "fingerprint": "jhrfiqcv",
  "isDuplicate": "wu1eb0dn2b241awwf6oc",
  "dismissUntil": "30bfzvh7h42hbdl9kwjw",
  "lastReceived": "594770q34ax2louumknh",
  "duplicateReason": "1qoidscpd65hnd1xak7c"
}