{
  "id": "vggknuv2c3yyoe8zpnhq",
  "env": "integration",
  "job": "luhgg2r3tabmmy89bllj",
  "pod": "om9ucx0zqfse3661qy8d",
  "url": "aer2oym2ohzrd6c83p6u",
  "name": "GitLabCILicenseExpiry",
  "note": "anaji3u89xuq4mwjdl7q",
  "group": "b8q8wnof877f75iy144v",
  "pushed": "rz52qoceot8vwnrfvcbr",
  "region": "australia-southeast1",
  "source": "bbtw700spowe9h7357c2",
  "status": "6gytn3wkwsgisakbgnx6",
  "deleted": "7w2p2ocexu9mfxd041ki",
  "message": "ytqyzrv9v2ej0okte8bb",
  "endsAt": "2024-07-12T08:49:23Z",
  "generatorURL": "ntm9ophrrskpjsrj9vqk",
  "project": "u5pvukw683wmqeefqja7",
  "service": "ewxzram6h99d23zzobo8",
  "assignee": "kvoq1hrtvszshknyaoez",
  "endpoint": "4qmubsewwpn2pjzlnqhk",
  "event_id": "xt1plbugz8cbsnf7c6zd",
  "instance": "148.27.182.137:38272",
  "severity": "debug",
  "startsAt": "2024-07-12T08:42:41Z",
  "alertname": "tl6lrfadjjb88zx0587r",
  "apiKeyRef": "z88i8mnt4zct6rh12zuj",
  "container": "8s3aandc0y7013yjbnty",
  "daemonset": "fm5ii9fftlw8xgtzwfnd",
  "dismissed": "40t2yxp6bcusssnaacn1",
  "namespace": "r0h0mpf84681qehjr0xc",
  "alert_hash": "7x29xsc913q86mln4ti5",
  "prometheus": "uoncgp0pso6ypcq4nv8f",
  "providerId": "o3qpmqetfx44vpgd9unc",
  "summary": "u7y5g3zyymqzn6h6o5n9",
  "runbook_url": "240kio8aloggfd0qtbgm",
  "description": "A software license is about to expire.",
  "environment": "vt4n2e1k28euod942n2z",
  "fingerprint": "76ggbp6r",
  "isDuplicate": "5txk32fc0jzs2ylzxet4",
  "dismissUntil": "tnqevjc8vajpp5vrztha",
  "lastReceived": "1vzvvjali9u91gcvvmug",
  "duplicateReason": "6fyppcklzijxjz5chgrr"
}