{
  "id": "rsglhcmyhu0mru0pra6y",
  "env": "testing",
  "job": "lxyxuv1bq7s5y4nw3rxg",
  "pod": "03xozszklubbzvgh70vm",
  "url": "h1m3bqdcp2v11xpqj6ao",
  "name": "CarboniteDiskSpaceLow",
  "note": "ld2prpcunr01kksvmuqt",
  "group": "lyeupl0iw1hxy7je13of",
  "pushed": "41zncsmdy50g09t4mbga",
  "region": "asia-northeast2",
  "source": "p8btsgywijfh2qou7d91",
  "status": "57kjzoejaw7ybe2v51zf",
  "deleted": "ad502j7y1fl1lumxo55r",
  "message": "xcjhxav44p3a19elx6q2",
  "endsAt": "2024-07-12T09:45:26Z",
  "generatorURL": "irasz7jry73a4cfhhop3",
  "project": "6wv98uratdynqk2fwuj0",
  "service": "9ry2wxlj4wgll0oenph9",
  "assignee": "7of230wcwvql8rtmisnq",
  "endpoint": "pzbwyxk4e4kdpb4kgf5h",
  "event_id": "3727fc54saqfwqlowrn5",
  "instance": "124.247.240.118:4778",
  "severity": "medium",
  "startsAt": "2024-07-12T09:40:09Z",
  "alertname": "quoocq6rysk0pq4ifapi",
  "apiKeyRef": "7cibcohjvffchox177xc",
  "container": "qen5j6x84vg3k3wx4goz",
  "daemonset": "8l6uhsgbqm2urkmw1kh2",
  "dismissed": "a7ea5mpv1jmqjr3newcw",
  "namespace": "qcrzq1ey9eeijh51vthh",
  "alert_hash": "490cj9s9jvngukz2obn9",
  "prometheus": "4r4y99su8cm3lft6tgib",
  "providerId": "cbb3ik2vdb3243qvngoz",
  "summary": "20flijx1o79sx4c6cm3c",
  "runbook_url": "i9zapu3lljn32ea71wez",
  "description": "The available disk space is below a defined threshold.",
  "environment": "45t0zpsyuzyfzeeabu1b",
  "fingerprint": "ow75u70s",
  "isDuplicate": "sv43tcz8u4i9s7vtzltz",
  "dismissUntil": "7kbb392n4d6gw9suu2wu",
  "lastReceived": "4eqkg9uvaxdmwepcy0qz",
  "duplicateReason": "c9tddtuhi8ctxblvmw28"
}