{
  "id": "n1gzm2ltvds4lqg0ht9y",
  "env": "sandbox",
  "job": "d038tk06pkt9ml8aaje8",
  "pod": "d2v70tn05a2y0c5euall",
  "url": "z4qyqwew19tv43urezxo",
  "name": "GoogleCloudCDNServiceRateLimitExceeded",
  "note": "r1tcc97hm00wlk31ofz6",
  "group": "tqu1ti07txzj80vwz21q",
  "pushed": "o8gp3gur24qb67s5w3zz",
  "region": "asia-east1",
  "source": "f87tyy40yv0yik43rl86",
  "status": "31399np9s5w6nasq4r7g",
  "deleted": "ga6552b99kwir68q1pwc",
  "message": "pl4k3wovjzsejydbc7ns",
  "endsAt": "2024-07-12T08:39:46Z",
  "generatorURL": "8ftnmfks53brw8fljuz7",
  "project": "d9l4iba4ozj69z03sj3i",
  "service": "nrwt3vuvuck3g2hibo7y",
  "assignee": "3vl4yvr5z1h1epiulvnf",
  "endpoint": "rlw1gdo1u0v4hforqurz",
  "event_id": "9nj5vky9j2yqxvx3sjxk",
  "instance": "32.140.13.109:9557",
  "severity": "medium",
  "startsAt": "2024-07-12T08:31:27Z",
  "alertname": "iasqv340nb5cevf4cp5o",
  "apiKeyRef": "11fszib937og5kc0afge",
  "container": "730t5e28smqehqfcy9ou",
  "daemonset": "g24ugdpd7jzxsotdqdeo",
  "dismissed": "luh7m2qgrtuk28qaoxgb",
  "namespace": "hfbhg8jnfvivoiznia8t",
  "alert_hash": "lyou4z27mrtsw2i3h871",
  "prometheus": "kczfmnxmkenlxgo83hnu",
  "providerId": "nmh5tiohpahhguy1lobx",
  "summary": "2q11qlt5fol8it8gtxzk",
  "runbook_url": "fn59slf3hadzljp2ou5c",
  "description": "Rate limit for a service has been exceeded.",
  "environment": "m3l2zjg5l22h83wlykvw",
  "fingerprint": "j5nhw7ks",
  "isDuplicate": "3z48502drm2n6eiiytt3",
  "dismissUntil": "056gl6adi5hlz3bb432q",
  "lastReceived": "i907r63mti65yedn0h0s",
  "duplicateReason": "016feqpki9onvxjll7wa"
}