{
  "id": "28m15tvj1m9n7nsgk543",
  "env": "qa",
  "job": "hguvchzvhkyetgaiyc3q",
  "pod": "8jwgq2usw4r4dcri7b7g",
  "url": "dsn8hdnasu1mzg5u057l",
  "name": "GoogleCloudCDNCertificateExpiry",
  "note": "1u7e36brxhabj5436evx",
  "group": "er7j1j3zxk73f93d1zv9",
  "pushed": "4wmgn1ww74gbidegg10t",
  "region": "africa-south1",
  "source": "rdiqd5wh7m7cs6a9637m",
  "status": "ha5kngrdez0ms543fcyz",
  "deleted": "2rj3ais38ezxgtcwqzjx",
  "message": "abxn9oleylgc3lz2v4w6",
  "endsAt": "2024-07-12T08:36:16Z",
  "generatorURL": "5q0e5zc33xbti7t2olmf",
  "project": "ec5ys5q87vdrp3s0lzgg",
  "service": "bocoevq7szm4hwdbpy5j",
  "assignee": "cajh5mlpo1wv96r8p09z",
  "endpoint": "hlhnq7wul0ct99h0jfei",
  "event_id": "mx24tvy40xqs6y4xxlco",
  "instance": "253.35.174.175:52711",
  "severity": "info",
  "startsAt": "2024-07-12T08:28:19Z",
  "alertname": "jgrvwfh63pxjksgk8aaw",
  "apiKeyRef": "kfrvi74u684q8g0uglqn",
  "container": "cga97or72y92fglqhchj",
  "daemonset": "h8hx2zywlvlchuqottg6",
  "dismissed": "dxo277hye0b4zyktjf9d",
  "namespace": "3mowt3n647uhstpw9jji",
  "alert_hash": "o51r5c2ygti8kc7iiih0",
  "prometheus": "5g8irnajto78juco8jnq",
  "providerId": "v6p42u5v7tss0cno1qsd",
  "summary": "m4u9fmdbl7fxt2fhfpyr",
  "runbook_url": "wbg44owukyae2iynm5to",
  "description": "A security certificate is about to expire.",
  "environment": "vez7luzb18hnh8eiway1",
  "fingerprint": "ils68dvk",
  "isDuplicate": "3n2q8imlw9u9c0t7y80t",
  "dismissUntil": "qii4qff9rknhr4u58goc",
  "lastReceived": "tpvybbqau6jd111nz6j2",
  "duplicateReason": "rxfs6z1eairlfrtpwvi5"
}