{
  "id": "w8nlhd7d4txywuy1epwe",
  "env": "qa",
  "job": "bsa5t5n38k10ro0f1bfe",
  "pod": "un41pnxq1cxir7aad7xf",
  "url": "80wfx6q9mvfs1hdlismk",
  "name": "SlackServiceDependencyDown",
  "note": "ddtx7hoffey68q7nfrzq",
  "group": "9bvnaf2qj66uxptj3r7r",
  "pushed": "d199rd7fkymm4sqslzyh",
  "region": "europe-north1",
  "source": "k8hddzpdqsi8dkim9es8",
  "status": "tkq9rb6fpu7yautqer6e",
  "deleted": "kb5wbijei6vh9jt01q36",
  "message": "higa37dsw8yri69lzdr4",
  "endsAt": "2024-07-12T08:27:35Z",
  "generatorURL": "7wm3ues5mvbz2sxxg5bz",
  "project": "g3qbkax1mrc7dhm70in8",
  "service": "rhbzi2xey5qvi6bw1uuj",
  "assignee": "37d7dgttr93k5frg58eh",
  "endpoint": "qqsnq6qb23dwpny1b16n",
  "event_id": "ib57ao6ty4us2p6gfks1",
  "instance": "201.27.99.60:29131",
  "severity": "medium",
  "startsAt": "2024-07-12T08:18:09Z",
  "alertname": "05wqink6amry0ural9qy",
  "apiKeyRef": "de3b6sb5zrbjas2w411r",
  "container": "xhu8bhx33aou3sn9bkd1",
  "daemonset": "xdm2ep46vgjrf3dwyozb",
  "dismissed": "js8rhvd0tp7c03mblzld",
  "namespace": "40ykyvf4bbgd5d8c0zv3",
  "alert_hash": "kgs7pjstpu8dvrr4jl6b",
  "prometheus": "yoa9zs0mpji75bozi8sg",
  "providerId": "wz404q8giqw7di8v1sx6",
  "summary": "57nno3aligj21mitklew",
  "runbook_url": "yuueacnpb9172c0mv0ed",
  "description": "A service dependency is down or unresponsive.",
  "environment": "pa54fnpqqsr83g1gbegt",
  "fingerprint": "23spc43y",
  "isDuplicate": "ixmi176111s20p80dy19",
  "dismissUntil": "yhfcwibqrnsj9pr0yjkm",
  "lastReceived": "n1ab8yl16uvxp4nm1hln",
  "duplicateReason": "n8jdd2r7c37u0jtlqzrh"
}