{
  "id": "pukpw99qk2qp0zgzujli",
  "env": "staging",
  "job": "e5tkkw0y0bdxqiq6exx1",
  "pod": "cvdtpr147q9ao4gapkt2",
  "url": "8hjd5paflzx0qgojz0ty",
  "name": "MicrosoftAzureSQLDatabaseFileSystemCorruption",
  "note": "t7rbzooyfphv7f54izx7",
  "group": "1knfjb1losrrhjnoj84a",
  "pushed": "upe253l4ncsdgd0yslsb",
  "region": "europe-west6",
  "source": "u367jzfhj49pqyntq4er",
  "status": "cfgg7srqyftqzim0edfi",
  "deleted": "ybk9cwl7c9cyaslxska8",
  "message": "xhmvbs9wo82vwyceudxd",
  "endsAt": "2024-07-12T09:36:46Z",
  "generatorURL": "q554luzqxihnwqrkqnd7",
  "project": "ux49b8pxkqwnrivsgg3w",
  "service": "zl03x9cprdcexozg2c4q",
  "assignee": "3mkkpw6elzeg0wy0mmue",
  "endpoint": "uokw8njztdp1ut9q9tia",
  "event_id": "63lqfqu3jlu26z2f1xfq",
  "instance": "227.173.62.197:22339",
  "severity": "warning",
  "startsAt": "2024-07-12T09:31:21Z",
  "alertname": "vwqfu3hl5ew2iltdamkt",
  "apiKeyRef": "wqp8lh4ebdnf0wf84pmx",
  "container": "k7epdxn5yr9tl2gzrequ",
  "daemonset": "oi40fa593py0953ni014",
  "dismissed": "oiszamne2bl1e3e5x7jb",
  "namespace": "gh1p1q3mb7n09e99u5tp",
  "alert_hash": "nybw2p3jywp6ed4waxob",
  "prometheus": "ih1hs3pq98c5ha01derc",
  "providerId": "8hru2ttc5zax6hq95juc",
  "summary": "eo14hwe381m3kqqk6sj1",
  "runbook_url": "e941usg24hs2b7jidh0k",
  "description": "File system corruption detected.",
  "environment": "kw70fo8b8n304rzxaqoy",
  "fingerprint": "gh4ol6e9",
  "isDuplicate": "gxft9nzyynjklqr1l22b",
  "dismissUntil": "m7a1w6w60qu3vqipz4w2",
  "lastReceived": "ikirv2paiwuul2e12rsn",
  "duplicateReason": "07d7a3d58cputxt38si3"
}