{
  "id": "fz3mf3iux74zwfvv5b99",
  "env": "qa",
  "job": "6gh76xdzzpmoqt0nxoze",
  "pod": "ickm9iwybttxoxlvaeqy",
  "url": "jczf0mab9ddr74a2iyle",
  "name": "CloudflareHighErrorRate",
  "note": "562o0u97wtywcki9yxg8",
  "group": "58zbh7d2edcoivmy2swt",
  "pushed": "zo2rkea3nrvhgf3fonch",
  "region": "us-west3",
  "source": "ghl1ev63ndgh2xty11ci",
  "status": "9xf61pjimunfcl12y20s",
  "deleted": "h6k8fl9cbqam29kd1nf8",
  "message": "b3mgofv8t7ok4jipcjqn",
  "endsAt": "2024-07-12T09:07:37Z",
  "generatorURL": "c2uguj04cdkmazn848np",
  "project": "cb0a43dprk1vuu48q9jv",
  "service": "meh16lf97gz2wwzwx7d4",
  "assignee": "ofycqzdmczn4zby8uc7q",
  "endpoint": "lum9v0t800jivqrmwutg",
  "event_id": "yq3c6dkib490p7bct72g",
  "instance": "230.38.67.26:30025",
  "severity": "debug",
  "startsAt": "2024-07-12T08:58:54Z",
  "alertname": "cnct0lkms0t57c4jaqsv",
  "apiKeyRef": "ngk4wmbnxteiqhmj9na3",
  "container": "8x7dwyw0fgha11awhyux",
  "daemonset": "yosg3gvbc7rx5s7hvlje",
  "dismissed": "ou113bpalih382krwud2",
  "namespace": "zjr3i43wwv11yp6524od",
  "alert_hash": "tfklc9meyrfl0eq30csb",
  "prometheus": "psdpe973zir1n2bod33h",
  "providerId": "hpefa0sn6xd9in2526be",
  "summary": "rwcdzm6cojkkr988ccbv",
  "runbook_url": "1q4o3scp2lxaq48whdqw",
  "description": "High error rate detected in application logs.",
  "environment": "06k4wspw7onmp24xr0g5",
  "fingerprint": "5se38hib",
  "isDuplicate": "d3ziu51e5ndmwo9mrkxb",
  "dismissUntil": "exe6xhgypsb1t49dgrrx",
  "lastReceived": "wqv6getw08rb847hpzwn",
  "duplicateReason": "wx80ib527ycv6lab44fy"
}