{
  "id": "sqjj77vz9dozrzzqjtaf",
  "env": "sandbox",
  "job": "i3m2g0jvy1ww7r710a8d",
  "pod": "7ngm2kqkpgtaevnbv35m",
  "url": "b7jzfsjhw4jvltvapyu6",
  "name": "MicrosoftAzureSQLDatabaseHardwareOverheating",
  "note": "0v3vyneifdq177dcfy1g",
  "group": "r3tir57v2nzq1ylku8ve",
  "pushed": "900nntybfuatdvlvuz60",
  "region": "australia-southeast1",
  "source": "dilzw7a6rjk6bybbjwoy",
  "status": "53cb9x73mr0a4wrsbs8d",
  "deleted": "hlws4uqf8put0r0bs9od",
  "message": "86vn3uvfk5vvjsncdcvz",
  "endsAt": "2024-07-12T09:07:26Z",
  "generatorURL": "u12cudhavf24tp20xhe3",
  "project": "fdwapbl9usvsaxs5akz4",
  "service": "pm0jme20cysf9ib2kdud",
  "assignee": "wfbwmtde56i4pa0j3ntc",
  "endpoint": "8csane3hjhdo4snokbiy",
  "event_id": "5d9ovnexzmra8o3cly9m",
  "instance": "62.183.212.134:55986",
  "severity": "critical",
  "startsAt": "2024-07-12T09:07:02Z",
  "alertname": "9uukow9nc2heneubnhuk",
  "apiKeyRef": "hbi81jzulp9ya9wjw7xg",
  "container": "qq3hmg7m0anp25gi3z95",
  "daemonset": "ovotnzpgb5bjv70g9x6u",
  "dismissed": "c0pxum14hrxciwhbx9cc",
  "namespace": "6aekjvqxlx7ihjbhqolz",
  "alert_hash": "5o4b8m26wksz1nm6xohm",
  "prometheus": "8iu2vqotygm3ro7x0kvk",
  "providerId": "77uhl5mujweb2jvuildm",
  "summary": "dggxplvg9bk35r385g41",
  "runbook_url": "6guz2rdlumm730ywnya7",
  "description": "Hardware component is overheating.",
  "environment": "2lwdpmzw73cw27joluyp",
  "fingerprint": "b60xyu2y",
  "isDuplicate": "0ve75voaywqn1z0jin2s",
  "dismissUntil": "aaiv6k1d5war7su8cs0k",
  "lastReceived": "d4bjpsd4jc5tlgl7qr0k",
  "duplicateReason": "v1qd6e1gr3v1t7lkkkb9"
}