{
  "id": "0in2rq9oaedptbhf7zcp",
  "env": "sandbox",
  "job": "vwuzg5y5uh10hhno29qc",
  "pod": "2sen341pylevi2eqyldw",
  "url": "66m35syd7z8mn8vd9ocw",
  "name": "TableauSlowQuery",
  "note": "85l32rul3bhsp4kqdori",
  "group": "7ax8bnvl0mahllhlo9ru",
  "pushed": "sfk5pdpdgjompyv85gyq",
  "region": "northamerica-northeast1",
  "source": "gww5b2fz589wkvxtuqpl",
  "status": "wh02vpey2h6gibpwq5g9",
  "deleted": "to5tfeytgsco1od8arc3",
  "message": "ozstijw4fodhdrmtxx3i",
  "endsAt": "2024-07-12T08:15:51Z",
  "generatorURL": "x9561wb5tnaabisl625a",
  "project": "eaf1vkvlb4pp6c1v4k30",
  "service": "82gzgqou7trms2dddbhi",
  "assignee": "8fjzhjsgfbz6a5qh6uer",
  "endpoint": "vfemtzovi5arnym506x7",
  "event_id": "ua3qhnigks7qn7ibokqi",
  "instance": "24.153.80.62:47829",
  "severity": "info",
  "startsAt": "2024-07-12T08:06:25Z",
  "alertname": "23fm3qh3suhamhbbgbr1",
  "apiKeyRef": "polune5tkxrv8vufmgz5",
  "container": "wnnr9h2zcuwtbfwnxfzk",
  "daemonset": "10t9wgiaavhr9uaiwts1",
  "dismissed": "yegm3b5hi2dvmdri6ttx",
  "namespace": "niujm8ktbt0i1vcyn15s",
  "alert_hash": "gfhm85hd63wbdmjl9vv9",
  "prometheus": "o3norga77lp3oi7jt00j",
  "providerId": "jxt58324n38ysdacmgbb",
  "summary": "hkc4c56i5ne4s49rjcho",
  "runbook_url": "bvfarvwu3rjp5kqajto3",
  "description": "A database query is taking too long to execute.",
  "environment": "em2oo12svdk0xe9038rj",
  "fingerprint": "j5nhw7ks",
  "isDuplicate": "j0hky3nynetmcqaacmd2",
  "dismissUntil": "n5cx35wmdkautde9b3jw",
  "lastReceived": "2vro2g4invx50d9aw9is",
  "duplicateReason": "d4wohz7hq3rniphzm23q"
}