{
  "id": "d7tc9ap5mikyaoa45oap",
  "env": "development",
  "job": "2ljac4r6natrqv22h5iq",
  "pod": "69mk5hn0yklkjuziwu37",
  "url": "f90c5ljp1tx9w1tm9s7h",
  "name": "ZoomServiceDegraded",
  "note": "zmlvd5h1h6kjy2x2fxcd",
  "group": "3ta49nh6of8jnc0xzuxb",
  "pushed": "20n7j14bh4om942kh5w2",
  "region": "europe-central2",
  "source": "rty1oblyrzhira85qhea",
  "status": "17qs4z6cz621gau75d9t",
  "deleted": "wm22y8jgwoea8zgux01s",
  "message": "fl1by86c6vwyund1uj3d",
  "endsAt": "2024-07-12T08:37:39Z",
  "generatorURL": "a2q7dv6orkcw4iwy1cev",
  "project": "oba7cmdol3n7umhiygrf",
  "service": "2ff37rizscgh8d380d1u",
  "assignee": "escfmwr9t7hf3y54g75d",
  "endpoint": "iofysee9kanzdr6hpmf9",
  "event_id": "yhl1kn6zy9aq7wo0ffaw",
  "instance": "134.74.134.103:50297",
  "severity": "critical",
  "startsAt": "2024-07-12T08:34:22Z",
  "alertname": "2ua8rvi01uilhuvzd14j",
  "apiKeyRef": "0wp44d2co81wh12ot8jr",
  "container": "2dcn0wq0886btejcyf39",
  "daemonset": "lnukdi5yljrzhno86iie",
  "dismissed": "58j95maw1jr6zlsl6skp",
  "namespace": "nytnckpli0sbzvot712e",
  "alert_hash": "5pvnyufut4xrah976bot",
  "prometheus": "1gjin41h04o54spomj4w",
  "providerId": "fh0rwwy2xhyi45dg86fv",
  "summary": "0o9bs07znsfdlbmjg97t",
  "runbook_url": "uspdejr1xvddv64mpan6",
  "description": "A service is running but its performance is degraded.",
  "environment": "3tk29176yti85tbw5v7f",
  "fingerprint": "iab39r20",
  "isDuplicate": "d2ii1mklg0j8rcznvc31",
  "dismissUntil": "w60z5d2qgyjnn93l5mj3",
  "lastReceived": "uvmufvcvi927ptll5oh5",
  "duplicateReason": "7aueadz3e0zdo5ylhqt2"
}