{
  "id": "bl565qw6b253e2noyns6",
  "env": "demo",
  "job": "lpvuxyq5yoa3p99uyw4m",
  "pod": "0bn19cltrvak70iz7v7g",
  "url": "1frluesmts8z4fsj7gl5",
  "name": "MicrosoftAzureSQLDatabaseInsufficientPermissions",
  "note": "4qzoup47uf67z1zwq7cg",
  "group": "3imvf12psh2lh0dbodlk",
  "pushed": "uicoyjeo3frsv0bar60m",
  "region": "asia-east2",
  "source": "2xsz96wzxn2rokb6o9vr",
  "status": "ty1b8aoiafunsb8clczv",
  "deleted": "twu5aeoolprkvhvo16kg",
  "message": "fwopvvhvbotwzjzeyrin",
  "endsAt": "2024-07-12T09:39:56Z",
  "generatorURL": "w06z1mwnjjax912ymx1w",
  "project": "ijx7vt91ffcla6bq6g8d",
  "service": "syeqjho1miytadenxt2k",
  "assignee": "1cnfj7rc9s9dbu5b6yva",
  "endpoint": "fxhstuuc87xdn7f4o64m",
  "event_id": "h0w3i3dyye7td5klsmoz",
  "instance": "246.246.60.160:42570",
  "severity": "low",
  "startsAt": "2024-07-12T09:36:57Z",
  "alertname": "e2di95sa1x5il2majehn",
  "apiKeyRef": "y95dya3ugeudw24xpi01",
  "container": "z08s9xmnpu1368nrhva0",
  "daemonset": "8280igz1eofne51zshbn",
  "dismissed": "4idki427fknm0qwmc42t",
  "namespace": "q1cmb6yjl4u2lwv437cw",
  "alert_hash": "53dk18gn07zc027avs9z",
  "prometheus": "zlkdw7yj1f8ywdpqnpwj",
  "providerId": "wgi4nqnej94rkyrqh0vx",
  "summary": "lk0f61w7k9awpjb789uk",
  "runbook_url": "aj52wopomx2prjmj5py6",
  "description": "A process or user lacks necessary permissions.",
  "environment": "2sydxjzwgp4yfawf4va4",
  "fingerprint": "jbipfwbq",
  "isDuplicate": "i1wjk4bcrxc3te0ez8eo",
  "dismissUntil": "qm95v7w4xl348wy913hk",
  "lastReceived": "koabc3sbz2sc9tw7pgaw",
  "duplicateReason": "nggpl2ai39nvfrgpwo09"
}