{
  "id": "6t8g0kcra0lcpdh25pgd",
  "env": "production",
  "job": "06ay9znfndz9jebdjtsu",
  "pod": "a1hgo9txqyam85mn5un5",
  "url": "5f8xq3ekn7dm41d51alj",
  "name": "AmazonRedshiftConfigurationChange",
  "note": "it8n96jox14c5z9n7v2f",
  "group": "wyluivvczjqywx9zijcn",
  "pushed": "mbl51k00szzrg970gs2b",
  "region": "asia-northeast3",
  "source": "9daegesajo9hpulgqjjx",
  "status": "kldfh6dy0pc71btb9nrm",
  "deleted": "826b2fv5krx1njujby63",
  "message": "uy1x4cewp0i1s8fhevn1",
  "endsAt": "2024-07-12T08:16:44Z",
  "generatorURL": "m7wlh7c0vzlft0dadkpl",
  "project": "7b1du7qcp3bcpxcuj7e3",
  "service": "9wg48kl73zc8x2n35vqp",
  "assignee": "c0k7bw79nwjp2s40vehe",
  "endpoint": "1n2ixr6jon6dxkhvxnnl",
  "event_id": "63q22ztikkjrov41limi",
  "instance": "78.198.217.88:59545",
  "severity": "info",
  "startsAt": "2024-07-12T08:10:46Z",
  "alertname": "nfoud13c06v0aec2ha68",
  "apiKeyRef": "yaj5veh3js8p8d5q78al",
  "container": "s71ymhfjou67pm0ifxa7",
  "daemonset": "ieze74aruwgj4lf8oh23",
  "dismissed": "0vhbf31vo86syu9y5bys",
  "namespace": "xyelxpmz5pxhssqlzkrg",
  "alert_hash": "wu4gv0pj6it67ddz7x7g",
  "prometheus": "ui60jd85zeg2jvikspqg",
  "providerId": "9hbcs9fflks6dbr7z3od",
  "summary": "mni19rg6packg5tekti1",
  "runbook_url": "515p1mhfrtlzecqwtbps",
  "description": "A critical configuration has been changed.",
  "environment": "y2byf1vinsasuvnis9ko",
  "fingerprint": "5se38hib",
  "isDuplicate": "gt2tjqsy5a0k3ea1iett",
  "dismissUntil": "rqugn5s55cc6xoxp9rwo",
  "lastReceived": "1kw0vkz4gin9xt06m15g",
  "duplicateReason": "gs1kdv1v09bljm09sa7x"
}