{
  "id": "7kddira46sm5lfqvumic",
  "env": "staging",
  "job": "3ex3niw94ubr9gokm4zn",
  "pod": "sfflnfoznex484jsgi1u",
  "url": "0xmrj3rm0kvmxo0kaxja",
  "name": "OktaServiceRestarted",
  "note": "mq2lus8ev1euvozvhk1e",
  "group": "zn6ykns8qbb1qvscpz23",
  "pushed": "n8hyszgkvgse5f59xfko",
  "region": "asia-south2",
  "source": "n5lwvsk8t54zu60jor0o",
  "status": "pqabarqi3z03tn7639qe",
  "deleted": "r1sf05hm13fjfqgqdk9d",
  "message": "rxhzc723nzdbzec3dg4h",
  "endsAt": "2024-07-12T09:34:45Z",
  "generatorURL": "x8a47m3g0qq8pjbgsrb9",
  "project": "ge2nzvac85i4psado6ha",
  "service": "26j1ba4vllo8tv547fkx",
  "assignee": "zmpz0shxmse4n96b46d6",
  "endpoint": "46szj56vf9kj250e5nte",
  "event_id": "8qzl4mqnjibo4swhmhl3",
  "instance": "241.246.37.207:28819",
  "severity": "warning",
  "startsAt": "2024-07-12T09:27:15Z",
  "alertname": "zlkkawzmq17cnqsksmfv",
  "apiKeyRef": "lf94ucssxvohw3pb802f",
  "container": "7u0axqzfq5xi11qoj8dg",
  "daemonset": "vfvdrwwxrji2yvhw8ho6",
  "dismissed": "82ij1vqqjnhcdo2x22p2",
  "namespace": "04j2ouufqw0rkxj55lco",
  "alert_hash": "4tekth34luin4o8j6qaz",
  "prometheus": "3xz5hshqvilg2t9qh1t8",
  "providerId": "v1zpgomk4b3qh9k67pzw",
  "summary": "bia2l5eleop1aik7pn2y",
  "runbook_url": "kbqn35pgr6zqo2id86ur",
  "description": "A service has been restarted unexpectedly.",
  "environment": "3d5zixr21oayyng3rxji",
  "fingerprint": "e2urdfxw",
  "isDuplicate": "vglr5hlyq63lg7m7jyn5",
  "dismissUntil": "dov4hjm40j2s5iqzdgpg",
  "lastReceived": "jz1dv8fneum3df65su21",
  "duplicateReason": "m1iywyz4g4lr38mso9zz"
}