{
  "id": "sf7bs6x5un1bud2z645n",
  "env": "production",
  "job": "ec67s2rfdjuqz3dxm7ii",
  "pod": "fp6w1e9d5p1bag6uoiai",
  "url": "i5kemv2mh1g92tqbo1j2",
  "name": "AcronisBackupResourceExhaustion",
  "note": "5g4l2sawnv76xoghzup4",
  "group": "ee3iu885y0510f09w3jh",
  "pushed": "ev0t1bp0dng985ahg581",
  "region": "asia-northeast1",
  "source": "yef78hvnslnookrmjfn1",
  "status": "cd71yglblpzcit3zluyw",
  "deleted": "jd0ngwrygfjveiybxeqg",
  "message": "owytpvufalbk5mi6u8ts",
  "endsAt": "2024-07-12T09:41:03Z",
  "generatorURL": "fmszc7hcvkwyoxu29f92",
  "project": "85u8to4n5czbuhbt1aj2",
  "service": "m271tppnhi3jof3jo9bn",
  "assignee": "0o3mrb3wq22phc7fdbr5",
  "endpoint": "mn6qu8qwrzsqialbotpd",
  "event_id": "k5iij5q2bu18kcygb7sf",
  "instance": "122.237.172.41:32811",
  "severity": "high",
  "startsAt": "2024-07-12T09:38:59Z",
  "alertname": "s8wouav6rfma563nvtyb",
  "apiKeyRef": "sb0ooygvk4t9klgqlnfq",
  "container": "ndwukiuy8v1ob7gmk28f",
  "daemonset": "9dhkp05rr72ihppwavfk",
  "dismissed": "avuku3m5cv31aziaajc2",
  "namespace": "wmnvltap81k2dl12bl5s",
  "alert_hash": "rvd79b2deu9yrhuc1rfb",
  "prometheus": "yh3kmg6qbz8x41aep0rj",
  "providerId": "nh7vu14qe5quj4m0h9df",
  "summary": "jqv423x0dgpxugcm511f",
  "runbook_url": "8alr9zhsnk2rlrn6vf51",
  "description": "A system resource is nearly exhausted.",
  "environment": "jt34koiig9b5kzbj7h77",
  "fingerprint": "9jg9vnh0",
  "isDuplicate": "c2ajds815r4x8yd2zvjc",
  "dismissUntil": "y6clly638cysrqy48iay",
  "lastReceived": "i81qdxi8ahu0z1frq9vh",
  "duplicateReason": "7mx2ktbyfftr87m3u8or"
}