{
  "id": "5l8mgfic9yd44afw4sh1",
  "env": "backup",
  "job": "qf4r9r06mt17qk578ku7",
  "pod": "5mup3cec1br9rnbciuy4",
  "url": "knw2sd4snckbg4n1xt4w",
  "name": "GoogleCloudSpannerPowerFailure",
  "note": "wy22j0vh5bpuk98q23xu",
  "group": "18sgf5u2f5d91gh8nm7q",
  "pushed": "rliexb53k6cuq38hirhv",
  "region": "europe-central2",
  "source": "ivb5zx9xgq5g9ii9ztp0",
  "status": "3wq3sq1v9ql5lhe75bdc",
  "deleted": "q5i5ttguw7856r37h4to",
  "message": "5l8h30662kgfns4q87v4",
  "endsAt": "2024-07-12T08:53:08Z",
  "generatorURL": "kl6188grp32b7c96wpfy",
  "project": "0leo4cjefr1jps1f4dho",
  "service": "h03laddlm3f6yzifzipi",
  "assignee": "ir2zlnw9gqobp564ex1w",
  "endpoint": "tiot2b2336iawnerhgjj",
  "event_id": "094me81a73w7rsusswss",
  "instance": "144.169.241.66:34704",
  "severity": "warning",
  "startsAt": "2024-07-12T08:49:16Z",
  "alertname": "8prn926wtsdp68tiwxzk",
  "apiKeyRef": "2n807fdrslgxi45miydf",
  "container": "1rp5odgyndtcdywe4sgf",
  "daemonset": "mguj4gs2y11q6d69eiu1",
  "dismissed": "74o8gox2sjx5kv39kw2e",
  "namespace": "w4c2ed5y5ljej7jhg4bq",
  "alert_hash": "lhledrspl2rbwaphn64c",
  "prometheus": "yimh1e3k2oo2dpqrhwl5",
  "providerId": "th4p0mn4e4bbbbsfhseh",
  "summary": "05k8dbvag8yokn7ztbbu",
  "runbook_url": "u1di4wwglfd5pnr9jgpp",
  "description": "A power failure or outage has occurred.",
  "environment": "8qmxh4ht5a9h2kcb8yrd",
  "fingerprint": "8uk5kuho",
  "isDuplicate": "eememesml5tq88i1udq4",
  "dismissUntil": "ntnfbuf4rjtxku8jxsge",
  "lastReceived": "v8ho3hrszzhm3j7elowr",
  "duplicateReason": "sfjx7uuaetmaicpoqkb9"
}