{
  "id": "7ipgopwhtdcda1tmsfhn",
  "env": "qa",
  "job": "wcaz7rt44rg7vuvhjy1x",
  "pod": "rp7bni6h7crrv61tlniv",
  "url": "n7ens07938ftb5r4yvgn",
  "name": "CloudflareDependencyFailure",
  "note": "1s8m4jfqz4qhr0sjbhi7",
  "group": "kps20r3qhui32o0mbqp0",
  "pushed": "o7np7xuaq5l0gihsvgsz",
  "region": "us-west1",
  "source": "q9bsbhtsyw4uhukzld09",
  "status": "zy9ys61qfqm4wo95nks1",
  "deleted": "3l97td7om2vyvi5ihqh4",
  "message": "4e90jwy2d53wjujmr69e",
  "endsAt": "2024-07-12T09:32:45Z",
  "generatorURL": "s0j17ck3drbicrhv176w",
  "project": "m01iouz4u6fsiybxz26t",
  "service": "fjz5ewaerja2dk4slhds",
  "assignee": "mm8c8d2rruhcabp9xci7",
  "endpoint": "jke9jhe5sprb5j8i7374",
  "event_id": "xvc2gwvmhn3mplxpu6kv",
  "instance": "153.108.105.82:16249",
  "severity": "low",
  "startsAt": "2024-07-12T09:31:15Z",
  "alertname": "4qlai4vnwrxsw9xtjipf",
  "apiKeyRef": "vt2c1b27rp986bm3pm5i",
  "container": "20i7ohzy6dycndpxg2dj",
  "daemonset": "o9a54klu9vgsk6jbee5r",
  "dismissed": "az3wt0awtjpaev5tzsxb",
  "namespace": "j129c5c02o1stpr9i8ky",
  "alert_hash": "lx4lqd2paaob6f9q2uu5",
  "prometheus": "ymrne5ro7w7ztpk3e9gl",
  "providerId": "in70xy024b5r9z5jev7f",
  "summary": "fc21jee1z7s5070076ka",
  "runbook_url": "8129ocw86gdqzj8nl212",
  "description": "A failure in a dependent system or service.",
  "environment": "qx3cjn9mu0j38nlqje9a",
  "fingerprint": "8uk5kuho",
  "isDuplicate": "bhn1npvouf6a8kffqwyq",
  "dismissUntil": "sgt9uqul248zudmg393q",
  "lastReceived": "oouxliri6asbyyzzzx9o",
  "duplicateReason": "pzkzn5oep60ej8bke8ve"
}