{
  "id": "tq3duyneu0lf2z2c4t1m",
  "env": "backup",
  "job": "s90djq8oy5rxpx2x0xro",
  "pod": "pr1jnp85r31ov1lo7dcw",
  "url": "knryi1syan5hfm7nbxvj",
  "name": "FastlyProcessCrash",
  "note": "0ams0t07e9sh0rv9nu1e",
  "group": "hcv5k6o5i14iicb05egw",
  "pushed": "mompoxekiklfjm7kasy5",
  "region": "asia-south2",
  "source": "x6rbg46hie0f38gpge82",
  "status": "b11fbv2tkde0fwjrvets",
  "deleted": "e56r37hi09q2qojzjcrt",
  "message": "tiiycmc1pkb7tou5oazp",
  "endsAt": "2024-07-12T08:36:07Z",
  "generatorURL": "w3457zyxd6hn5v63griy",
  "project": "aa5t7t5z9hj52tqsmzbw",
  "service": "fr28o0adekbbz6h4t7wa",
  "assignee": "ikp72y1rftw0gfth08dl",
  "endpoint": "xb33ilbdm7q4i1hqwj3b",
  "event_id": "ikki5m3avq4iypsvizd4",
  "instance": "201.27.99.60:29131",
  "severity": "info",
  "startsAt": "2024-07-12T08:27:56Z",
  "alertname": "1cz9sommxq5qvylnom1i",
  "apiKeyRef": "0l7fltz1feybszl557at",
  "container": "p2qxdc85xb1vp6db8n8k",
  "daemonset": "xjzv4390ssza7roivzi9",
  "dismissed": "w8w9qm5smfe0ozkld3a3",
  "namespace": "np6uxnqynsawa32rm60p",
  "alert_hash": "es8mvfgg7v6ptasvkulv",
  "prometheus": "qvrt7a0fq2j68vpxz3fq",
  "providerId": "5logzz6nmood3q6xkh6n",
  "summary": "6cnhxu5mu0fdivl2hcp2",
  "runbook_url": "20gvww887ko66i4gknxa",
  "description": "A critical process has crashed.",
  "environment": "5vrfivodxjbzmk15cbdi",
  "fingerprint": "3yupwbdn",
  "isDuplicate": "am6ktwmdhjcrp47yo2wh",
  "dismissUntil": "5zllanw7f5domk1aema0",
  "lastReceived": "dbmxu7dd1n4ucn1cualh",
  "duplicateReason": "qkhxcvtgrol0671h2hu4"
}