{
  "id": "sxa07hnd54ymmv5sb4zg",
  "env": "production",
  "job": "ea1xyucce2ntza6jj582",
  "pod": "qmyot28li0r9qhs837gd",
  "url": "4oobqez7vjqblnxl6bhl",
  "name": "AmazonCloudFrontServiceDown",
  "note": "ktbdku5cdnsbds1sfflm",
  "group": "ufn0gmzakv1k6gayd86c",
  "pushed": "wgjrq5nnleknix47f0gd",
  "region": "asia-southeast2",
  "source": "kau8p9bdrymyhtxakahu",
  "status": "hts6af8izkfarbgmgiwh",
  "deleted": "daj5b2b6zayw1pageyax",
  "message": "pad95y6lgx4s0et7i36w",
  "endsAt": "2024-07-12T09:12:00Z",
  "generatorURL": "eyvw57ubbx5tq5dtpv9n",
  "project": "dj2b42qikx2hbfbwtx93",
  "service": "6zgbx99vaonvtoqjftm6",
  "assignee": "328m3lozj3gvi8h0xrpc",
  "endpoint": "xk8wrvwzjh4t0n1hsc2o",
  "event_id": "tn37pbghiohummpg3ruc",
  "instance": "122.237.172.41:32811",
  "severity": "info",
  "startsAt": "2024-07-12T09:10:23Z",
  "alertname": "w3pbf3s6pgvhtspu68bs",
  "apiKeyRef": "bsy8g91pb8wl9a7wi27p",
  "container": "7ngd4l574lgm8r9h1wji",
  "daemonset": "fxokyu8wo7pb6xjkd02u",
  "dismissed": "r1hk0qzaz87h931jvmg3",
  "namespace": "brecuihxdt3oco876oh9",
  "alert_hash": "xx7clchmxllh9kw7ixbn",
  "prometheus": "61jcs7jv53ms139cafib",
  "providerId": "8n7z96256sph43ldj0ri",
  "summary": "jfw81ic68tbsi54lpmjz",
  "runbook_url": "yfp4nejkapq5f9bvhw7i",
  "description": "A critical service is down or not responding.",
  "environment": "46qaxvds29yoelj5pfjq",
  "fingerprint": "tdsj83rk",
  "isDuplicate": "2em29k9713t0jduupkmu",
  "dismissUntil": "7c78c9m3pv78nocj5wqr",
  "lastReceived": "jrkyzwaq2t1y19w2lz5z",
  "duplicateReason": "3ulkag4l9od2lj9t7l7t"
}