{
  "id": "7fvteqq28a34oin7sc2s",
  "env": "demo",
  "job": "fudydcnmcibb9wl2z9km",
  "pod": "i0yc0eaxu5syngbfxmsc",
  "url": "nl74114nixh95stoe0kd",
  "name": "DockerSwarmInsufficientPermissions",
  "note": "vd1unmshpd6ltct2dp2s",
  "group": "6dzl3oysg9ya8ni7sdpl",
  "pushed": "e9y20ijg6tv4ouuawlln",
  "region": "us-east1",
  "source": "ka6ygd00njeqntt9tsme",
  "status": "96f037iilp6tgatlegcs",
  "deleted": "bxc6zcriny2nstvgxmmp",
  "message": "xjm8kw3ns1favxysc7o5",
  "endsAt": "2024-07-12T08:59:48Z",
  "generatorURL": "x6142omz0qydof2rj2de",
  "project": "992iqwlz5gqs68dxcaoo",
  "service": "e0nhtf9mdcjnyl3o12ur",
  "assignee": "5radnpwu82rgo17anjxr",
  "endpoint": "urwh9k1rcbq5kgl2spa5",
  "event_id": "1qi8xhnqmzf37ktxs7ux",
  "instance": "203.220.181.212:36917",
  "severity": "medium",
  "startsAt": "2024-07-12T08:50:26Z",
  "alertname": "h59pamns0fokhmfmsab8",
  "apiKeyRef": "7fq65ye3ia86f7cvppq1",
  "container": "0381l7bkadf2b37r2y9w",
  "daemonset": "benc19az5oeabsd9d61q",
  "dismissed": "21f0heb6pigjsfotmr2g",
  "namespace": "5vl85vtw9fcq4xkortp6",
  "alert_hash": "kfi0rmtffxoqx0jvutrf",
  "prometheus": "qroycravltulzp4zrt6e",
  "providerId": "cgwjt8a0nyrqcof4nyex",
  "summary": "89zm9lry5t38wfez0gjk",
  "runbook_url": "o1djo5xbviwosncwyks8",
  "description": "A process or user lacks necessary permissions.",
  "environment": "fggsmhrxoje0bk9mhcmx",
  "fingerprint": "jxukkjt6",
  "isDuplicate": "5i14o9yo2hhbybwl6mah",
  "dismissUntil": "srqs558auekqrxvfvo10",
  "lastReceived": "q2z5p1f6q2rh0231qzeu",
  "duplicateReason": "ovsjcrpjku97w6nr6kj5"
}