{
  "id": "4m8omfj9vjri98u9zwvo",
  "env": "development",
  "job": "lhfwnlasicg8wdgkudt2",
  "pod": "r604jsbtysdkfj1gj8td",
  "url": "llewbrkqquvhdczwidd4",
  "name": "AkamaiBackupFailed",
  "note": "9u0ekafsc140kv5x4b1h",
  "group": "dxj7cje3dftd16t84af8",
  "pushed": "nsdrg78btzzpza1sszqz",
  "region": "europe-west2",
  "source": "8y5ezos7icqtwa07ex4a",
  "status": "3g94r6dgf52pzcmh5pv8",
  "deleted": "z20dw3tr7dcp7rv7j27j",
  "message": "s7jplub64fyjzyhd202n",
  "endsAt": "2024-07-12T09:40:44Z",
  "generatorURL": "40absshpk2lf6taazm2y",
  "project": "ktax5om3cskl3vawv9g7",
  "service": "fwrmyp2i7zge2xbwgngq",
  "assignee": "yqyinctbohuj1dn23fq8",
  "endpoint": "apinxdf3l0txnch4ggg9",
  "event_id": "mj86cqd3bppyznxputa0",
  "instance": "59.20.155.185:44393",
  "severity": "critical",
  "startsAt": "2024-07-12T09:36:06Z",
  "alertname": "64yzt90ucwca5z5gs5kr",
  "apiKeyRef": "6adiuwpcmhfqc2e6nr1b",
  "container": "7uh49n2l4ts5c9hfpeor",
  "daemonset": "juywvc9vmiaczd8bdxb9",
  "dismissed": "0sspw04ekwehmxhc5ss5",
  "namespace": "92gg45cg06moi1wo00hv",
  "alert_hash": "vppsvmu5lhvvi3i7ogtr",
  "prometheus": "gcgkn8l8b88hlskc2ntz",
  "providerId": "06aqmi37sjktrajf15ls",
  "summary": "iv39zkqwgg128evmo4o7",
  "runbook_url": "0n34eyzwbyr1z8sgk3x1",
  "description": "Scheduled backup has failed.",
  "environment": "x6ryqjy12jkzbmnxvuf3",
  "fingerprint": "s7znlhav",
  "isDuplicate": "mzqhoti14ansko2go91j",
  "dismissUntil": "mrtmx8u19s0bn5tgd0rh",
  "lastReceived": "zrn6so0ca5ool3xwzo9s",
  "duplicateReason": "vn9jmcmzqe6rrelpswat"
}