{
  "id": "tzkygp3422abl4cn87ex",
  "env": "sandbox",
  "job": "cfnc75cgcbypcmpcxh6j",
  "pod": "zunnf6uxsx4m20a0oxrt",
  "url": "6q7gaanw3wdogwhrjswn",
  "name": "SlackHardwareFailure",
  "note": "kvv96bn88fp254cg13zw",
  "group": "bl5c3b31epey67934xa4",
  "pushed": "yqeqgb3atrqlh68y2jrf",
  "region": "asia-south2",
  "source": "cfhnf4z2nh3z0n6y0v4w",
  "status": "uc2wf3rii3nr5n2ly417",
  "deleted": "ixy6d5quulbk9mzg2twz",
  "message": "sy9lohwz6ut1qo64r441",
  "endsAt": "2024-07-12T08:06:02Z",
  "generatorURL": "utw44agmcqzi6z647m1m",
  "project": "76zjggr027sskmqkge4s",
  "service": "nraagt3p71kwteov26tp",
  "assignee": "e07txml2nufvet9c7wyt",
  "endpoint": "6rj9p5khkanrqiae6gx7",
  "event_id": "z9j22m01iu4buze8409z",
  "instance": "240.83.87.126:21420",
  "severity": "info",
  "startsAt": "2024-07-12T08:03:45Z",
  "alertname": "05ui2eybsi9gcic2i2pt",
  "apiKeyRef": "ed9zqxwrpxref50yb0ed",
  "container": "7jtx7yz30299jyoyyli1",
  "daemonset": "uig5g4jkifp6ucmgiebo",
  "dismissed": "zbpvduq0g63lcn8bjv5v",
  "namespace": "lgknnfc43ieykvktjno5",
  "alert_hash": "f4kje1qc06hcpt1lg6ws",
  "prometheus": "s7bl44y8ahrzgzgqtdiw",
  "providerId": "n4dicbrxaxnxz5qemsjf",
  "summary": "rsdh65skr5vp0w8yrghc",
  "runbook_url": "wpymd8ey5xhyqnqcbg0r",
  "description": "A hardware component has failed.",
  "environment": "c7rkzn7k2nt7y4z2giiw",
  "fingerprint": "2cafadcd",
  "isDuplicate": "i9zvdzxn3eh7xb29apln",
  "dismissUntil": "1qhiol50zqgtfssfat4x",
  "lastReceived": "wpe8ttqxfg11509rogmy",
  "duplicateReason": "hjjhnj2usv7ne1caupz8"
}