{
  "id": "752psq78ek4znyct2zsg",
  "env": "sandbox",
  "job": "bo3g18h2ra6u1y0y648j",
  "pod": "gkbif54xtemmvfe5iznc",
  "url": "xqa97lvobq3c9hn2wzzd",
  "name": "DatadogBackupFailed",
  "note": "1coy6jlljf5qci7lqjb0",
  "group": "549mknnf5neeprzpxdx9",
  "pushed": "p0aiskopffsn0okszrl2",
  "region": "europe-west3",
  "source": "g7wkaj9ikxkmwniu453d",
  "status": "jumw28ltkzud6svfnpa3",
  "deleted": "l4s0efh9rbi6c1v8wdbt",
  "message": "3ng5rnz37m0lbfntr1ym",
  "endsAt": "2024-07-12T08:18:59Z",
  "generatorURL": "e7hja5mudyu4u5ym2x7w",
  "project": "g8h8efzugrjh32efvz0b",
  "service": "jws29f9devr4763yir3a",
  "assignee": "fvjowggt11o5qtn2uiwa",
  "endpoint": "hro5dbha0b0f1dieuvnu",
  "event_id": "ac3742enc41j1eljm4in",
  "instance": "23.135.53.28:22008",
  "severity": "debug",
  "startsAt": "2024-07-12T08:15:58Z",
  "alertname": "2a8tjz7rfhmu1w200xqk",
  "apiKeyRef": "ps0ewv4o4xzlb45kxj51",
  "container": "33vmau20chdnfnmd8q5e",
  "daemonset": "mu270eniq175ny62gff4",
  "dismissed": "l8mwlk78ptbztg3kxxnr",
  "namespace": "otbj5bada7sp9c0ig2mv",
  "alert_hash": "u2c14zd778op3nra6osr",
  "prometheus": "upudzuqrzyjymcqw66bx",
  "providerId": "yx3352x83zrgurlsod6l",
  "summary": "es3pfjc087ktmy8f03fx",
  "runbook_url": "guxs88w0tikn3im9383q",
  "description": "Scheduled backup has failed.",
  "environment": "v9z9plfmg09uhtycq94p",
  "fingerprint": "xmvq8i87",
  "isDuplicate": "tt0st8gsxtndsx80mfn5",
  "dismissUntil": "ho1uykyknneulyfz2x2y",
  "lastReceived": "ux9zitqqvxvj3vwxirlf",
  "duplicateReason": "57ej4qsxt0u6ka2wnuro"
}