{
  "id": "trfubknkx204if9t268d",
  "env": "demo",
  "job": "gt5s3xz9fzyzumnuzgvj",
  "pod": "bkpcw9hydamuqq91d2vk",
  "url": "70aqtwxpwfw2tolelcqp",
  "name": "GoogleKubernetesEngineAuthenticationFailure",
  "note": "h6at8s6tv1a3im8mejqf",
  "group": "tk1axmq9bgm1z6r7hxv8",
  "pushed": "txso4ms9d6yt5jqas3ke",
  "region": "southamerica-west1",
  "source": "bzlg2944qblmhytf7uqh",
  "status": "2jaglobf9fuio0ttn1sx",
  "deleted": "a1w84sjc6z10rnqxxa9a",
  "message": "jas8ueak0fidmcc5a3iw",
  "endsAt": "2024-07-12T09:15:11Z",
  "generatorURL": "w8kajxo921nit3zzthhy",
  "project": "pe6tnn62pvm7un03kl46",
  "service": "8zcz076xemx6wzlpjjpu",
  "assignee": "sf2jwlfxqg1pglqkqoyz",
  "endpoint": "dp1x8j4y94ws9ij20v2j",
  "event_id": "xyckl6lqvyqb715mw5t8",
  "instance": "66.144.112.110:29695",
  "severity": "low",
  "startsAt": "2024-07-12T09:05:16Z",
  "alertname": "o03nr850ymkpyeduys8n",
  "apiKeyRef": "ocsb682t1byxbcpeyijv",
  "container": "p742g8dex4hkm65gbam8",
  "daemonset": "tvqcgd193wfgs4jc6c5z",
  "dismissed": "7nkxwqimdpbm7s1gmzhi",
  "namespace": "2et25q2fvedtsni3rzbp",
  "alert_hash": "yd4pyk71pwochzxiou1v",
  "prometheus": "9qu9piz9d466lp03tirt",
  "providerId": "63czdj2u8hq8uwqvvwsn",
  "summary": "vihxtfpw5cp980rxopvc",
  "runbook_url": "ris2vgxddzrcc0pnc5yf",
  "description": "Authentication process has failed.",
  "environment": "5bppyh00bpymoxc77jrz",
  "fingerprint": "fxuv186c",
  "isDuplicate": "rcn1krbzk8at2gd6tn1n",
  "dismissUntil": "lxs49lyuonb10erqk4ka",
  "lastReceived": "h9zevioqbn7ym1hzm05l",
  "duplicateReason": "hpi025e6scy0akgiy5f6"
}