{
  "id": "g2ubqlixos5ci4v8gmgs",
  "env": "demo",
  "job": "kpzz8oi5bx9flrhfitez",
  "pod": "aiymh2j19x7hbdz4k4h4",
  "url": "0o8mg6jbng779lqd4wur",
  "name": "GoogleIdentityPlatformUpdateFailed",
  "note": "czj2ofrv5py0ewlh4l5z",
  "group": "3ibfm9w14jsfm6ulafk3",
  "pushed": "hmz536zugxc6q1xd0nt3",
  "region": "europe-west4",
  "source": "5ysgqffyxpkf2ir3yd4m",
  "status": "jmczjq8iu82g1xkbbi1w",
  "deleted": "0cmd4vxkyz7oznh2a987",
  "message": "zlzwqf77uwhe3w8em10y",
  "endsAt": "2024-07-12T09:38:32Z",
  "generatorURL": "80ne2i5982a4xt59hi5b",
  "project": "cq6414xnls71itsif5z1",
  "service": "ftvcv7879dps6twdzp9u",
  "assignee": "gvpbnntdq8frltmzy7ix",
  "endpoint": "ocztnexbdwrxrdumdfu7",
  "event_id": "eidem4182do28i5ok5cd",
  "instance": "106.87.238.247:38774",
  "severity": "high",
  "startsAt": "2024-07-12T09:34:52Z",
  "alertname": "tpa129o0g721nizoomqs",
  "apiKeyRef": "sul2uv80yqd9wxi51uv7",
  "container": "1g9tcoi83gm4abhigxi9",
  "daemonset": "l7ti96951y1ckwx6kil0",
  "dismissed": "2tk237z86xhaehqmcagm",
  "namespace": "ua0d5rmyf2i2m1snaamq",
  "alert_hash": "602t5ux2iv0t2fey3xy3",
  "prometheus": "26g8o7uminvlvld7t5un",
  "providerId": "ewu6zc7jhz06wtbmthok",
  "summary": "i0aglbalwzzlp4ahdp7a",
  "runbook_url": "2sh38440clfkf4lulfuo",
  "description": "System or application update has failed.",
  "environment": "qxre2v2tz59d9kvf6lxv",
  "fingerprint": "14kvxmwx",
  "isDuplicate": "xnk5tzmqqw4kur336az4",
  "dismissUntil": "ckmg4dhf8zc8a9s390zq",
  "lastReceived": "uqn95vi6o0atv6zq43fk",
  "duplicateReason": "bj417en1nyco0ikd1zf2"
}