{
  "id": "knrkw6vdmkfljq30eoml",
  "env": "demo",
  "job": "midj3y6hpo1ah8ativk3",
  "pod": "o1cwekdhiclh5edx4odp",
  "url": "dthopbbjgod0k59i1as4",
  "name": "AcronisBackupServiceMemoryLeak",
  "note": "58q8besjzt17wdq5qrnk",
  "group": "7ixlyufwlwnn9hbuewb6",
  "pushed": "bymoxvu9sqs4rdmitjgo",
  "region": "us-west3",
  "source": "lw8vsxdeb3vlfs7djwxn",
  "status": "5p8menpkhd4w0691w3cs",
  "deleted": "tcnftj59cgwq888olu5x",
  "message": "d0l6ay4e8x6stutwd508",
  "endsAt": "2024-07-12T08:40:50Z",
  "generatorURL": "s8vmr109v032eub6pb74",
  "project": "0big95lb5xr4hiakjgnp",
  "service": "2d8vgkt4ofkrr8w5in8p",
  "assignee": "ubz4teac735zz66s2k66",
  "endpoint": "rzjuwyfvka3dsgoak3fl",
  "event_id": "501l3suteb4p5mo0s0pm",
  "instance": "62.183.212.134:55986",
  "severity": "debug",
  "startsAt": "2024-07-12T08:36:28Z",
  "alertname": "pn9ymj05esjvyuqp3znr",
  "apiKeyRef": "ew57jdzccroqtfm1b867",
  "container": "a52y1h0okw66xs5pe23r",
  "daemonset": "dlieur1zd5xhslkxqcsp",
  "dismissed": "j8spttvrekboyqyrdzn0",
  "namespace": "mbbsw1y3rr9h0hkuni2l",
  "alert_hash": "8lq9pvplez03anerme74",
  "prometheus": "jqj6voiylkd0k9rjekks",
  "providerId": "x3dz4q79hqkqlkv2dk4i",
  "summary": "wqxitqe6mflkxmj7h3ii",
  "runbook_url": "vks9ndw4cho09b44nsrh",
  "description": "A service is experiencing a memory leak.",
  "environment": "y73ubzw844v5sw3e9w7y",
  "fingerprint": "wz904bct",
  "isDuplicate": "6yo04y9hyxj3q0owr4jj",
  "dismissUntil": "gy1j9jnhrohj7hlnvhv8",
  "lastReceived": "f9otnnoib94ionr77fjc",
  "duplicateReason": "bd8foz25w7r3j2j6wns7"
}