{
  "id": "bma8g80du0xpgn805l3m",
  "env": "development",
  "job": "usyilexb3hyoswmpe4gy",
  "pod": "fi05r2nbf39ehpcxzkzg",
  "url": "n54jza3f2ifdlj7uynv6",
  "name": "GoogleCloudCDNDependencyFailure",
  "note": "zbfhv3ia9ykh6nuvmskk",
  "group": "stq9n7n2rpa84nqk0lro",
  "pushed": "snss72ne5ih0kbcnxx7o",
  "region": "southamerica-east1",
  "source": "2s5sh9egic8rykcy4033",
  "status": "iwpkpl7azr3rolgcy3ec",
  "deleted": "nfcyty4qo9bwuo512gba",
  "message": "yk63w964cl36pv40gggq",
  "endsAt": "2024-07-12T09:37:16Z",
  "generatorURL": "cc273zj6fww6xx9sfxdg",
  "project": "csw0s9kxgagbntxtqmum",
  "service": "nxjc7b6ftg142q6czrbd",
  "assignee": "dlbswycx50l93kao78vz",
  "endpoint": "uouoxafxpstqrj2kb1l3",
  "event_id": "2cdhq416dntdadv1cql8",
  "instance": "116.181.185.155:18361",
  "severity": "medium",
  "startsAt": "2024-07-12T09:35:25Z",
  "alertname": "4ifyqkm7cv5ph83ntw6n",
  "apiKeyRef": "salcskelzxcuw544txkd",
  "container": "s4gca7ai73584qy1mrhx",
  "daemonset": "bd130st54o2nb1589zf0",
  "dismissed": "9r9gig7n2h23q6avv8le",
  "namespace": "7nuqyqjd90wbql9hrk0t",
  "alert_hash": "rj4ogqhdht5eplqu553r",
  "prometheus": "y0tc8vlmtlhm7bwbk4r2",
  "providerId": "g69t7rlmg39u5rxk18rj",
  "summary": "r58lvcywon0hnv9dgfjx",
  "runbook_url": "59euqzq2vvh53h6fa53x",
  "description": "A failure in a dependent system or service.",
  "environment": "wuf5me9oyvucxx8n5cmv",
  "fingerprint": "9jg9vnh0",
  "isDuplicate": "9c4j8khklaofqmfz4xaj",
  "dismissUntil": "s1jnntq0kepc0mnr3y2a",
  "lastReceived": "3l91wytzwqfufyo3i82m",
  "duplicateReason": "lqq1256fz6zifeti0fsw"
}