{
  "id": "z004vy3eh3z9wctt239e",
  "env": "sandbox",
  "job": "iwuq7z5pm9i510tf5w7i",
  "pod": "p0asnb5nfatpo5osog4d",
  "url": "tsaao31kky9j9v4hnlqi",
  "name": "MicrosoftTeamsServiceMemoryLeak",
  "note": "6cb4v8g57z8un9xucgi3",
  "group": "cln5fqeae3qswio47fk1",
  "pushed": "ic8oiqesg7gxqmi7h5wt",
  "region": "europe-west4",
  "source": "d2c2vavi8pfn57y7qrf7",
  "status": "n18rdtn0sar2vapuo4tm",
  "deleted": "kwlq8a4udzdcj9dc03ff",
  "message": "dy7kv2nac1oz2gs30qmd",
  "endsAt": "2024-07-12T09:32:23Z",
  "generatorURL": "qp30v9a27ry0i9tcgzh8",
  "project": "ave2wtrcjch97xy5ifgy",
  "service": "7bxewj70nbxi6m29p8px",
  "assignee": "oc22n2tvnqdnnysxi9xs",
  "endpoint": "eiuhqtwlqo7suc66gnup",
  "event_id": "50u9kzg98cuodjdr5pln",
  "instance": "122.122.166.184:55741",
  "severity": "critical",
  "startsAt": "2024-07-12T09:30:36Z",
  "alertname": "0pysa5nw41jjw7n6a391",
  "apiKeyRef": "sxrxvij8olkpqdg314q7",
  "container": "ocodvb6468cnya4gp1y4",
  "daemonset": "spm54ay8wh919nfdxm4t",
  "dismissed": "z0bklcie0mofus9lpqjz",
  "namespace": "6p64io4isxyfr8lu7sp0",
  "alert_hash": "vlbmsehom3zdfzfeewxl",
  "prometheus": "bc5p3x9n34k4xod9r3sd",
  "providerId": "vgwfiyfygimfaeolsoaj",
  "summary": "sieoo4rh57sbce2ow7eq",
  "runbook_url": "7idxkqvhtljz1g75u1u4",
  "description": "A service is experiencing a memory leak.",
  "environment": "ba6ze0re4wapk0g36318",
  "fingerprint": "8gfuuqgf",
  "isDuplicate": "e3r442q5aabrqsldse43",
  "dismissUntil": "ctjjec7iois86vsqt1u3",
  "lastReceived": "vdcfszqvqi0bcq03ss76",
  "duplicateReason": "i93ztf595k3t5b30ll7r"
}