{
  "id": "tski23nf1frjoxl9tekm",
  "env": "development",
  "job": "npaq1hmbmyvvc4oqrcwh",
  "pod": "ngnu1525j8pfp2s5ftaw",
  "url": "on4hcakpcp46x5h3pn9k",
  "name": "SnowflakeSecurityBreach",
  "note": "a9wcnfut31gvxn469qjw",
  "group": "nwj8xl9po5700pg86s7i",
  "pushed": "njk9u62vpcxzyovwnwbr",
  "region": "europe-west2",
  "source": "1qoi7wohzr8wb6bu9mz8",
  "status": "rixicjgnrfsa3cn5b8ld",
  "deleted": "8oz09nom26gxl558e7k8",
  "message": "4f8bupots2ie313ljcsc",
  "endsAt": "2024-07-12T08:10:51Z",
  "generatorURL": "09nco7tqbdid0skc1qpw",
  "project": "5otjje4j5y4oh4mpdb3o",
  "service": "7huik6vwqpr9l56q8pju",
  "assignee": "1bqbdh37xbh23jozq7ck",
  "endpoint": "lc35mhqjnr77nh3dyzk9",
  "event_id": "xhit9br0obni141dq6mq",
  "instance": "246.246.60.160:42570",
  "severity": "low",
  "startsAt": "2024-07-12T08:09:58Z",
  "alertname": "k8iaugnxkpyfn9omaux4",
  "apiKeyRef": "n2qrm2tzmips9vzcotql",
  "container": "4jbjxshb5z94bg5i55mu",
  "daemonset": "vaporqbmsmvbkrkjye0g",
  "dismissed": "z23krbk6mr8suukt4o60",
  "namespace": "1bo5ska0p6gnsbjp3hhe",
  "alert_hash": "w7km2kqmjkjfmq3cahq4",
  "prometheus": "gxyqlpt1rdrbtykg3ga1",
  "providerId": "ymmcpy1nn6wuvhxx1zqc",
  "summary": "4bj41jg0u1nlalucxw0d",
  "runbook_url": "gjarwq45en8f80a93j9y",
  "description": "A potential security breach has been detected.",
  "environment": "0awsrnc9eag4m3hm4j7y",
  "fingerprint": "xmvq8i87",
  "isDuplicate": "4023f1ux5i6hv8wuydta",
  "dismissUntil": "x3cnrj9ven01evix8nn5",
  "lastReceived": "06r8mnz5wijow55ftjhm",
  "duplicateReason": "45z2r94dipvzbiio9r0d"
}