{
  "id": "u1tp5xlm4ab14267h8zq",
  "env": "backup",
  "job": "wm4i3wtwg6bdb1m1jwqn",
  "pod": "7dnu8t14yujkwn6i9e94",
  "url": "ggb21s2dipmlchsumvuc",
  "name": "GoogleCloudStorageLicenseExpiry",
  "note": "qx8dvb1fnzh8vy1y35kx",
  "group": "3w5b888fxdok3j3j7l67",
  "pushed": "gafucebyo7ut8hpe0ycz",
  "region": "southamerica-east1",
  "source": "8xhcqq6sgvw7bcnrniva",
  "status": "utolv1wnmo8vyvy78lp5",
  "deleted": "qlbs0vfuwbrcybsguot8",
  "message": "8u52vlvcf9r1jxc2cz0f",
  "endsAt": "2024-07-12T09:37:38Z",
  "generatorURL": "yu0xrd8a2mld027gwtbf",
  "project": "rdtegqys5gp4th3xjzvo",
  "service": "xur9vf2l43k2pkmajqtz",
  "assignee": "p8h6ymjdjef3fjqwrr4r",
  "endpoint": "aqc3ehkkj0nlyot6ho1g",
  "event_id": "vsplcxljbxylud4u5ufe",
  "instance": "230.38.67.26:30025",
  "severity": "medium",
  "startsAt": "2024-07-12T09:32:02Z",
  "alertname": "z0qxc9ppvq0h2cbv60zu",
  "apiKeyRef": "6rw4suoqrrrvkroff6u7",
  "container": "y0pw2ru7grsz5ykpslrf",
  "daemonset": "2zon9xe6vfiufx0mrdgp",
  "dismissed": "s06tm0t5u2zvfrzrrv57",
  "namespace": "kf79qc0adtke9ojx68g7",
  "alert_hash": "ojd360hc69ao2pe0u985",
  "prometheus": "f5six1ueqi0yzoy7ghmo",
  "providerId": "ndfdqs1ny0zhr8v1v31v",
  "summary": "2ushi02yky7xy9xwcejc",
  "runbook_url": "2pf748ohtt0dey32itsx",
  "description": "A software license is about to expire.",
  "environment": "vnsa5nk1isalpuumuuq7",
  "fingerprint": "kazwqgkh",
  "isDuplicate": "4ms8tp1uemcky7s7vkmg",
  "dismissUntil": "tljh0f83i34oq5ns8frq",
  "lastReceived": "g9c3jx8n92yshl44xvzj",
  "duplicateReason": "5by82jg5mzmct2547llj"
}