{
  "id": "l7brroux8i3z5a5pnhve",
  "env": "qa",
  "job": "t2277qgziyhd5n925m4n",
  "pod": "mgzg6g82n73czc8jlfxn",
  "url": "ydogia58dab1yumvzhm1",
  "name": "AmazonS3DependencyFailure",
  "note": "n3qa40rs34xcbj3mgdzm",
  "group": "6q79ci2q7pdaupy4qz1e",
  "pushed": "8m91wccfqvk8dqgf8is4",
  "region": "us-west3",
  "source": "kk9odycgx7zu3v5ttcgc",
  "status": "k326t8cz02y0m36l5r92",
  "deleted": "5x724e33pd53hb9nuyqf",
  "message": "ira7g4q70k1o8suo02ld",
  "endsAt": "2024-07-12T08:17:50Z",
  "generatorURL": "uymkc1vbglk4l5k1sbwd",
  "project": "q0ek4uudjfi0vninvidy",
  "service": "20v3ybuxlq57g01p777c",
  "assignee": "v01f0joobmgyj56c49ym",
  "endpoint": "r0i2xzz70c6jmkwsabct",
  "event_id": "bog81vjaol49ml16f7ya",
  "instance": "68.159.242.68:17213",
  "severity": "high",
  "startsAt": "2024-07-12T08:09:53Z",
  "alertname": "w4dnitu8dqnh6zoidesl",
  "apiKeyRef": "u6y09pd4xnx58z4ic9zu",
  "container": "8iw1rx1t9r3lvtx44d79",
  "daemonset": "uu2xzmo14b5dunggukem",
  "dismissed": "9iln4ec6dxgb0eew8tn4",
  "namespace": "do84jcn5k4jh9bfhr7ws",
  "alert_hash": "kyrbmeg9i9kvtb7fn3w9",
  "prometheus": "u7q3kwd3gelcba91i6cp",
  "providerId": "r36l70267fywmdjntkx9",
  "summary": "nwplx8hnirswamvt2p1n",
  "runbook_url": "2nnsy155f8ub6e0lbpju",
  "description": "A failure in a dependent system or service.",
  "environment": "h00dg06pc9862f9uy260",
  "fingerprint": "j80gkz7o",
  "isDuplicate": "6syisz5wmtsn4d1ubgcc",
  "dismissUntil": "uf9t167nfdk2e6sgkfxi",
  "lastReceived": "nrtav5qy4yoxnewkp0ub",
  "duplicateReason": "2einu115dec2v6tnhso4"
}