{
  "id": "f901h9sigu4qzc159kkq",
  "env": "testing",
  "job": "v8xmyvg53yg4b9hmoupt",
  "pod": "7dn2kc62wdw0tgt7vr9n",
  "url": "fzc3oadwqmxnet30nz8x",
  "name": "FirebaseRealtimeDatabaseHighLoadAverage",
  "note": "pdzwyo5ej83zccz9iq5e",
  "group": "9stglpsg1pru7o2z0epr",
  "pushed": "yth8707yhs7wtwt8mkyg",
  "region": "asia-south1",
  "source": "7qhd0wol4qeetx1dhur7",
  "status": "2ctxtavr5giz1pp2bax9",
  "deleted": "qo2ovwjd8z7klum0x8sz",
  "message": "rygkphhj8efxagqlmjxb",
  "endsAt": "2024-07-12T08:24:36Z",
  "generatorURL": "6wgjum7q66hxhmlfod91",
  "project": "a1cur32eqnqqz263l53o",
  "service": "l7bx8ai95ffxb9mrckls",
  "assignee": "b2gd1obd33ygg4nq261q",
  "endpoint": "8oe62pyl6s95mfo72mr4",
  "event_id": "b23olf47yb0d7uy4o3t0",
  "instance": "222.217.67.204:20807",
  "severity": "debug",
  "startsAt": "2024-07-12T08:16:48Z",
  "alertname": "om75wxnm15qp0se69z7w",
  "apiKeyRef": "c2bf2ouk2e89oed1ktwf",
  "container": "k5r77ar0s7c5o8h0oa3r",
  "daemonset": "mdir8syiqc73ktazyrtc",
  "dismissed": "v5k3c1cnrsjnj23muwu0",
  "namespace": "3z7ms7gpwb0i6ux2b9tp",
  "alert_hash": "pgvx421ltfnx08g26ssh",
  "prometheus": "0t3io7a02b7rf07yfwch",
  "providerId": "iaav2ttpiwprriyloray",
  "summary": "10lk7oo42f7o8ayhxf1c",
  "runbook_url": "rpcmiz0qv1va50va86tw",
  "description": "System load average is high.",
  "environment": "n93p3xexyn4ij7nx5r09",
  "fingerprint": "28alyaac",
  "isDuplicate": "277v9tgjiar8n8fxujfh",
  "dismissUntil": "beb2kju0835nij9e9oju",
  "lastReceived": "qdffbazohgcdtasocyvp",
  "duplicateReason": "wzcz5v67otn6bcn562p8"
}