{
  "id": "y8d1w76j6xqel3zlskd5",
  "env": "pre-production",
  "job": "wz9a3wa3lymjf5g2rahw",
  "pod": "ganns3h9d2giva2ilhvh",
  "url": "zwbzx1k1lc0rnoqb5n5c",
  "name": "SnowflakeNetworkLatencyHigh",
  "note": "ra0e1447lxjs3utj72qo",
  "group": "09ep71gilmniswo69gfb",
  "pushed": "9tyk0aa9tdpf4xoh0xj2",
  "region": "us-west2",
  "source": "7lcz6lu13c37e6kwkkfz",
  "status": "cv7h2f8kgrcbzclvrx19",
  "deleted": "9w4eennkz9155qfkvgyr",
  "message": "2tnattq5dydveggrx4y8",
  "endsAt": "2024-07-12T08:26:36Z",
  "generatorURL": "qf19e6a8uc6ylg56vir0",
  "project": "v6hvvn56h4y8a7308opl",
  "service": "wt5kpcx5rnj104c8391j",
  "assignee": "swuwbs7ef3tbqfxwaq49",
  "endpoint": "wtqbwm1rvsjp13p9z5bh",
  "event_id": "jrxg9mjsmvnph898bnev",
  "instance": "203.220.181.212:36917",
  "severity": "info",
  "startsAt": "2024-07-12T08:19:02Z",
  "alertname": "oiuzpu6zcdmsog9vwoqi",
  "apiKeyRef": "ctgbtcw0jjnri2kdpy2e",
  "container": "kmgs1ozi6v9s3h5m6xuy",
  "daemonset": "hvus8afcbnt5d98gaccf",
  "dismissed": "6du67759o53p393oo0yn",
  "namespace": "exznjhz82xbxjx8tbvf0",
  "alert_hash": "fvq1qi7bul6g2srzldrx",
  "prometheus": "rm35fcty9txa341pk4d3",
  "providerId": "5ykbqhmth6v2v9p6rt33",
  "summary": "grpe38hetxfsfgmtnnhy",
  "runbook_url": "813gmk15llqg772rae7p",
  "description": "Network latency has exceeded acceptable limits.",
  "environment": "nh7llj30gxtm7du6fs2z",
  "fingerprint": "wrdaqq05",
  "isDuplicate": "oduiehn8d90hg46v475s",
  "dismissUntil": "qoie1hyw38e9kzaneabb",
  "lastReceived": "4a9gu2rnwgzt9gbmpamk",
  "duplicateReason": "domqcpa88wpd1ji41eof"
}