{
  "id": "v6bpx7bkj7a2rig6p622",
  "env": "integration",
  "job": "57kctdm3j6z6c8jhyqhp",
  "pod": "9e63u74uuec4du0jhufd",
  "url": "3ub2xn8blkx49qzqr6wf",
  "name": "DropboxSlowQuery",
  "note": "l292ev359dd8g254rpeq",
  "group": "v3ouqw4qnea8o7da95an",
  "pushed": "eska3imtm3f4d6nljhtq",
  "region": "africa-south1",
  "source": "bjnuaiv1e769q8xw2e5u",
  "status": "l3pzuai7dpfzdyof50d6",
  "deleted": "otag4g3f7l52cqlzq49l",
  "message": "a9x1a2uqn8s7jw7tdtmn",
  "endsAt": "2024-07-12T09:56:44Z",
  "generatorURL": "byxcoy1dkci4e6bq8vbl",
  "project": "drpv470zhlhectxcwdy9",
  "service": "8d36upslambz0osz27tj",
  "assignee": "vdvp8lscxg7p14qgn5yo",
  "endpoint": "ahv2z9hsre840s7prlxp",
  "event_id": "926zookn1osyf9xkw8dl",
  "instance": "122.122.166.184:55741",
  "severity": "low",
  "startsAt": "2024-07-12T09:49:04Z",
  "alertname": "rq11jdcts353eqsflowy",
  "apiKeyRef": "czep3tibfgfttotnj3cr",
  "container": "8hphioex5ab2jckbb4hg",
  "daemonset": "kagc1t4tu6mmvve61as2",
  "dismissed": "6mg2avqjp54rv3qm77jc",
  "namespace": "owkf54p6366jldzdpwpa",
  "alert_hash": "2oniptrruz4d8imtxn39",
  "prometheus": "zz1husxno4xuopbv54gv",
  "providerId": "9f3plx6advyarxlzvfmm",
  "summary": "jmxi3sw4rem6hu28i30i",
  "runbook_url": "ys6h6ybx7mzb0ncemfg9",
  "description": "A database query is taking too long to execute.",
  "environment": "pzwzd6z345escu4i5la2",
  "fingerprint": "14kvxmwx",
  "isDuplicate": "o4ypt56740jze556dn1k",
  "dismissUntil": "x7fbf87ljhd3s4zamgp9",
  "lastReceived": "gi93qy135qqaxd17axz6",
  "duplicateReason": "xia6rbec8vwjkli5urmq"
}