{
  "id": "fz9gb1dyu1g2n38mngg4",
  "env": "pre-production",
  "job": "vd70i2qv0tvzwyvqa5ml",
  "pod": "19lz0adalq6115dat7mm",
  "url": "tjckxkyjs7hkif9rfcbu",
  "name": "JenkinsHardwareFailure",
  "note": "lgbbo76ln5klbcn1dvv0",
  "group": "oir9xoe366id1ig1yuhd",
  "pushed": "nsc7rqg8yhq3dsmhfbmb",
  "region": "us-west2",
  "source": "o4ohldzw6728281qjqz5",
  "status": "sviyukyr1vmum6p6s977",
  "deleted": "v1s3x878nfb98mtq65gx",
  "message": "djy70nbscuv3ixdgylzo",
  "endsAt": "2024-07-12T09:25:36Z",
  "generatorURL": "4yeh9yjfhbwyq9lpw1pd",
  "project": "duiu5tg7m0j4pe8o6chh",
  "service": "m2ucu8kphylb2e8g83nh",
  "assignee": "fyzrt93nj3yow6486g3h",
  "endpoint": "2r8uwyd40miuhiwdkf93",
  "event_id": "f1lvdxr1nrjubtg7k0pt",
  "instance": "32.140.13.109:9557",
  "severity": "info",
  "startsAt": "2024-07-12T09:21:02Z",
  "alertname": "0pr2ll7jlzddp9f5b9bd",
  "apiKeyRef": "65kp5fj52m5x0rmdegzl",
  "container": "dpmsyge9rxs79lfoirtk",
  "daemonset": "7ytw6m6xnq7krzbl5wrt",
  "dismissed": "92cp5v1o4k6h7d64yyce",
  "namespace": "188fh1qohrsjl6tx39dj",
  "alert_hash": "0p8q2oj3holx9x1tfpxz",
  "prometheus": "n1qp07dd6e2tng2uj1ql",
  "providerId": "bdum72ao41u009gm7pd9",
  "summary": "kbglj3hsnmzk5g3ihz57",
  "runbook_url": "7rcl1lcbg72p7rxjisfw",
  "description": "A hardware component has failed.",
  "environment": "3h27r4gw3cyczhisexy1",
  "fingerprint": "j6a1lrgz",
  "isDuplicate": "cq5ghe2g8iids5f2b1sl",
  "dismissUntil": "grghwnanvpjvo5a22vo1",
  "lastReceived": "2b9ul1hb5w5y2g26cqjw",
  "duplicateReason": "ns4f7vb6o1xsk4pz4bm3"
}