{
  "id": "1ul3nb78jkb40ldse0s8",
  "env": "backup",
  "job": "fpiq2vhg3us0mfv47uux",
  "pod": "my9tuze6vojxccdfvsj6",
  "url": "rw2v5s5a5ogsgm8n78i4",
  "name": "AWSIAMMemoryUsageHigh",
  "note": "lulm29n3yvzwmy62wwiv",
  "group": "a4vwbhsst5j2vhb09gt8",
  "pushed": "b2bpun9do5mzzz9169cr",
  "region": "australia-southeast1",
  "source": "kzmh3gtdnf1i7tuzrm2w",
  "status": "t2polwc89fx8v37b0iim",
  "deleted": "ahv122jymns820v6u7hv",
  "message": "yd58nly33qns112d7ia3",
  "endsAt": "2024-07-12T09:34:58Z",
  "generatorURL": "sxheilm81h55vbt9i613",
  "project": "be9r5561d4l63ch19qu4",
  "service": "kd5t20fdy5708u9jrnv8",
  "assignee": "4jhzcqz0ibhko8bppzgx",
  "endpoint": "70xxhfofrxg7r5brungm",
  "event_id": "gpyv2lmilul1eojoohxb",
  "instance": "221.171.52.31:55423",
  "severity": "low",
  "startsAt": "2024-07-12T09:29:10Z",
  "alertname": "298eyfymickk5nnl1txt",
  "apiKeyRef": "28qg4rf3ofck7brxyqac",
  "container": "k55w4l88cl0j3poab4ne",
  "daemonset": "el7i3l63icbsu05f111z",
  "dismissed": "ynm963wtbc6oqpoe0li9",
  "namespace": "3ed6e1j9k27h05gq8q9n",
  "alert_hash": "pxq5dk50nddqbo6l66ex",
  "prometheus": "6oji506jq00jzyrgwy4g",
  "providerId": "dq4f3ggzniav3yisgb35",
  "summary": "f3ob7fzcyuk96schlkks",
  "runbook_url": "xjy5z8ic5wvia3i1f8hx",
  "description": "The memory usage has exceeded a defined threshold.",
  "environment": "tjpygey0x0epwmg3e7sl",
  "fingerprint": "lp0t77iq",
  "isDuplicate": "75aepfghe0g4weucdp41",
  "dismissUntil": "3j39wkjpbr1ngvjtlg3t",
  "lastReceived": "pw2ut4pl2pvo2q6yuu3u",
  "duplicateReason": "2gbb3u2zh562y8mdu06z"
}