{
  "id": "ily8xyx765ul9u8krf56",
  "env": "backup",
  "job": "6p0jxa0fc2u38963f9vy",
  "pod": "ipqmzmqinwkppcxy6j0p",
  "url": "va065c8ksfrb3j6hwlcf",
  "name": "GoogleMeetHighLoadAverage",
  "note": "lkaofcxhsxnsfvx4ad80",
  "group": "2c45ieqx00vcir3kx5s9",
  "pushed": "az00i7lefjbg1cf7k0y5",
  "region": "asia-south2",
  "source": "7jsu8oq7xosfrbh29aom",
  "status": "6atq6py8kspb47a65j00",
  "deleted": "tuww1ypr6mr5l5merv9g",
  "message": "j5hmd5zw3wsv3f4us2u7",
  "endsAt": "2024-07-12T09:36:21Z",
  "generatorURL": "ttrujr70zn3yibw3z7xv",
  "project": "7bxwe1n5t9a72a41kgf5",
  "service": "hkm5kpjg6eav4n0lp1cn",
  "assignee": "0a1fjw0otvbt29k32k6a",
  "endpoint": "5e3zsyesanzs8j4g9y9f",
  "event_id": "pewjlweoluxh21wk3ewh",
  "instance": "121.210.44.216:32341",
  "severity": "critical",
  "startsAt": "2024-07-12T09:32:14Z",
  "alertname": "au23q2ayknlc7ze6puzt",
  "apiKeyRef": "eobn8jcf28ke6nung1q3",
  "container": "iws44gwgmucj8x5g17tg",
  "daemonset": "50sxgc0jg88mxq83dldz",
  "dismissed": "gs8kjmbv4uibr6jsa9d3",
  "namespace": "qznad5crvdc3r293xiwq",
  "alert_hash": "pcnqzkk48xba0f56t3tz",
  "prometheus": "cc32afklh1dpbrhbebwj",
  "providerId": "ofslbuxpncf8x7p3367q",
  "summary": "9rqbh51twmww370f6pfy",
  "runbook_url": "6gizs3a8ed70wgz67i5t",
  "description": "System load average is high.",
  "environment": "j6vtiu6qnsnzx1vy4t2a",
  "fingerprint": "iab39r20",
  "isDuplicate": "k459xdzm06sxfgn46tpv",
  "dismissUntil": "qaxw12h76tycz8qq84cc",
  "lastReceived": "p2ah39o1ujt6jucxs4t2",
  "duplicateReason": "n3lr1ffm5v3fwgniagiu"
}