{
  "id": "6tzjv3y5ww5gyesz4j4v",
  "env": "testing",
  "job": "0nis6wng0xprnb71dlmk",
  "pod": "z7ffbl3h65a2c3aaalcp",
  "url": "vvsm81z7iivxn6bns5cg",
  "name": "SplunkDiskSpaceLow",
  "note": "j14w842wh48e1n5ntgqo",
  "group": "wjyp0bsgrqohe5ybupxg",
  "pushed": "aelluzh88sgxzljnwgbr",
  "region": "africa-south1",
  "source": "v568nhx4pf6b3ltojb53",
  "status": "rdasfx1gywb48x1pc8at",
  "deleted": "cjrse0dy6gamge53208r",
  "message": "cbrfz836k0btc129qs9r",
  "endsAt": "2024-07-12T09:11:37Z",
  "generatorURL": "1rzg5heetiuzikbqbmny",
  "project": "t6lgv65ik40q0rsmoam0",
  "service": "1n39o2o7fre3kddiv81o",
  "assignee": "1h3h4a6zyr8aol8yqh25",
  "endpoint": "evhpc6pp1sm2we0r6qv2",
  "event_id": "qn016jxl6walj7fleu31",
  "instance": "122.237.172.41:32811",
  "severity": "medium",
  "startsAt": "2024-07-12T09:08:32Z",
  "alertname": "nz6wrlcnz81kkwpovhzr",
  "apiKeyRef": "j6ev7cqsy7vw648zq7xo",
  "container": "r5c0vsz344ss3rn0ak9a",
  "daemonset": "avi4iyorb1tlbi0matft",
  "dismissed": "baqly1z3g5n2mdqmhqul",
  "namespace": "m1806lu46kljmckhe60k",
  "alert_hash": "czanvpctthayz5g4a32a",
  "prometheus": "c2jdo7vekyc9ftmhysxe",
  "providerId": "ht9pgbnxvqaka1c3afh5",
  "summary": "r5hsr1io1rlvywcf4uo9",
  "runbook_url": "gtclwjmrv9q9wv4kwcd5",
  "description": "The available disk space is below a defined threshold.",
  "environment": "3vuktz89z3q969w8sv2e",
  "fingerprint": "fzvao4z6",
  "isDuplicate": "qun41bi645qlojgmvil6",
  "dismissUntil": "n9wb81beopxddp4xe59q",
  "lastReceived": "xo7m2o2fampq8z3zcgk9",
  "duplicateReason": "j3qhj96myxyp28snp8il"
}