{
  "id": "ej5huucagem87dt9256d",
  "env": "staging",
  "job": "cqm7ndf7uwsn9hxoskel",
  "pod": "c50cgifzl83om695k2e9",
  "url": "38kw76xka0plyvpezzik",
  "name": "CloudflareUpdateFailed",
  "note": "bm69g9sikwzilbi32kfd",
  "group": "9mdu1yckddy4z812zx56",
  "pushed": "k61buh888er7a1ii9c4c",
  "region": "asia-northeast1",
  "source": "xq97r213qhyp4828c1e0",
  "status": "6sipjczkthoym1opitx0",
  "deleted": "q3fwe28z8e3zcqn8punu",
  "message": "68upbpklsv98qhnu1g66",
  "endsAt": "2024-07-12T08:24:40Z",
  "generatorURL": "3y4nqvixlo19le7h2v6k",
  "project": "775latb0ue49s1dek9cn",
  "service": "fwqvuq7e54jmm8iqi04m",
  "assignee": "qv4olhji1qk4nzo8np25",
  "endpoint": "hsuis87wq3g52bmhcp2e",
  "event_id": "w2b2ezmzkc0i9xbrruwv",
  "instance": "227.173.62.197:22339",
  "severity": "medium",
  "startsAt": "2024-07-12T08:17:05Z",
  "alertname": "tgzk3s92753akvteaywx",
  "apiKeyRef": "m27bjo5exneho2xskg91",
  "container": "dx8oenn1iheqe1qfg38i",
  "daemonset": "7bd0u5diefhctx184mcs",
  "dismissed": "u03tpqlkvxnicv5g7fad",
  "namespace": "4gmj0otin0msn3cg2bgc",
  "alert_hash": "ist5wjhg8xzfl2x5i978",
  "prometheus": "h5wjfjgs7z6h5hjvzn5x",
  "providerId": "qv0zj1djxlx9coo6tjhr",
  "summary": "db451lkdd85eugf9kbf6",
  "runbook_url": "4aupvgmveucmgi3974i1",
  "description": "System or application update has failed.",
  "environment": "xca1crl5i1ep537syvum",
  "fingerprint": "55o6sk6m",
  "isDuplicate": "n2k4w12xysn74hq62ug9",
  "dismissUntil": "3o5nedzi8qc17j5pqlto",
  "lastReceived": "in3klzz365ua4ulld26w",
  "duplicateReason": "3qsvdjpsjrokasyu9cxh"
}