{
  "id": "q97tpiaimh1k2q282chj",
  "env": "development",
  "job": "wk2h9mqxpifmi10k85ky",
  "pod": "5gdnvbcyirgl4b5hclvx",
  "url": "zze1an6u0f5l9z9322vd",
  "name": "RancherUnauthorizedAccess",
  "note": "u70tt29i592zpjidquc9",
  "group": "dxwuywer8ni84v7rby9q",
  "pushed": "q0uuple8zv092mii4beq",
  "region": "europe-west4",
  "source": "8qnwbe8ejpjvxhutx41b",
  "status": "kb992yqfidolm1l70pvk",
  "deleted": "miuoefwahvkm84qmcgpu",
  "message": "0tc730vxjduloibsmls7",
  "endsAt": "2024-07-12T09:06:55Z",
  "generatorURL": "6oct87zyz58xvb2js2k8",
  "project": "9rreyr6zmz7tq8bx59zy",
  "service": "ttuhnkcny1yn423i0ofk",
  "assignee": "vl8szcp3vdtgar39kizd",
  "endpoint": "kif2cdj5281tn17pthrz",
  "event_id": "aerqyh0sp0ha680ihbfs",
  "instance": "133.179.204.82:29554",
  "severity": "info",
  "startsAt": "2024-07-12T09:03:23Z",
  "alertname": "u5j2vweiwokjf5vzzik2",
  "apiKeyRef": "93bjaratbesppt3vzmeo",
  "container": "dqvi5jm2aaq9ak3g3zvv",
  "daemonset": "vhfc9beva050kdwiljru",
  "dismissed": "83sseluc9uhb0c2wae3q",
  "namespace": "4wuei3ju15yxyktonzrs",
  "alert_hash": "0yy4d4qvf3sndx94o8h8",
  "prometheus": "27lwv3w5ztxf4gnptedt",
  "providerId": "t1ncbkphopqmgd5obiep",
  "summary": "atx6jrnl37vmon36y2j2",
  "runbook_url": "61tjbsyy6643fo09cg14",
  "description": "Unauthorized access attempt detected.",
  "environment": "5jndmz2jgaikzro1fqp5",
  "fingerprint": "o89v78mu",
  "isDuplicate": "ktm88q2uo0peo9mbhcpt",
  "dismissUntil": "jitqq3xt0oxg9m4y3fzj",
  "lastReceived": "gyelm93cllxidy495h7k",
  "duplicateReason": "dhtae49wkg3w2t37tw12"
}