{
  "id": "vfo98r6nfuyg1xgea3ts",
  "env": "production",
  "job": "j0vv8a6ahesmh1equy2y",
  "pod": "2vdyicbzdc3u42cwwmpy",
  "url": "pvu2lfuwmjarmy9ypyn5",
  "name": "ApacheMesosNetworkCongestion",
  "note": "ezw2hhyowlr0sne8ohxq",
  "group": "xf3p758i7ecplbmeen1s",
  "pushed": "6g6rvx7pm4mwtbi0phow",
  "region": "us-west2",
  "source": "gmv61nagl5u70eeq3kdn",
  "status": "zd15z5auopd06mvneszc",
  "deleted": "u0m2aihk58m1xfr17b61",
  "message": "8epdboagv5q6axm51e2v",
  "endsAt": "2024-07-12T08:45:11Z",
  "generatorURL": "eyrzzbk35526n8s2p3u6",
  "project": "sh4nlkru74otp4rs0mhf",
  "service": "ejeifr3td0mmjlzpdn5y",
  "assignee": "o8uzxpwjmtcx5jbo8qb8",
  "endpoint": "ekyqv9asao2ow3s0an2s",
  "event_id": "x99hypeyk8hxzs3xai6b",
  "instance": "54.32.112.227:18293",
  "severity": "high",
  "startsAt": "2024-07-12T08:35:51Z",
  "alertname": "5xsam3gjn9aw4srprg3j",
  "apiKeyRef": "jwqdqypkd0zvmelqw1dv",
  "container": "k2plckr2kx4pbjr4k32x",
  "daemonset": "qb0t7rt5w70k5mo5r399",
  "dismissed": "5t1vtgc821gg6xtx6lpl",
  "namespace": "rhrv2hlzqq9hlqm2c73p",
  "alert_hash": "3ek08oghkifsp44lhgaq",
  "prometheus": "ivflzvdi7wjmt0njaevn",
  "providerId": "um9yubfqj3lncoz0jb3h",
  "summary": "obly12p7ib3x0t3igjjp",
  "runbook_url": "7t0isn0prs1o6ururtk0",
  "description": "Network is experiencing congestion.",
  "environment": "3xh786gnr4tayfisp4eh",
  "fingerprint": "b4savbly",
  "isDuplicate": "ktc5rb2qocbytrbeen9b",
  "dismissUntil": "4635jcz0tfiyc0gu6lkx",
  "lastReceived": "xudgjbnnmkl5o4cnx58h",
  "duplicateReason": "m67lw0cpquux3r7mnj46"
}