{
  "id": "4ko79nkip2mvmcf7ob2k",
  "env": "integration",
  "job": "uikjufl7bw0s6veznnvn",
  "pod": "pqpdw2gt1x0kjs6o36yy",
  "url": "87pswelq8ybqmahveo9g",
  "name": "OktaStorageIOError",
  "note": "qr8bxiqf1pve0vigzx2f",
  "group": "hkyjbznr87uqr4c0jzyv",
  "pushed": "u7cmc939cpghangr5bb2",
  "region": "europe-west6",
  "source": "o54vf0jlfz1msuhyl1mm",
  "status": "bgmu9or7gbz0kw1pj5i9",
  "deleted": "owswo3yzvisx5zsf6wuk",
  "message": "l4477l0htj6tyfnsihat",
  "endsAt": "2024-07-12T09:26:51Z",
  "generatorURL": "e1yiiw5v66wp0hgsls6w",
  "project": "xnwovapidtp0x9u57r2g",
  "service": "hog3dcigd85q1n06fhfz",
  "assignee": "o2z6froruqh4zhzetzys",
  "endpoint": "xe5n4jxrc2m8kx50jxkf",
  "event_id": "9qu6cu863woth65e13eh",
  "instance": "134.74.134.103:50297",
  "severity": "critical",
  "startsAt": "2024-07-12T09:24:03Z",
  "alertname": "nbveh75fr0tk1a6i0dz6",
  "apiKeyRef": "vqoxv6o13rolbxzueqwq",
  "container": "kqse5vcuakphoer034q8",
  "daemonset": "ox2chruts2nbv8kyqyg8",
  "dismissed": "nv9vl89v0u1bgyqvbm0s",
  "namespace": "q7pz0s0grlm3h81ymcop",
  "alert_hash": "o1pvuemju8xiw1yc73mj",
  "prometheus": "pd1m37c7adigrglfwuij",
  "providerId": "su4yrq8df9nfqlanjltn",
  "summary": "ow6ent281x63tbydkv7h",
  "runbook_url": "a3ckrhlrb3kqq0mmg292",
  "description": "I/O error on a storage device.",
  "environment": "xp6hylmrky2bwny0ogvl",
  "fingerprint": "r3ghonep",
  "isDuplicate": "x2lzszaedylcnt84oj63",
  "dismissUntil": "zody60s1o0ueaka3zwv3",
  "lastReceived": "a81l50it555a28qxxkcn",
  "duplicateReason": "rk11hpul4t9ddjm84xwr"
}