{
  "id": "vv7ojgh7bh8gytif91jw",
  "env": "production",
  "job": "x3gn3vvo2ahc2cgamrqj",
  "pod": "t9khksaw9q63f8t6p9fj",
  "url": "4gy8fy8oimnucxx5l8ja",
  "name": "SnowflakeCertificateExpiry",
  "note": "nvm8upjcaoqbxowxskg9",
  "group": "3nh14fr39k20t3bwj4tn",
  "pushed": "kypo4t34azrvm6nkaou5",
  "region": "asia-northeast1",
  "source": "kmjd6u66hsgp83yzlpk3",
  "status": "vsv40q1g3z0h918q2uih",
  "deleted": "9q3mcrcbkijuzplpxuqm",
  "message": "x3ey5zmx2mp8uft3gxz9",
  "endsAt": "2024-07-12T09:48:33Z",
  "generatorURL": "t8973itodi4pnk0gxot3",
  "project": "d37e25hbpypw81w4jfm9",
  "service": "6gw35srsdyowh0qlb4kc",
  "assignee": "0vwhi9c2lg16ts6u4zqu",
  "endpoint": "yfojramw1bn156pslga2",
  "event_id": "de2f83hrj9mxth8002ob",
  "instance": "62.183.212.134:55986",
  "severity": "warning",
  "startsAt": "2024-07-12T09:41:47Z",
  "alertname": "ju8k2rty31rofn5ej2ug",
  "apiKeyRef": "fxm63wruva4lgzy4zr3k",
  "container": "t2go63jg7tafk1g0yrrr",
  "daemonset": "q1dsgpthhcbdvpyzfepb",
  "dismissed": "xux37eprzysor7ooz1w4",
  "namespace": "kxut78cu9fagpaof83c7",
  "alert_hash": "1crz460m18p1inp8pu9s",
  "prometheus": "s5quh9qtzw2mcijrkdg7",
  "providerId": "a6lsf3kwep8fsle6tla4",
  "summary": "6euopnsmoephlae7oje3",
  "runbook_url": "bmwlg92b8aebk9isifsb",
  "description": "A security certificate is about to expire.",
  "environment": "30bk4hacq3ensvwo7xg3",
  "fingerprint": "h81w8p5k",
  "isDuplicate": "bfdkuwmd9sikw5m0fm3p",
  "dismissUntil": "345jj1xf2c93922wc7l0",
  "lastReceived": "65v7jemdg75jxrryr3y6",
  "duplicateReason": "xy6wlz5f11ln56maf8vh"
}