{
  "id": "eli4qz3luje6ppmhb1yn",
  "env": "development",
  "job": "vvq9r17ar5v1f0ouuy89",
  "pod": "pxy1bfygkppkts7l1kre",
  "url": "3wg76drh3g1rvz96x1v3",
  "name": "VeeamBackupServiceMemoryLeak",
  "note": "xuxjdgo4gn8xaouyc2r0",
  "group": "7bsus9b8xijpsfualt1z",
  "pushed": "vzxnadierrcl8qzbkf32",
  "region": "asia-south1",
  "source": "6vrwil1v5efhn7hq2zgt",
  "status": "8oyb2z543grkwy7g5xgu",
  "deleted": "xvzp3f72r37370xvln05",
  "message": "ec94ap6hdwgknzdnrpkz",
  "endsAt": "2024-07-12T09:37:58Z",
  "generatorURL": "cva80v8gmidmt89ek146",
  "project": "knlej89xyaedn0iipnqa",
  "service": "xa7qhy1sdthxorxrr47h",
  "assignee": "dllxlss3o0078behld35",
  "endpoint": "x0fqh2gl880wooim22fp",
  "event_id": "ue801mzp3so55my30iqd",
  "instance": "68.159.242.68:17213",
  "severity": "medium",
  "startsAt": "2024-07-12T09:31:41Z",
  "alertname": "vd8lywxoi3d1ykowijmk",
  "apiKeyRef": "xg0o4czwynz59t41pwuq",
  "container": "54qukb5ddw1fjlxrgluj",
  "daemonset": "i5t5zrn1xlsf4t31pk64",
  "dismissed": "romp4f4y3reaocwkwm7z",
  "namespace": "u5jl25tausez32y732bl",
  "alert_hash": "zcybuizo53bekdc60c23",
  "prometheus": "pvnwzoo7k7344838ql45",
  "providerId": "dibgkht0nzjr07btfqtu",
  "summary": "i6vlc0ydcl75rce4wefk",
  "runbook_url": "rxw4mzghatwjcfmgzaf8",
  "description": "A service is experiencing a memory leak.",
  "environment": "no2ebbx7fb5gngdlm1ir",
  "fingerprint": "r4q5975f",
  "isDuplicate": "pjup0wrosyvsl9th0p6u",
  "dismissUntil": "y8v4a60k9daih0uqjt41",
  "lastReceived": "lqumhumtgl45yr9f7xa1",
  "duplicateReason": "vt7ex4ku40n8fot5vu43"
}