{
  "id": "udkkq0irz1k1wiolca1p",
  "env": "production",
  "job": "cfrfrso1sxurt0lej8v6",
  "pod": "f8ce8n5h66r4q2cgdlzk",
  "url": "x4dsxnsyzlf4eqdah309",
  "name": "FirebaseRealtimeDatabaseHardwareFailure",
  "note": "7npz6ya8ow9lcpaa1mey",
  "group": "zgl7r9g2abl4o22r6wj5",
  "pushed": "r6x9x84dpzk3jbua4918",
  "region": "northamerica-northeast1",
  "source": "4jfx0kjza13oh4keu5zq",
  "status": "b6zwo4o91b9dkx4105gm",
  "deleted": "3ny2iuqq0j2wsl27y7ah",
  "message": "ipcffdvpky5d2ah95t2x",
  "endsAt": "2024-07-12T09:43:14Z",
  "generatorURL": "6jndmta0bpw5sobg11if",
  "project": "fll0ucl1r7qygyzwa4jp",
  "service": "jq9e5rvo3aengw1enfui",
  "assignee": "x7eh3cv3g5sv2mlrmh9z",
  "endpoint": "yg58by7l315s9qdg577x",
  "event_id": "t6qk8mvrxakkbqs722q2",
  "instance": "122.122.166.184:55741",
  "severity": "low",
  "startsAt": "2024-07-12T09:35:17Z",
  "alertname": "yqhlchwvsbf7lnwx8vu6",
  "apiKeyRef": "h9gfro8re0knvdee2mpx",
  "container": "bwathhnr1h9imkbirghx",
  "daemonset": "c8zvnp6uu5uo0qb8pz90",
  "dismissed": "9mhaxwnglo7xjnq005ol",
  "namespace": "k8e7wpb26ng83a0kbo3i",
  "alert_hash": "j7j205408vlgligrnsm4",
  "prometheus": "r2uqx3c90p5ufpj5u49f",
  "providerId": "3nazdjar860fsigmly4o",
  "summary": "avfp32gpa2mpjnh1poq9",
  "runbook_url": "cxg9u1d96mndtebxfzzt",
  "description": "A hardware component has failed.",
  "environment": "uat8r0g26y9vsmv7vi5e",
  "fingerprint": "llteskf9",
  "isDuplicate": "58gwa84awuyjlrmdtdxd",
  "dismissUntil": "irc7lk0iwol0cptl5lit",
  "lastReceived": "30lauqlskc8qulh35yuv",
  "duplicateReason": "apawdmmshllhicby6v4y"
}