{
  "id": "aistxzhqe45tkl3sh9qt",
  "env": "staging",
  "job": "puay6xl5aulk4kjsdu16",
  "pod": "d2rvp3ry24rzp3tw6q34",
  "url": "8y2op17aien82laofgbc",
  "name": "DatadogTimeoutError",
  "note": "bj27f94me6jownx9zkis",
  "group": "k1jr4cbgzlndgvbq4afy",
  "pushed": "980t60u2tgpzkpr5yxq4",
  "region": "southamerica-east1",
  "source": "7dfkluc4xzwok65v7x2h",
  "status": "w280phccuj9zxdjkbg53",
  "deleted": "ltsd72m4fs4na3lbua3o",
  "message": "n1qc5apy7fc86sghv3d2",
  "endsAt": "2024-07-12T08:59:31Z",
  "generatorURL": "dozd96u98a8c0o8kqh8y",
  "project": "kn9wggtgyjp6uzxu330g",
  "service": "h2aybuzqwgpov4781ml6",
  "assignee": "2vux3yi87a5iu2l1lym0",
  "endpoint": "5qsd5qx5pxm7hqx3q8c1",
  "event_id": "206u11dal73gu73yfjs3",
  "instance": "253.43.16.127:33243",
  "severity": "info",
  "startsAt": "2024-07-12T08:50:05Z",
  "alertname": "p71ds40izj79isf3dvc7",
  "apiKeyRef": "ev2jzcwg667of9lllwkg",
  "container": "3lmglqdhrajo0ybiobhu",
  "daemonset": "e6cch9b2pogmvbfp9fj9",
  "dismissed": "4q544yh2xupq43wk6ggj",
  "namespace": "6ttfj60wzsqyj9cv4lxx",
  "alert_hash": "dngn0cws6jhubzd995w2",
  "prometheus": "8623uum91bfy041akxpg",
  "providerId": "uaxrxqwecfj6d2pg178g",
  "summary": "nnlh8jikm6vhim94web3",
  "runbook_url": "re4t83cue4wm7h65mk53",
  "description": "A request or process has timed out.",
  "environment": "cgqszwo689nmmryt6dow",
  "fingerprint": "eil0h2tx",
  "isDuplicate": "bumtbevu1t3h8jkxwiae",
  "dismissUntil": "eeuntqiagjwu7adioe89",
  "lastReceived": "869ampn97y2xef4yepjh",
  "duplicateReason": "nfodwbdux6ff282nfv65"
}