{
  "id": "qtaatm89lgl8eyc0rg9s",
  "env": "development",
  "job": "yfl7lfl5uxgp3axqnf51",
  "pod": "h90ddmx8fh776b9hi38d",
  "url": "7haltbx7xcq0744voebp",
  "name": "CiscoSecureLicenseExpiry",
  "note": "xry92jcpo4awxgyz39s6",
  "group": "iwczef9m3af8slw5anva",
  "pushed": "pjjn5hm8kwgcvj9a5799",
  "region": "europe-west1",
  "source": "uaq4u7wuydlbefwbkr1e",
  "status": "k3un4sn6cf6mvqdotfhf",
  "deleted": "yqpkb5xl0iouzbjfar9r",
  "message": "i9z1xcix3fuw27k77dbf",
  "endsAt": "2024-07-12T08:51:48Z",
  "generatorURL": "l7li6o1yyqta8b2zfdzv",
  "project": "8nwza1jyw6qcpttqqqva",
  "service": "7x04l6fzlrzgo0j6cshk",
  "assignee": "9esy5tqhvaqgli0hw4ep",
  "endpoint": "8zbhoskgmj3mdvlmulgt",
  "event_id": "729wgvembejdrobf538j",
  "instance": "164.231.154.138:1187",
  "severity": "debug",
  "startsAt": "2024-07-12T08:44:00Z",
  "alertname": "t6s0gil9tix38dv696tm",
  "apiKeyRef": "enpm8bcfsbyqlnm13ihh",
  "container": "8qvh1gmnmwetpi0o9bv8",
  "daemonset": "ck3rx5aur3c5dhx6r5i3",
  "dismissed": "ggm5pnv70mk5xy6nkxid",
  "namespace": "rsum5ett9iq8rqzjwucv",
  "alert_hash": "hp43nrlpsza5opjy8if5",
  "prometheus": "2o8axf7z4yltypk1boll",
  "providerId": "nm3u8fdzjlnlkh3rx8u6",
  "summary": "yyj7d3929nz3gfp6vm35",
  "runbook_url": "7e0n7zu6n7nlfa22feyy",
  "description": "A software license is about to expire.",
  "environment": "ru3m2xkk4rcdtl9hrrcb",
  "fingerprint": "b3mkq483",
  "isDuplicate": "dcmshk8mcent5vdq75yc",
  "dismissUntil": "4jlql5yxun8lb3l105hb",
  "lastReceived": "w87042gay4xduhyueioo",
  "duplicateReason": "7w1et3d33lnw6kfi0gyo"
}