{
  "id": "wc7lbvr5pvnsg1olkhji",
  "env": "backup",
  "job": "j3km2c31kahm9y14u7lg",
  "pod": "2xd7542eg5gjw95b2ga4",
  "url": "gt1w1n0a2d7hu38r2zsr",
  "name": "MongoDBAtlasSecurityBreach",
  "note": "mk1hu5yiisotefndpm9q",
  "group": "v9cw9duh885obooywadx",
  "pushed": "73t5lqh0dse1okzarpqq",
  "region": "australia-southeast2",
  "source": "s7bogncgtnf0x5032uof",
  "status": "p863ha3xkgzwsphgb429",
  "deleted": "nvgivpkqbheopdsu22v9",
  "message": "1zz2uiaqx1ifghkan44y",
  "endsAt": "2024-07-12T08:39:26Z",
  "generatorURL": "crghpsbkwifbkxrkxipr",
  "project": "zlb9w7atpekw3jwvm4fz",
  "service": "arggd0ixokx7zxwohfn2",
  "assignee": "4jg69mjz0z3ow7jooiht",
  "endpoint": "0oivjqmrrejo8katra0k",
  "event_id": "qo0fv0q3cqjjo8bac5zq",
  "instance": "121.210.44.216:32341",
  "severity": "info",
  "startsAt": "2024-07-12T08:35:22Z",
  "alertname": "8ghpf3mxrjzaiw3qtx51",
  "apiKeyRef": "nsjrars1x8sgmmxray01",
  "container": "t8a1278z31xm9ppr8imt",
  "daemonset": "6nvvyg1au4mnbi0k13e0",
  "dismissed": "v3mv4rhs3b4k8es8mxze",
  "namespace": "b3xyzpvj8e6473sn5iay",
  "alert_hash": "62ulu5dqtjofq9j8w05i",
  "prometheus": "3f5frsc4gjyc3abh7vnx",
  "providerId": "x611yc9f22wlk8d6ntbe",
  "summary": "m1xfq5s6vtyon5gvqgkk",
  "runbook_url": "5ghffimv9xhbuofzigo9",
  "description": "A potential security breach has been detected.",
  "environment": "mt2sddcvxmw7tq691sfx",
  "fingerprint": "l89zgsl5",
  "isDuplicate": "2f48aygeahd9plmduxk0",
  "dismissUntil": "5pi8x0o0pngltsurgsjb",
  "lastReceived": "dsm7hmvxfjb6d87zfvii",
  "duplicateReason": "p18ez55q0qf4fmckdf1j"
}