{
  "id": "qfp10r9znzb03gngqnus",
  "env": "production",
  "job": "5sp0lwbsuy94moe1okr2",
  "pod": "gjvycqb64ave7buukf7a",
  "url": "5lpx9pudoa4l7uz824jf",
  "name": "BambooNetworkLatencyHigh",
  "note": "syl55ih8afgjql8u1way",
  "group": "px99shwpqk0xe6zea5o6",
  "pushed": "w08ioeip7i4swy7p046l",
  "region": "asia-northeast2",
  "source": "pzxguc1rhz7kawcrfaqr",
  "status": "nf0ogs7gub9gqj7ezisf",
  "deleted": "unrm9k1qiivppndwxbk0",
  "message": "akvwv1wfymu7bh4gle0t",
  "endsAt": "2024-07-12T08:46:59Z",
  "generatorURL": "jxam7d5jqveoi0duekkf",
  "project": "5vbkieqtd7s48k6gcsx4",
  "service": "labslkz9lnt9mzuqzg0o",
  "assignee": "ruyjwbdsjbs8tdfy0kc5",
  "endpoint": "bnvbuhs7nb2lk09ha09i",
  "event_id": "wbd8hpm0ugcb8tk03hoh",
  "instance": "91.41.198.131:46729",
  "severity": "medium",
  "startsAt": "2024-07-12T08:46:49Z",
  "alertname": "t5d0205xjroqk6m18m1w",
  "apiKeyRef": "bn44gpnenh7evc4q0id3",
  "container": "9l3txkn4o3bo7czhiaml",
  "daemonset": "mj9vnd8ofi6zar6sn37z",
  "dismissed": "85g17lkg579dssgau5i7",
  "namespace": "bt2gfcw7a2e13alaj9b0",
  "alert_hash": "j91mdc6gz60mqn0jk2w9",
  "prometheus": "59tajto7jox5blmg7h89",
  "providerId": "az5ob86ugw3dio5h9kxl",
  "summary": "vgasyi3ue3giff4pjhy5",
  "runbook_url": "45k1mx2c2z958kh5vvfo",
  "description": "Network latency has exceeded acceptable limits.",
  "environment": "jx6b7tohdnfupaextfow",
  "fingerprint": "iab39r20",
  "isDuplicate": "cxc1kisbxxhb44vexvue",
  "dismissUntil": "brl892pcbvq1g5zh7trk",
  "lastReceived": "q7sfbx72rf9pye0ew3xh",
  "duplicateReason": "xj6m1ndn18a8cw3avdlb"
}