{
  "id": "354rk57akdgkr6ap4itj",
  "env": "pre-production",
  "job": "8cbwf4fxut1we3v76gtr",
  "pod": "tu6cq0p0h9v8i97hjez7",
  "url": "y4tp9pb31cv7bbm0xdp1",
  "name": "RubrikCPUUsageHigh",
  "note": "z395qo3cr6gv34x1rvxw",
  "group": "vzvr0uwegk3tzu3gufoe",
  "pushed": "o4hyh2vch2aabxa47nnf",
  "region": "europe-west3",
  "source": "94f99wfjmrnfk2webb06",
  "status": "hevwk3j310sl06mt2try",
  "deleted": "3hj067o9k6zb60oloknk",
  "message": "k2irw8wetxzb5vvx2g40",
  "endsAt": "2024-07-12T09:47:17Z",
  "generatorURL": "fy0sn8bjf0oxju1ooqdy",
  "project": "n7f8lgh7c5x6ypiythcx",
  "service": "yfgg2jhzizzt98xqo9rl",
  "assignee": "4r9t9er3xwu4d8mkyfv7",
  "endpoint": "yxhs76jeg39sh9conf50",
  "event_id": "iby7eqcw9ojbxt61fio6",
  "instance": "239.102.139.236:16863",
  "severity": "info",
  "startsAt": "2024-07-12T09:40:47Z",
  "alertname": "sz95m2eusu910r5fo8du",
  "apiKeyRef": "ucheghcz2qu8njt7ndf3",
  "container": "t1flig204g26hya9x8iw",
  "daemonset": "ef4laph2ge6at5ejqd1e",
  "dismissed": "vktkknjs749wi38yj05y",
  "namespace": "qbsqjdeplwljfuw6jkux",
  "alert_hash": "933wc2w0yzcvxxy5xvyw",
  "prometheus": "bxeqihrrh73ku8t4152f",
  "providerId": "6a1bx0jdi0b3xrt5wu6j",
  "summary": "fln3o756h2ltburb8dps",
  "runbook_url": "gohmh921nd45zoxocldn",
  "description": "The CPU usage has exceeded a defined threshold.",
  "environment": "tlksxo5yjcdc701aymch",
  "fingerprint": "nlf9w24d",
  "isDuplicate": "dkgaoo7zbfug22mactcr",
  "dismissUntil": "rxrf085gi7kxyhaa9zgc",
  "lastReceived": "emxhb6njt92j7i5m5g1t",
  "duplicateReason": "4d8nd6hdw6u7kfpoltnm"
}