{
  "id": "8itj7h9z4oew95mqpq9g",
  "env": "development",
  "job": "kcm4e0pvuutkvxkn1nds",
  "pod": "cn29rc2nns94erxrodqn",
  "url": "pfcxrvtkrt7s65hx7mjl",
  "name": "GoogleIdentityPlatformServiceDependencyDown",
  "note": "714zd42dpp6uj9plfn5u",
  "group": "lvo5klbvs6rqnt2wxa3u",
  "pushed": "khiinn587238uk9mmmxw",
  "region": "australia-southeast1",
  "source": "algm5a7wwxv4blankkzf",
  "status": "zve7ccuw047eqqvxvn9x",
  "deleted": "11k3x79519r170avsu76",
  "message": "m9kx2bngj2ww8q6o3c4x",
  "endsAt": "2024-07-12T09:35:48Z",
  "generatorURL": "s0aj5j5gfndz45b069qg",
  "project": "w9tgm82ztqn3jxl3o2pc",
  "service": "udnvhrqvbcausjophm63",
  "assignee": "dcy4aioioozn2xyjoe4j",
  "endpoint": "fv8anx7kv8espyyppjsj",
  "event_id": "7wqhn6g8t2kh0mlwy058",
  "instance": "23.135.53.28:22008",
  "severity": "medium",
  "startsAt": "2024-07-12T09:34:20Z",
  "alertname": "2lqq4c2padp3gsxevlqr",
  "apiKeyRef": "5w2au8bweym6hkejm99u",
  "container": "oxmq9w2t0eifaizamw0x",
  "daemonset": "6ad8vfkuwm8dkcbbav4u",
  "dismissed": "n3l3rkp1zlflq9wajh9w",
  "namespace": "rkyvxadyhfh9ynpx3gjq",
  "alert_hash": "vl6brpw5ry4k5p2uce8z",
  "prometheus": "kxmqmagw1oyjbfw96q67",
  "providerId": "229m6xf2rzai34ih6nyz",
  "summary": "lw4aj7ke4rrwim6lz342",
  "runbook_url": "t49zxae898z73icx5vbh",
  "description": "A service dependency is down or unresponsive.",
  "environment": "osjmc5fzo98mnlj70s9y",
  "fingerprint": "xz385cfd",
  "isDuplicate": "h63f1iy0w50qo0tc8986",
  "dismissUntil": "ouzvlde8k7sasffj6hvh",
  "lastReceived": "pkfw9000f3rzg4y38oyu",
  "duplicateReason": "yfhbeixa88fahlwiquqf"
}