{
  "id": "7r4a8zq2gk7hu00mlv2d",
  "env": "backup",
  "job": "z444j8jjbot15qdyau7d",
  "pod": "vtjdfysgab71b1mok2lw",
  "url": "b0kmrcqu9dxvroayqyzm",
  "name": "GoogleMeetDNSResolutionFailed",
  "note": "vwkmjqrevcee3zz30jqc",
  "group": "u0d891jxjaiaak2g9uho",
  "pushed": "8zgcviugacj8kdub55zw",
  "region": "europe-north1",
  "source": "8i92u0p98qkl9ngfszki",
  "status": "fizvt606n8yj09vjj3b4",
  "deleted": "z59u1a12bu872pnwr4gg",
  "message": "pumbo7fmqjhodfz4ttco",
  "endsAt": "2024-07-12T08:10:10Z",
  "generatorURL": "6p44l5ouyrvbqud0iiu9",
  "project": "p3gc2lxakebfbfqnox3r",
  "service": "bpmm75337cyi30ysma2w",
  "assignee": "blmiy0ac5hmfrsfm97ll",
  "endpoint": "8x0cbasea6k01ej0dbeg",
  "event_id": "5rlet6soz7rmnzmno28g",
  "instance": "239.102.139.236:16863",
  "severity": "debug",
  "startsAt": "2024-07-12T08:05:38Z",
  "alertname": "jnwncwvujhsma4ha8jmr",
  "apiKeyRef": "xpt8ew2vzb8gbp82b079",
  "container": "x47hb2zx9z2h7o3iq5l3",
  "daemonset": "2fqn0eh8ktu4w5v1aqbd",
  "dismissed": "xmw4u5mfvjz82as9f7r6",
  "namespace": "9qavmb8yuru9fmaxal3f",
  "alert_hash": "pk8dsb5nsrp61bequbpq",
  "prometheus": "w2z9i1gzmtof3y1k7nfy",
  "providerId": "io58l97vc0yjd9ghemyu",
  "summary": "7374p4s68c4cdylmotts",
  "runbook_url": "fqfa7to3z2fx5nqb0jol",
  "description": "DNS resolution is failing.",
  "environment": "sc4viy7r4ljn8oj8ikga",
  "fingerprint": "drjn33mc",
  "isDuplicate": "bdfji9ypv7697odb9dg7",
  "dismissUntil": "6lsn662ayrhf3vplcngh",
  "lastReceived": "g67dokwaqaubnzxvmu5v",
  "duplicateReason": "qtrpewboz3mhf9svzeri"
}