{
  "id": "rdx3lapqzcyw21w2fjda",
  "env": "testing",
  "job": "z6xx2q51503iv0j0fl1g",
  "pod": "metr3f8doq7vr1vz9c4u",
  "url": "2cuhszsy9oj331666yg4",
  "name": "CircleCIUpdateFailed",
  "note": "iu8juzoupsj50gxgz2ng",
  "group": "w2mm0n7th5px4rglcs29",
  "pushed": "milh2mgm7bphw9unuitf",
  "region": "africa-south1",
  "source": "ewnwjabelhkzzorxai4o",
  "status": "k3t6ntbx74tm83km055u",
  "deleted": "7rmcn3wbomuj377xpg2a",
  "message": "r8wezqmk9s8s9wtw6avl",
  "endsAt": "2024-07-12T09:20:55Z",
  "generatorURL": "kzn6fcl6gwzrftnm2t4f",
  "project": "6t9c7rxg0jrtnpdbcutx",
  "service": "1tonm5oc90bw4ypyevma",
  "assignee": "g1rp81faz88kwuaqd4e7",
  "endpoint": "6mau19hi1pn5650qdh8p",
  "event_id": "jtsdjl8o1gkh3vszi3gw",
  "instance": "239.102.139.236:16863",
  "severity": "info",
  "startsAt": "2024-07-12T09:16:40Z",
  "alertname": "z51mcr4ndqigdh9gt97s",
  "apiKeyRef": "hav7lrci8np73r9xwrnv",
  "container": "pf6p7a26t8rzgc5ifdj1",
  "daemonset": "zughd5ysy6qp40bc3thw",
  "dismissed": "srgylh5803ccxhsyxmel",
  "namespace": "7i98w6w3d56qvs7jyygr",
  "alert_hash": "13rzpm4cu4nvsnhbpjd1",
  "prometheus": "m6zwhhjs65fztasdhnfi",
  "providerId": "45alu2u1nptpdhsb81kb",
  "summary": "9dh82jb07rydp5imbpl1",
  "runbook_url": "bzu5aod2tmmhc9mhdmsd",
  "description": "System or application update has failed.",
  "environment": "qszdk9plc34zhhzr4juu",
  "fingerprint": "v35299nt",
  "isDuplicate": "n8k6j30rfhwq6rp5yy2r",
  "dismissUntil": "osvq0lrccrfyamuw1mi0",
  "lastReceived": "wfh4oa5p5h4j3wikr10m",
  "duplicateReason": "ipi18tqr5elhwdtc8c5a"
}