{
  "id": "dnfjkoca5ecqt4g32g8y",
  "env": "pre-production",
  "job": "zzipm76v350k23kkcj4w",
  "pod": "ud70jix5huxhqvisi6m4",
  "url": "spbavqtvjluecopyseyq",
  "name": "SplunkConfigurationChange",
  "note": "g6q2jxx464nwa8dgm0jl",
  "group": "yrbwdvh9hlus18pg437b",
  "pushed": "gks5u5tb8682384a7wj9",
  "region": "asia-northeast1",
  "source": "7olqg858eqw2iatj1i9o",
  "status": "6ndfzy3xuhol0nsxdv1y",
  "deleted": "s5jd57ztji9trivczswu",
  "message": "gnrfjt075yle31cwnglk",
  "endsAt": "2024-07-12T08:09:20Z",
  "generatorURL": "0x6zmmbjx8qwsxnqmwnm",
  "project": "cs0y01mcadqfe46rt446",
  "service": "xt9o5dqfi9xds4x59iib",
  "assignee": "2xp662mm750gumhi4e2d",
  "endpoint": "09wu862diq1gzjqgixay",
  "event_id": "51eui2ts349c788lnuah",
  "instance": "133.179.204.82:29554",
  "severity": "low",
  "startsAt": "2024-07-12T08:01:21Z",
  "alertname": "tppp7kimhmzc3dqskma3",
  "apiKeyRef": "hvtd7zvrwh9s74ljc8d4",
  "container": "6qszp5riggdtb1f8dfht",
  "daemonset": "5dxjefny4y5jlqsowb26",
  "dismissed": "vlexqqyjjdumdm98qrr9",
  "namespace": "aq1hxuizh9qsm7t4jkgc",
  "alert_hash": "ud13lp36rqp3rvxdmawl",
  "prometheus": "2ony9ax5vsv66mumw98c",
  "providerId": "noowq9dm8f0burqxwcwp",
  "summary": "z518jegq04gdbq50q7nk",
  "runbook_url": "znuhh9oqc3x1o395wyn2",
  "description": "A critical configuration has been changed.",
  "environment": "sqhp5q7lic10p4wkc2ar",
  "fingerprint": "6kyrn8jb",
  "isDuplicate": "9b7mbg78giyfaoyskjk5",
  "dismissUntil": "ixsizifksljnsahlw52q",
  "lastReceived": "290uzvvioz88460dbgco",
  "duplicateReason": "0bfqm6h3vb8hpipouoyn"
}