{
  "id": "jva7uof89prxql3d0kvn",
  "env": "development",
  "job": "a6vhp1ogva59qgprupnf",
  "pod": "dv0abzx3761ab9ojj0nl",
  "url": "1e05wfx9wicb6hos4lvy",
  "name": "MicrosoftPowerBISlowQuery",
  "note": "arz1wwdztieevjt7mhdj",
  "group": "1wmiwawkwiedxyofjy2o",
  "pushed": "2hrw6u1glppo6vaxpwa2",
  "region": "australia-southeast1",
  "source": "regguycoi8f4jp979r69",
  "status": "n03jx3gmcokmvhnxnk3c",
  "deleted": "6vhyqofinbpipoit39tw",
  "message": "4mim378rhqbjq6dvni3v",
  "endsAt": "2024-07-12T09:39:50Z",
  "generatorURL": "5yhrjpy892dzcuaurm51",
  "project": "xxepdygwbej4c5nv5122",
  "service": "2wdbvak2hydehbeilbam",
  "assignee": "y9eo4jmzgzz1qo7etklc",
  "endpoint": "b5soys7xtjb7lshvv9n7",
  "event_id": "03fmobkip95s5tz0qifr",
  "instance": "222.217.67.204:20807",
  "severity": "high",
  "startsAt": "2024-07-12T09:34:10Z",
  "alertname": "q8mc8yevojwia8in8owg",
  "apiKeyRef": "h3y8w7pb1rrd6wlm9je5",
  "container": "ce0g2nytmu6ioukzth9c",
  "daemonset": "vudtmlvayvbiyh7kzgm2",
  "dismissed": "scpspfysqmbtivz3939a",
  "namespace": "z9c41qvdt23w5d0mftqq",
  "alert_hash": "lipr4zqx2qoj54i37yie",
  "prometheus": "l7crfvmw9e9m474dq4pv",
  "providerId": "63g2zbxj2v7fqaxhifsy",
  "summary": "1vgnmxmx6i5251c58fbi",
  "runbook_url": "2pmpc9at5cbuyxhrq7v1",
  "description": "A database query is taking too long to execute.",
  "environment": "csqiomb1gp6n0s7nrosj",
  "fingerprint": "gqnq5ook",
  "isDuplicate": "7i5qpfn3s19bpfrq6xvd",
  "dismissUntil": "b4lpl09o3f7uj89i1cs9",
  "lastReceived": "r842gijvkqrpw0877jpd",
  "duplicateReason": "ep0s114ya1lphz7uulw8"
}