{
  "id": "2f2wrnd9i7wrcgqdbg5w",
  "env": "testing",
  "job": "mgqlqdkghdar2po5q332",
  "pod": "4eykm12obfon8jt8rj81",
  "url": "nw0senfgu46e1fb03cs4",
  "name": "PortainerProcessCrash",
  "note": "apntfilstlydp798w2si",
  "group": "361oggcv0mw9ofnrk1l2",
  "pushed": "zaqqahrh1bzghml9qt9i",
  "region": "southamerica-east1",
  "source": "9h2oj5me5o7k9r2mc9he",
  "status": "61mnnd9oh5xr9zwprq5e",
  "deleted": "3qbnzuk91up0s70sdmil",
  "message": "sx4v8uqx0xskzzanrlc6",
  "endsAt": "2024-07-12T09:01:02Z",
  "generatorURL": "e6u5oyes3l8jtm8cq8nl",
  "project": "2pfhe3t3vtlszqgcqv3e",
  "service": "qhfki7vyxxjhrnwiyyvd",
  "assignee": "2dq4l3r05acbo2wa9qwu",
  "endpoint": "t64qikxqbeh81ukxo2w9",
  "event_id": "flqkpo6c37c6cnsg1jda",
  "instance": "121.210.44.216:32341",
  "severity": "info",
  "startsAt": "2024-07-12T08:53:42Z",
  "alertname": "bafj9qju0w57cib7w3p1",
  "apiKeyRef": "27cjyx3hjf6kzpwe9vsu",
  "container": "gtci2demdpw45i416uih",
  "daemonset": "7i5ni8ni73f5sh5cb9iu",
  "dismissed": "2ens0wnamndrhoev4u0s",
  "namespace": "r9otp342ywyararc58lq",
  "alert_hash": "ezmbhroyixln3wiw3rnz",
  "prometheus": "9vbd4adnwfwks3ajuc7h",
  "providerId": "19jlo73p8ypz8f0225oc",
  "summary": "vgo9blveu91k9e7gjt4j",
  "runbook_url": "ft4oeqva365gc9nsakdx",
  "description": "A critical process has crashed.",
  "environment": "ppr2d92g8q6lkcp6t0aw",
  "fingerprint": "ufvbiu7c",
  "isDuplicate": "pocb6d938odu4l58edyh",
  "dismissUntil": "an8p5bnw1uy4lwzaaywk",
  "lastReceived": "j3sx2hq1758rqyom72kn",
  "duplicateReason": "yq7700z1j4gofihhn95k"
}