{
  "id": "0vzsequpzyouchpnd8k4",
  "env": "sandbox",
  "job": "y3z0emcfos4jw47trnre",
  "pod": "oai08qyw3c5uyhfc2nf4",
  "url": "0ukgyxtat02gikza829b",
  "name": "KubernetesPowerFailure",
  "note": "8l9tye0cdlij88hsbmog",
  "group": "7mj6uvprwsd90vtd3jtl",
  "pushed": "5g8t9hszb3gbimwojsqv",
  "region": "us-east1",
  "source": "ayz2iokam90b22tybmlj",
  "status": "sytja0rdo4m6lkbsc6u7",
  "deleted": "uzcfxpkjf1kxoop6zdrl",
  "message": "78zupmx6fanot39y0egs",
  "endsAt": "2024-07-12T08:20:36Z",
  "generatorURL": "954syhlln0nxwa7cfyqp",
  "project": "x23ukt7xirgoius9tg6p",
  "service": "52zrzf1pe3z5u1npwaul",
  "assignee": "fvc8g1o1xacz1ux8eo8j",
  "endpoint": "ggr3l726f8kwnx9390p9",
  "event_id": "1lagcj7qumgk4l3vplcm",
  "instance": "226.63.171.227:17782",
  "severity": "warning",
  "startsAt": "2024-07-12T08:14:21Z",
  "alertname": "euosnj86s6wn8dm3g0gf",
  "apiKeyRef": "92ilynoo8wobulc8k85g",
  "container": "ir8tlfjsm1t6yi6z7fwb",
  "daemonset": "ac5zm40oahae1n8plq9h",
  "dismissed": "iphxcg8u5l578941dggx",
  "namespace": "5z1eome003zaj4p8azbx",
  "alert_hash": "vbmqyjwsfyqmzso524un",
  "prometheus": "4p3wypm31625oos6vmya",
  "providerId": "4shztk9bun6s4t3aj8nu",
  "summary": "tbd5qj1a98nenhziydy4",
  "runbook_url": "bqpi27uyltvc1ob2fmir",
  "description": "A power failure or outage has occurred.",
  "environment": "4p0f77a07ltys0vortfv",
  "fingerprint": "lp0t77iq",
  "isDuplicate": "4b75vcdsd3zvrci8plx1",
  "dismissUntil": "9t30gpotkjcvayf80ib8",
  "lastReceived": "k74o8fco5gb3rrx4l3oo",
  "duplicateReason": "pjbvkhod9jin2i0ybw9l"
}