{
  "id": "g189dp4lrsglzf68gfsm",
  "env": "pre-production",
  "job": "zgo2wbktofg2hmyb5z3w",
  "pod": "y6worcppjahuk039vakv",
  "url": "v3qk1yzcemesdjxj0phw",
  "name": "MicrosoftAzureSQLDatabaseFileSystemCorruption",
  "note": "zcattutrfjkb8ippejmv",
  "group": "3f1y8h8cssbx32jiqj5u",
  "pushed": "7x7bg5pw15nilzar9un8",
  "region": "asia-southeast2",
  "source": "fwffbmkesgwz03hj7yf4",
  "status": "nhv2ruu0as5zs2loh9jq",
  "deleted": "tonbmjmdk766ek8oqkxs",
  "message": "6n2b2zf7thujunatllyd",
  "endsAt": "2024-07-12T09:42:36Z",
  "generatorURL": "buutcl5uzbzuo1hg4k84",
  "project": "f8suzf5g1lwawm9i7kzb",
  "service": "g7ptg07dm0fuxpo5un6d",
  "assignee": "fcxcdql6x70350n5lpko",
  "endpoint": "ig9d6ag8ukmdft2pmpnc",
  "event_id": "e5mw6f0tn7f2cvcy5gd8",
  "instance": "91.41.198.131:46729",
  "severity": "warning",
  "startsAt": "2024-07-12T09:41:49Z",
  "alertname": "pprvd0cyr2aie7gzzc3s",
  "apiKeyRef": "k2i3tbudwiui55muqmx6",
  "container": "6dpxtg0clm1t13f5j7ip",
  "daemonset": "npp560jfgt77y9h2dito",
  "dismissed": "r5z6p7nbhxdmd9c63p37",
  "namespace": "ukb4nmvdxsh6mf8uxw4v",
  "alert_hash": "fu6mti2ce1hxy0z7i518",
  "prometheus": "66qsubbc4p7k3o8jdc36",
  "providerId": "6im0sv6jjxt0wlnpiryh",
  "summary": "x3phok36x6xvfdgzqj53",
  "runbook_url": "haqwc4lktakgv5wfvfox",
  "description": "File system corruption detected.",
  "environment": "e6zmceipt2n7ca0qs9f1",
  "fingerprint": "ojvsw0i0",
  "isDuplicate": "xa6ffnn3ny7hf4s7swov",
  "dismissUntil": "w4ojbugqko4zfs0oafqf",
  "lastReceived": "qd1q3dccmpopp3bklyem",
  "duplicateReason": "7y2twbsq2x7s2noup7cj"
}