{
  "id": "1q5mij3vgtiatxnyfezb",
  "env": "staging",
  "job": "9y8qlva80tq7q9n22yju",
  "pod": "3eg3tcwm45niz9zvw1jy",
  "url": "x7sy5v3q8y9v2k45q1ou",
  "name": "SlackQueueDepthHigh",
  "note": "79uo7zxg5ubkiz1k1xi0",
  "group": "gu493f7vuhynpzm1itwg",
  "pushed": "9a8x42faee1nlbxinlou",
  "region": "asia-south2",
  "source": "l1w3rdy4kjts5tjtiwsb",
  "status": "bg8i6wbptw94w3untz46",
  "deleted": "fufx21xzp6p40cx0z9bl",
  "message": "2cuhulvgnozgfx7zefti",
  "endsAt": "2024-07-12T09:51:41Z",
  "generatorURL": "ozxly15qgwab705rs4z7",
  "project": "x6fx3rfyukh2u9bwsdnq",
  "service": "jti6pz73l6kimzofg6o4",
  "assignee": "hjbwqpgrgzdlr14o8upp",
  "endpoint": "jsal1xl8fbin8mp66fgn",
  "event_id": "et09wkt8n5usr1aeg8ym",
  "instance": "155.134.50.157:9960",
  "severity": "info",
  "startsAt": "2024-07-12T09:44:37Z",
  "alertname": "37046n6hb4tvogv4jkoa",
  "apiKeyRef": "cuz9w85txobteeb7i0yr",
  "container": "nrq99ijbl7m4gcwd9oig",
  "daemonset": "5c5rdh6xft3c7v2zzie7",
  "dismissed": "sq7exc8vf0im0592uuhz",
  "namespace": "4u85w80wsswflr4n73wy",
  "alert_hash": "lf5qbdh2yujmyvkud5th",
  "prometheus": "9uj866x0e85f7kyhz776",
  "providerId": "8ywvds19m8nmkj56eas4",
  "summary": "1uutvtl2ekm0gyqgu9ma",
  "runbook_url": "kpspimttnltnn2xifd12",
  "description": "The depth of a queue has exceeded a threshold.",
  "environment": "u1bcfrxy05ruod3s26id",
  "fingerprint": "fqroc73u",
  "isDuplicate": "jw8f1z69rore4zki8vw6",
  "dismissUntil": "7xiemeyr65xzlzyqjq2u",
  "lastReceived": "mbt3zidswk8yjt4cxowl",
  "duplicateReason": "yimfxaus0do3ydwyabm4"
}