{
  "id": "wbge6yzv4rpcjujx71gu",
  "env": "staging",
  "job": "f6j6y2kf1j133p9qo14c",
  "pod": "fwyyccs8kd64ew7aj3qa",
  "url": "uigalwijg0xdkjslg728",
  "name": "CloudflareUpdateFailed",
  "note": "m2gx8p20m4da4809iuzm",
  "group": "8o7e6skruc6tdml576uy",
  "pushed": "r4vg7zglsvbw3gx1u8lq",
  "region": "asia-east1",
  "source": "kksjeh7z9drswdkk6dri",
  "status": "smyuyyeic2xqir37v3a5",
  "deleted": "icyp5ryi1v6gf7vo5gxu",
  "message": "gb4netup6puqb1b7qp0g",
  "endsAt": "2024-07-12T08:15:01Z",
  "generatorURL": "79b4mr8pw6oqk0baao5q",
  "project": "wkvvbbiw26dpmu39azuh",
  "service": "xuiax8ir6o71oz62sqxw",
  "assignee": "v38skhcb2tjo5u55tddj",
  "endpoint": "b4km4w22f0bkda67nft1",
  "event_id": "gl0ygmtzzes8p9ms7gue",
  "instance": "119.104.134.245:24340",
  "severity": "low",
  "startsAt": "2024-07-12T08:11:27Z",
  "alertname": "fcnwq21fh5jvos7eqcov",
  "apiKeyRef": "90qyg6tzin9a8ftfk83i",
  "container": "jz9exehzq1q51ajbkdbl",
  "daemonset": "cx6d9jz3dkqhcz3yfakb",
  "dismissed": "jfdy6x6z1kw4qsnkooey",
  "namespace": "6ihu5z0myilvktes80oa",
  "alert_hash": "p8g4mi0go185xlnp5bd3",
  "prometheus": "bq68x228wfq1jlm8fhuw",
  "providerId": "fafo102g4ttuf4l8ei8g",
  "summary": "6um890tssr7l61j8r1sd",
  "runbook_url": "1isgq75001dljmf8rj9z",
  "description": "System or application update has failed.",
  "environment": "x0kv0080knb1ongfpgi3",
  "fingerprint": "fy7yqt2p",
  "isDuplicate": "s6vgjghbzokbhsxgtkdv",
  "dismissUntil": "t223ixr6i876echzc4hw",
  "lastReceived": "4s0joflslf530ykcsq3k",
  "duplicateReason": "nw09pi7qrlo96is7ncfg"
}