{
  "id": "v4ueqv95h8vvy8sy4biv",
  "env": "qa",
  "job": "nbsgcovwkgehim10n23d",
  "pod": "rbmdnkwndhscnavvii26",
  "url": "spwnhnzn3uaffwbq8gnx",
  "name": "TanzuKubernetesGridNetworkLatencyHigh",
  "note": "lsh73tuds0usp44xpdfo",
  "group": "khxxfhr3uddf0co45ibu",
  "pushed": "7jh9bcvwj7xkdi4ro0a6",
  "region": "europe-west2",
  "source": "k125wt4o820wvfonfc0c",
  "status": "ti9csnmhvi85zhf8uhd3",
  "deleted": "w9jsd2t9rru5z9gi0hav",
  "message": "d4bkmmkkzyk79wkbwhn7",
  "endsAt": "2024-07-12T09:36:37Z",
  "generatorURL": "6jfi1ri3lyk87kgjbvoo",
  "project": "1phtxtysx24jj7wseckh",
  "service": "zbdb0hn2dmmmope5oaum",
  "assignee": "ihonuoz42yjmur171dto",
  "endpoint": "lhrhhqv08y5z23xam6od",
  "event_id": "fayelldheiarne9fut7k",
  "instance": "122.237.172.41:32811",
  "severity": "warning",
  "startsAt": "2024-07-12T09:32:45Z",
  "alertname": "curgw5tdypc7yxvfhpgl",
  "apiKeyRef": "8itoostg887r8b2cqxsp",
  "container": "p8jo5q43l0d6vl1iyu8z",
  "daemonset": "7kx7969lfrtl844c6njx",
  "dismissed": "wpkg7l7rlk4z63et6ccu",
  "namespace": "gs54y47z7v4i8vx0hfay",
  "alert_hash": "sosyxqgmcddqccwg00gl",
  "prometheus": "wamihwdfe98jbqwfck4e",
  "providerId": "m75kcxsjzfotwpumwbk2",
  "summary": "fhc3vosj53s9eaa6r9aa",
  "runbook_url": "g8uqrghd9yxlxg8x6dkj",
  "description": "Network latency has exceeded acceptable limits.",
  "environment": "qdk7a9wdphn37jvutuxt",
  "fingerprint": "f7enffkh",
  "isDuplicate": "yeoxvx1gbbia3xdyu8qg",
  "dismissUntil": "f8eiomtsx1ei2vo53aat",
  "lastReceived": "1snxq1tvprydvze1dyrn",
  "duplicateReason": "wweiee4qptypyrfa49n2"
}