{
  "id": "lzwd549186jp0t35qad3",
  "env": "production",
  "job": "i9rofcmrm56ozbc4t8pd",
  "pod": "e1ep9ljojbbicjvbs22r",
  "url": "u9fkmzli1i5ayfz1k4cw",
  "name": "MicrosoftPowerBIServiceRestarted",
  "note": "kl8wpdzzjd534n9b4jki",
  "group": "w7ksmwpcoqv7d0dkn0g5",
  "pushed": "z7g6svrr0n8bh19bamo0",
  "region": "europe-west6",
  "source": "clebxgiueqp9m88xdeni",
  "status": "g9zsejjghj8mylz3gigm",
  "deleted": "eyr0zp6c5yeiw96m5afi",
  "message": "g0vcag7d78kbvvwkgk6u",
  "endsAt": "2024-07-12T09:11:46Z",
  "generatorURL": "h3dgbrt7ux6scbhol6cx",
  "project": "wen6fpi1bacqn5cjydcg",
  "service": "bykkxjcwyxq4b4gx13xx",
  "assignee": "65tg4pbclfv7zgefnazi",
  "endpoint": "mx36zsa0nubugqy5kfvg",
  "event_id": "8d6mdh6d5daxcgl1zz6t",
  "instance": "85.22.155.164:17268",
  "severity": "medium",
  "startsAt": "2024-07-12T09:07:06Z",
  "alertname": "4om6nuokdgam78wejdqw",
  "apiKeyRef": "4102a7iijnu4o3veme4f",
  "container": "fodbtvsrs4g5efztu58k",
  "daemonset": "kj5udt1hhm2qema84izd",
  "dismissed": "ttpdk4yaj7jyh2s78u8a",
  "namespace": "gf087qfr4qrqm0b6ik9l",
  "alert_hash": "8kvhthf15pi02m1mydd2",
  "prometheus": "d0fsqezpskl4f92dnwio",
  "providerId": "lbcjdu3pcispih185uw5",
  "summary": "zrxd66birj64yfb3dggm",
  "runbook_url": "i04cmwm19q0kg80t7uw7",
  "description": "A service has been restarted unexpectedly.",
  "environment": "qiume8k7w05m4zwshla8",
  "fingerprint": "nlf9w24d",
  "isDuplicate": "oqi55pelrraxmnqqse07",
  "dismissUntil": "xm8ny9oqr4w9mk3i6fs8",
  "lastReceived": "8rdhflv05c225jz4vj1i",
  "duplicateReason": "ftzx06y653mg77ayc9yo"
}