{
  "id": "qjwt0kyg07lydst7n430",
  "env": "sandbox",
  "job": "s3x6t4lwyx385lk1sr1o",
  "pod": "ix5s0rrqc43f5qvnvu11",
  "url": "lfbp26zm2il26e9zqa0j",
  "name": "CircleCIMemoryUsageHigh",
  "note": "rj39yvlqnrdckvjlvpsy",
  "group": "n2199ym2myw8j39t33fj",
  "pushed": "rxvabdo1wwnjanyv2w4i",
  "region": "northamerica-northeast1",
  "source": "dy43jyxzjqn88upj6u7y",
  "status": "9m6ky7bsu7mprhk08opv",
  "deleted": "ithb3kcb83oni5o3sgds",
  "message": "1jf6vwghlpspoo22j8b4",
  "endsAt": "2024-07-12T08:59:51Z",
  "generatorURL": "oy0okmvr32x8nqyh3pdc",
  "project": "1lutpp2pgwvup0jnsl8g",
  "service": "jeeo8h59lfemxbnap65x",
  "assignee": "x5t0lgippnx3ahstjnwv",
  "endpoint": "h68nt31wbsfozqvqzvyw",
  "event_id": "odbkcvc76u3x5znuru7j",
  "instance": "153.108.105.82:16249",
  "severity": "info",
  "startsAt": "2024-07-12T08:51:26Z",
  "alertname": "1hzor9t4zu4ktf05zoup",
  "apiKeyRef": "qqejbdfhtrscjzv560il",
  "container": "bei6xx37v92zf0olvpip",
  "daemonset": "vldhr5ml2ovttm2a1r84",
  "dismissed": "4x09t7mkaqom89hpma8s",
  "namespace": "syfar5upx0sizdfoqyxk",
  "alert_hash": "zmusqt1183brd1h2st12",
  "prometheus": "tn64s89ukhrw9k6j9gz8",
  "providerId": "5xkny8n2c3un7zm6wxlr",
  "summary": "ke2xyy0kgwrbezaio7f7",
  "runbook_url": "5wzqkcu0p0hk84ctmpgh",
  "description": "The memory usage has exceeded a defined threshold.",
  "environment": "928b1t3y4wonwfn75axz",
  "fingerprint": "70ehi05p",
  "isDuplicate": "mkhavgtyrx44psl00z3b",
  "dismissUntil": "5ruapruqiupsxc5ore0b",
  "lastReceived": "rsjsjful8a5m3vm7ozrf",
  "duplicateReason": "tegagwig5hpjo7b3pwfv"
}