{
  "id": "8wsvr6zbvk31y42krl0o",
  "env": "pre-production",
  "job": "fvvpvhlzmu4g2r50ess4",
  "pod": "4b8z7681xfu7242l01q5",
  "url": "t7oiisk3t7vv13z38c5m",
  "name": "FastlyServiceDependencyDown",
  "note": "nyngv1kst0kunufq2id3",
  "group": "nohmzdocdvy8jlyfp1ni",
  "pushed": "y675viu6o1j44yhyuw89",
  "region": "asia-east2",
  "source": "yddnyy0nkm9kxre4ubyq",
  "status": "uk3lxw57dtluf4hvu030",
  "deleted": "w5605redj8pmzdua57tq",
  "message": "hptb3tix1n1gn39dpahy",
  "endsAt": "2024-07-12T09:43:28Z",
  "generatorURL": "va97p138hpvacpyn6bq1",
  "project": "fnx4uergqubz4hwxkr5o",
  "service": "zncq16avcs69172060e7",
  "assignee": "ykmie00s87p6clowf6as",
  "endpoint": "e2l192dvc35fdmp9ce28",
  "event_id": "cvbazk1fmzmvtq1mr5ig",
  "instance": "121.210.44.216:32341",
  "severity": "medium",
  "startsAt": "2024-07-12T09:43:03Z",
  "alertname": "t3dw8f75oote62w5wnkr",
  "apiKeyRef": "074lg3xpdw2fd7rdpvfm",
  "container": "cmytl7cog0j1bekl6kw9",
  "daemonset": "m4x0vzycuvgg4r07jg6k",
  "dismissed": "6josw81xng92djzdf1pu",
  "namespace": "5m9js8dn5a4u2m8knt3w",
  "alert_hash": "lrsd7p0ud83aqyr8ro1k",
  "prometheus": "c12vgzmfbczwn4zeqc5q",
  "providerId": "t8156xi1iybrk4rnhfk2",
  "summary": "y1m8wt8yrfdtry6btqyr",
  "runbook_url": "eeswarn99nmahaq3cn7s",
  "description": "A service dependency is down or unresponsive.",
  "environment": "coyswevr4x1ycm3y46zx",
  "fingerprint": "8z6v7mj3",
  "isDuplicate": "5znpi6hgnwfmo6r9l7an",
  "dismissUntil": "ls0o1iqj4vtu1i4kuzg7",
  "lastReceived": "abdgxxcsast3vmdaqnkw",
  "duplicateReason": "3hr3g5p5t4lpba6uzrp7"
}