{
  "id": "71t1ggu21ey4vy371j1q",
  "env": "backup",
  "job": "recofa8ge7zlr3qnynj5",
  "pod": "4vnki2hosv6w46a3qa5i",
  "url": "fpz4dncqe5u111l4ylzv",
  "name": "GoogleKubernetesEngineSlowQuery",
  "note": "a9kycwl4upyfwopq74gt",
  "group": "hfuaweee60ple7h9y3p8",
  "pushed": "6ope5nzzo9x91jwwxi53",
  "region": "us-east4",
  "source": "e4fxsrkl8z0jt04wa1u2",
  "status": "exqyty12wtug7b9zj68d",
  "deleted": "0zwdldd643k9yd0w10rk",
  "message": "mnphhk1vbtawu0njxxlj",
  "endsAt": "2024-07-12T08:50:30Z",
  "generatorURL": "si6zolwo441xst6l1bx4",
  "project": "rl51eexml2henoemf38m",
  "service": "zc7uei3iegt517b6myny",
  "assignee": "c1unnc7zd26b0znyzv38",
  "endpoint": "mtf61fhk8zimyuh4rqiu",
  "event_id": "obhkc1zdqsto7iu1j31r",
  "instance": "230.38.67.26:30025",
  "severity": "critical",
  "startsAt": "2024-07-12T08:46:29Z",
  "alertname": "8kejdmiq3zor56b36ghb",
  "apiKeyRef": "1hpz121w5c2rk4l2pcuu",
  "container": "w468leyo9ntxynnjpe9s",
  "daemonset": "oj7eallb6000nb23jylb",
  "dismissed": "6pmg7o27wsyv72ipoowr",
  "namespace": "7tgpx05bgnc5ih50qv7f",
  "alert_hash": "jzsznq6ps6cgwzl7w1r0",
  "prometheus": "axsm1du0b1m577satq0d",
  "providerId": "tc1wrngvwmhk5i3fpkd6",
  "summary": "rudropcw8z67vfwo359o",
  "runbook_url": "mg7ytusf9tm3jukkjusq",
  "description": "A database query is taking too long to execute.",
  "environment": "y63dzzr4mjdka8wczz1y",
  "fingerprint": "jy1ptf76",
  "isDuplicate": "vc7etvlgty8vbnj6xueq",
  "dismissUntil": "mns3glnzqq0s9q0di7mx",
  "lastReceived": "fho9iw9mw50eucu6w6e6",
  "duplicateReason": "k1mqp1qxy0bpxi1kumu6"
}