{
  "id": "e75l6315rd3rgogniia6",
  "env": "production",
  "job": "y99kcokc4gaglflztb7v",
  "pod": "t4kgywc3anrr065k548a",
  "url": "zlvmd1je4z903zzkxl9d",
  "name": "GoogleCloudSpannerPowerFailure",
  "note": "6983buz991md3bdm4dzq",
  "group": "43r8tjjkm7ik7pipk1po",
  "pushed": "2v6re25v3kspies3mull",
  "region": "southamerica-west1",
  "source": "20ui2v7vtet2nc2ci3a0",
  "status": "gqx5c7nwkv7ckcpz687x",
  "deleted": "7bj91hneqiriok23u4x4",
  "message": "lxs6yykesg4u0t5x8d0r",
  "endsAt": "2024-07-12T08:25:54Z",
  "generatorURL": "e0a4g5e3fo6ifudededq",
  "project": "nx0p3u9qbylbcmep7aq7",
  "service": "jufsmopie4c56nxdnohf",
  "assignee": "16cncib94i0i8vfdvfmm",
  "endpoint": "v1v0dnlsyzpsyhhzkm2k",
  "event_id": "ubvg55p9fkyj6dhnavf0",
  "instance": "246.246.60.160:42570",
  "severity": "debug",
  "startsAt": "2024-07-12T08:17:48Z",
  "alertname": "iiresjobj2u8ipp7uu48",
  "apiKeyRef": "wedpvjf1w0lncapxxueq",
  "container": "qz8kkfnr2femdvp0c5zp",
  "daemonset": "w2rt9k70454by5s8yctw",
  "dismissed": "cd8w29cabtq3i18ja3r4",
  "namespace": "prrqhcjaern3jsyg2if6",
  "alert_hash": "v5upgid3qe70cwlqhr72",
  "prometheus": "8pggud4abddjbsskfumt",
  "providerId": "5k2lit24xm8c1sa2amcg",
  "summary": "x1rfyemubc9fn874mzda",
  "runbook_url": "odbbfmar282z2bfpf5fe",
  "description": "A power failure or outage has occurred.",
  "environment": "vumj784jxnpuepzfibyz",
  "fingerprint": "ov0v1ulj",
  "isDuplicate": "6ed69wha506arwtds17d",
  "dismissUntil": "j61jwypm51gyon8f0dyc",
  "lastReceived": "x08b8l0g2a5r0es5b0om",
  "duplicateReason": "ttnnyezt33aqpvcf2htb"
}