{
  "id": "ly3dc5dbur6l8vygd0c0",
  "env": "development",
  "job": "68iyyiaf5kn15c61mob7",
  "pod": "40028nupxqiqxinx3580",
  "url": "bz1eq3ns6346d3g5z5nx",
  "name": "RubrikTimeoutError",
  "note": "6yqlkjcnf9cawhlv3hza",
  "group": "wowe4rivxkntcpmm0ct0",
  "pushed": "4fksvvdabwyj0w4jik5m",
  "region": "us-west4",
  "source": "d51n4ujvivuckvhmo7jh",
  "status": "3ncr2xe3sy8nv08oejp5",
  "deleted": "xqsq6yghcgxw2wl19s17",
  "message": "33jltyf2vxagqa27to1e",
  "endsAt": "2024-07-12T09:12:34Z",
  "generatorURL": "pgihocd0pavha9hxoup0",
  "project": "4porsl5wj3ovxdx0xhuk",
  "service": "m2lo25nqtuna7984uqs3",
  "assignee": "ltfx872okrl932by9o93",
  "endpoint": "bpiufeb4ymmc9xkggpc5",
  "event_id": "9micj8vpbpndtvsldkrg",
  "instance": "62.183.212.134:55986",
  "severity": "high",
  "startsAt": "2024-07-12T09:09:41Z",
  "alertname": "cj878fdfko4b8ymexq2c",
  "apiKeyRef": "71dsskcdzaxzmp5wgepq",
  "container": "jafb9m17oamj3v8jshq6",
  "daemonset": "8fjmts0d7cvdem69ha1j",
  "dismissed": "ckom31yn20kve9iqund4",
  "namespace": "k9e7popue0y8dvg6skqj",
  "alert_hash": "0j314q9e2k675757udxx",
  "prometheus": "hx1005e4qldnukr5plon",
  "providerId": "kw10i6veqy6q2suwko0m",
  "summary": "0omno3s9lxf925f7da92",
  "runbook_url": "2tk5r2q18lbzgj5prapz",
  "description": "A request or process has timed out.",
  "environment": "0gmbnd4gkelnx6wakvrp",
  "fingerprint": "2teu8bd0",
  "isDuplicate": "ntqbbt3b5sfidj7pif1v",
  "dismissUntil": "cdg1dtsx1tjsa0lb6gm3",
  "lastReceived": "5cvh2oqfmh2c65149w6t",
  "duplicateReason": "kp1fhheyztqk3woq48ww"
}