{
  "id": "iuv1wzb6ia4xmxpknl0y",
  "env": "testing",
  "job": "o1pg6xvgoyfjnschzpyn",
  "pod": "p90qed45ipkemsdh3e5g",
  "url": "vpb4hgfgqyv09qrfor8s",
  "name": "CiscoSecureServiceDegraded",
  "note": "lh6ecxg9bayqh98dlo80",
  "group": "pk2rgak63j75wh7fnvjo",
  "pushed": "30heuh10544y2fiqntwi",
  "region": "us-west2",
  "source": "mq3edydeaq3x7ul0mo6v",
  "status": "wiqhb32wps1aev6ffz6b",
  "deleted": "z00pipwdeppiq5mjhl52",
  "message": "i5s0wcc781aqg9fvcr9x",
  "endsAt": "2024-07-12T09:22:42Z",
  "generatorURL": "qube3d7d1r04l2zqnatt",
  "project": "jorf8zicfr5dx87nr65f",
  "service": "lfcstd6fie31d9qbsjev",
  "assignee": "1kfmh84ht0it5znghoq5",
  "endpoint": "xha4u0ohgdzsmujcjiut",
  "event_id": "efkgv3lrbtb651l6l42j",
  "instance": "201.27.99.60:29131",
  "severity": "debug",
  "startsAt": "2024-07-12T09:15:59Z",
  "alertname": "3bhgnkw189bwgi2otdw0",
  "apiKeyRef": "x9y2krg41eflhijahfyn",
  "container": "cef06m0o4jqwv8fovqz0",
  "daemonset": "vpq0poi0ar80nytfk088",
  "dismissed": "xl2jzwkii396319b4z8v",
  "namespace": "6ns2j5iawujq49t6fkin",
  "alert_hash": "2v5w27546s44tk8pne8h",
  "prometheus": "vyxoj8qsatvgo32usung",
  "providerId": "qw6qp2qidez5mffgikqv",
  "summary": "4wfzy2dn86zna20uyzka",
  "runbook_url": "kpxv2mv6a3kx163fq5qz",
  "description": "A service is running but its performance is degraded.",
  "environment": "1xt3l1pkacue64dknots",
  "fingerprint": "76ggbp6r",
  "isDuplicate": "loieg3n0mju9m10thipk",
  "dismissUntil": "kyyjvkysmxopcqekpl4n",
  "lastReceived": "kzsaffvpwo7pgzkv0nda",
  "duplicateReason": "tmhiv38cdahj77xd2jmu"
}