{
  "id": "hqcmmk7ij4hnriaqwsv2",
  "env": "qa",
  "job": "zl1875blbhzemoikmkv5",
  "pod": "dhdncjwsxpjepzelynrs",
  "url": "kfroyyl74t9solnr3a57",
  "name": "PortainerApplicationError",
  "note": "ph8m3nabd8p3ikjdfy85",
  "group": "j0uie0zoa32zp9ho1zn3",
  "pushed": "gol0559rkvma0eq2f3qz",
  "region": "us-west4",
  "source": "6dwzmvsosfttxjnq4rgo",
  "status": "igmoov3d24rsz7crzqb7",
  "deleted": "yctcsrs35lkms0bpkn4v",
  "message": "8evwjktk4nf7zyphnkqx",
  "endsAt": "2024-07-12T09:42:32Z",
  "generatorURL": "o7708xwfapf8vwytdaep",
  "project": "rxmqw2prshdhevrw4xtq",
  "service": "ejxmoukhdazb5tkfp54g",
  "assignee": "yo93lb4wy876ph3rntoo",
  "endpoint": "6kqx3cmp6g780fjjob03",
  "event_id": "7io2l5zrflbkzlf3wek1",
  "instance": "59.246.255.1:5947",
  "severity": "warning",
  "startsAt": "2024-07-12T09:36:57Z",
  "alertname": "8shtdpkemqqlq6tsgmwe",
  "apiKeyRef": "p28s5zqy6u4ncll1lk9e",
  "container": "uwq94dvve5afndp1yl5b",
  "daemonset": "mmjcm948x2ft5e9aefcs",
  "dismissed": "08ptudzyh1d5v86lhnwf",
  "namespace": "3hzow0k1da2bpwzptsga",
  "alert_hash": "ownwe2ufuwxbj1gjlchv",
  "prometheus": "0b97yr2ejcowuuck1cbt",
  "providerId": "95hcsppqyi0093yihtn3",
  "summary": "afdphcsdgccenssr8cuu",
  "runbook_url": "c2geibvnsfoot07cpupn",
  "description": "An application error has occurred.",
  "environment": "p1aw2vox0c97gumoqmoh",
  "fingerprint": "j0flu3a4",
  "isDuplicate": "k83317g8knm4uaue394i",
  "dismissUntil": "t5nn9w1jsyoj49aakp12",
  "lastReceived": "j4y3mchvh1x4dtggn16o",
  "duplicateReason": "6ad0rmlanh17uf28dcgp"
}