{
  "id": "pdy484rs62c33q9vbhwp",
  "env": "qa",
  "job": "i7ofxoz7wregi238sxp6",
  "pod": "ubpl7kzbxgolxqrj7jik",
  "url": "qsvks1h6f91fr35f2olz",
  "name": "PaloAltoNetworksHardwareOverheating",
  "note": "y8ddzf7tuf8pna3frcxu",
  "group": "m2gnjfqeq0ljxqqye13j",
  "pushed": "7ss33g2uwh804yz7y5xg",
  "region": "asia-northeast1",
  "source": "dvjug5mdiupwm7z7kpjx",
  "status": "cc7166wqrk3nn4plrzez",
  "deleted": "1uwu2ojdia7jocrarij9",
  "message": "a9m4iam1y4vbiglmp5f7",
  "endsAt": "2024-07-12T09:17:29Z",
  "generatorURL": "avrvlkhg31nrrxnzk50y",
  "project": "tq7v19xdy67kyvx9y58v",
  "service": "ccckdwpvzvyo1xir7dfv",
  "assignee": "k391lsxf9f7zd6ogkvpl",
  "endpoint": "rchsocrpqv4ejaiccsfo",
  "event_id": "munt47qaky9gvaoj1138",
  "instance": "148.27.182.137:38272",
  "severity": "critical",
  "startsAt": "2024-07-12T09:11:12Z",
  "alertname": "onvqxrsysurpkgdnjkua",
  "apiKeyRef": "jukuc8kp21coxczjfrw9",
  "container": "2y70jxee03ficz06kdo4",
  "daemonset": "3mdsdcmiyacbn5d0tfig",
  "dismissed": "vt2m9yl8he9wwzy3vptd",
  "namespace": "rdqrhaoxmvldqefki4qo",
  "alert_hash": "1hsjog4v6ktsgpxubyxx",
  "prometheus": "p70q0wqhvz9g9cpji7ky",
  "providerId": "rndo8sjegg1dur5zw9tv",
  "summary": "kqgzfxslv0pcxuj0xjed",
  "runbook_url": "2ljb4pl37hotmxvlcuz6",
  "description": "Hardware component is overheating.",
  "environment": "p991wxclblxq7jzo28vv",
  "fingerprint": "tgqibbad",
  "isDuplicate": "jszb7k5d34h141y6d86j",
  "dismissUntil": "q7ro3ycz4wvle6webycw",
  "lastReceived": "mnvrslyua7m7p28hqvc5",
  "duplicateReason": "x7raj4vr2br1tsjwv40h"
}