{
  "id": "6d832pvfcxqzshagth4g",
  "env": "development",
  "job": "i82ezys6hn42jk1yeow4",
  "pod": "z6tga2zlki7drl1n441d",
  "url": "zd43g5gwpmvyyqmp86bm",
  "name": "TanzuKubernetesGridDiskSpaceLow",
  "note": "up5enbvj80ccp2vpkgyv",
  "group": "myimvs9xm79lwyz8gkf9",
  "pushed": "sztwfjv27kms3c7sthjz",
  "region": "us-central1",
  "source": "gucrb0vzq2qyb9rpanqt",
  "status": "elyrdhoymw9j88w0mby4",
  "deleted": "6ew5s5am8euvewk6j1zb",
  "message": "k0ou8wg4kr4191k3s54a",
  "endsAt": "2024-07-12T09:49:52Z",
  "generatorURL": "lnlpfviphyf1ah3fbeo5",
  "project": "yg4zhsedxy0w4cjg9ngt",
  "service": "wjkcni5q66d4zeg3q8f6",
  "assignee": "zinzbe976zu7gcpjys51",
  "endpoint": "bf8oxtehn485wpci83jn",
  "event_id": "rethhgu9sehckomvs8bk",
  "instance": "122.237.172.41:32811",
  "severity": "critical",
  "startsAt": "2024-07-12T09:48:24Z",
  "alertname": "penw5ce0uy0vdlqzatso",
  "apiKeyRef": "xmganchd2r5k0j939k7x",
  "container": "e3u1ihcrg34pdgb73u8j",
  "daemonset": "je7l6qs1ywmzvf8buvtm",
  "dismissed": "f6d4hya4v4fqu12j1ecn",
  "namespace": "0mxzbryh2vempl4c4kut",
  "alert_hash": "x4lo2jke3tvu8qig9bg9",
  "prometheus": "lfrlnlxnu1bbk5ynvp7o",
  "providerId": "kf3n4pn14067zlzcuxkv",
  "summary": "dd1bqf5ykdh1ktj08dj2",
  "runbook_url": "wpk79lrj91lz9qx12xh2",
  "description": "The available disk space is below a defined threshold.",
  "environment": "9nt1z9cjljufqmwhvmqy",
  "fingerprint": "2e8je2pn",
  "isDuplicate": "punhealabiawjbkduvtv",
  "dismissUntil": "s8zchy9y2dny6i4dupv6",
  "lastReceived": "75h98o2m42fv86ajiexq",
  "duplicateReason": "a6epckib5j76q11mmwok"
}