{
  "id": "dghoe9w8gkwpqxh1d1i9",
  "env": "development",
  "job": "zgyck9sw7ejfzwev60kc",
  "pod": "q9zs50to6ngnof4h8h5i",
  "url": "cll4dkrhm9q2qxdtvtk7",
  "name": "AmazonRDSHardwareOverheating",
  "note": "7duqki3q2hz5uesskrkp",
  "group": "y47qduvfmoao418orrrj",
  "pushed": "a4bfww9bryonpt2rhzr6",
  "region": "australia-southeast1",
  "source": "lf3jpemqux604kh97w1i",
  "status": "ys3c0fkl340d5u4o1nq8",
  "deleted": "8oyd7bca9paqy5h6uemj",
  "message": "gt5sjrjefb061ji7bw15",
  "endsAt": "2024-07-12T09:17:42Z",
  "generatorURL": "emvjhe2ifskllp1vvdgr",
  "project": "ceoskn8mie5l6qwjt4j7",
  "service": "fq7f6gzf4340esyys4yg",
  "assignee": "3k5rs2totqn59jl0hi7d",
  "endpoint": "xcl7c498s0bbg246whyr",
  "event_id": "ah190qpaxxsqq3k3skp6",
  "instance": "253.35.174.175:52711",
  "severity": "critical",
  "startsAt": "2024-07-12T09:14:44Z",
  "alertname": "ujgvn16mlh0mxl3nxgb8",
  "apiKeyRef": "9gpttmxqqg4rwyhm523w",
  "container": "w1vy4rsnutq6exwekvv8",
  "daemonset": "uznzlliis7m33xxooiai",
  "dismissed": "u87sa7082u8f88wcg8pt",
  "namespace": "9ba21tswtzuvr3ibs1fo",
  "alert_hash": "39p90cf0132to4gyx99u",
  "prometheus": "8wuc6e2nard17gm4j7qx",
  "providerId": "u1zginqznpw62uxoej71",
  "summary": "8ute503mkowz76mz5js5",
  "runbook_url": "1jbn5a5plfs5g0nv38jc",
  "description": "Hardware component is overheating.",
  "environment": "s9rekwbqo13uujbef147",
  "fingerprint": "a6unqtbo",
  "isDuplicate": "u70pj1wrz2n9mike4kg0",
  "dismissUntil": "lfxy8152dajdnuu6ywwu",
  "lastReceived": "bggoy42o4acqd7h4doxj",
  "duplicateReason": "jhr3fzmxmy08weisv5ga"
}