{
  "id": "0s2v4rapr1a79ec14ahn",
  "env": "qa",
  "job": "81fn8j8k0act80f71lha",
  "pod": "rseb5351oxglyd2mcf7v",
  "url": "fhxzadtya6pfmg9hutqd",
  "name": "KubernetesConfigurationChange",
  "note": "nfdmbzmlomqjlooee0w2",
  "group": "6b7r14p7qp09wn5rh4kt",
  "pushed": "ojdi1knyyjld9p7dxdqh",
  "region": "asia-south1",
  "source": "eo6ini1ahmhighx5554i",
  "status": "ub0g611etqwdnlf2tnr3",
  "deleted": "eqtihu5gyneybuxk33m9",
  "message": "xdhmg70s48i1hzmfi9r7",
  "endsAt": "2024-07-12T09:44:27Z",
  "generatorURL": "6p2dl7137oqutgubfvtj",
  "project": "gd4sxo1im26ueo8g0j3i",
  "service": "zljmouzpyr2slrpgohsc",
  "assignee": "fo8ykzmn7tru4sc0ntt1",
  "endpoint": "lo52mxep4dw712fmw8rq",
  "event_id": "32ff1zdhk9h7vw12c2lw",
  "instance": "201.27.99.60:29131",
  "severity": "warning",
  "startsAt": "2024-07-12T09:36:27Z",
  "alertname": "0qe2qhiz72lnzp1hqfg6",
  "apiKeyRef": "dcj4vlgefl3myqrk9kvj",
  "container": "jznvfhivhh8o10ohetwm",
  "daemonset": "i7jlhtdy4u2nriz5ie13",
  "dismissed": "wss9l3pg0e2jpik5imoy",
  "namespace": "u8j4gitgi6ql5tzsh7gw",
  "alert_hash": "s7ie62o6zyshl4ms2uxv",
  "prometheus": "4vwlsgln56xmw6sp50wx",
  "providerId": "umwadpdl5tsv6lm6ku12",
  "summary": "48kgfj6ry4vv0mvdu4gi",
  "runbook_url": "xcdendx7y08u4xv9ugcq",
  "description": "A critical configuration has been changed.",
  "environment": "vrs8b88k07fbtcer4a8g",
  "fingerprint": "lp0t77iq",
  "isDuplicate": "358bw5de4ie7r086o6sw",
  "dismissUntil": "48rladej4kbt2jtcnrq6",
  "lastReceived": "o8exm7kjusb5fle0wq17",
  "duplicateReason": "f417tgg7cmp7zg241y4r"
}