{
  "id": "kgoo72infflpp8qm580e",
  "env": "demo",
  "job": "g11r1616cd43zp8shgsd",
  "pod": "pp9zubrd8kvhecunaq0n",
  "url": "0bq8rrs1djehth02okrn",
  "name": "GoogleCloudStorageBackupFailed",
  "note": "5gmnr7l9g9t94lcsv2nd",
  "group": "59w271g8h2gthbibiwic",
  "pushed": "86o7dwo7du8av5fqeqko",
  "region": "asia-south1",
  "source": "n00xba9by5zha4j0m8k7",
  "status": "ceqwzkca7bu4pw1hbot8",
  "deleted": "7dhivr715b0uqw2pqe2w",
  "message": "yuilqheedfa4j514yv50",
  "endsAt": "2024-07-12T09:33:13Z",
  "generatorURL": "thq9n5o2oai50pq8thbx",
  "project": "7stc2pdbcxqspxp502dw",
  "service": "1cbwxr4hwr5i1l02ixjc",
  "assignee": "sh21irxyh2kd8ygze71f",
  "endpoint": "l3kwadx6leudtuh5bn6p",
  "event_id": "rndlft4g2c2pg3qb7kbk",
  "instance": "153.66.4.42:22908",
  "severity": "medium",
  "startsAt": "2024-07-12T09:28:41Z",
  "alertname": "nuiiuh68m3zkobxymuo9",
  "apiKeyRef": "ppynd0xf1imhde491bde",
  "container": "xelm6tr9rf22q39yvx5z",
  "daemonset": "3dzdhpiv7axvmj8euodq",
  "dismissed": "4u6m5aplan06zq7xvvae",
  "namespace": "y8af2otjz1jxvjfsm2zy",
  "alert_hash": "jsml5z8pnhmjkyz8npvu",
  "prometheus": "0ckbqr8vr6vvxuxv4zwr",
  "providerId": "umzlfjmzgbl7ph731zyg",
  "summary": "4si82zu5lmkicw6mog7a",
  "runbook_url": "8jpopsuyutztdlaen8ys",
  "description": "Scheduled backup has failed.",
  "environment": "oxxmhshgxd64kzpt029g",
  "fingerprint": "ojvsw0i0",
  "isDuplicate": "bvomz3f2oyxhfa0ge9sz",
  "dismissUntil": "k05letuk42p4fqh1hy63",
  "lastReceived": "qwq8ebugh9tqtq6r0ovn",
  "duplicateReason": "5r3tylzqv7rxj2si6uhk"
}