{
  "id": "e8m5w1y9lvngkd0zfpwz",
  "env": "backup",
  "job": "55dx8t9xp58ygzj19w39",
  "pod": "7ecwf2dayzb5sxxdp0rf",
  "url": "rtswvg2krn171woe95m1",
  "name": "ZoomTemperatureHigh",
  "note": "ktaca52rtuavelhh0z7m",
  "group": "9pbnynraow3gobj0ldua",
  "pushed": "3mcruv2w46bh6hhtegi7",
  "region": "europe-west3",
  "source": "hiqf78f9red2y08izpt8",
  "status": "n5dowzb8984vx8oh25r0",
  "deleted": "alu0ifk34w4fm7ui2hqc",
  "message": "ev3o1cmthdiigkb8y7nw",
  "endsAt": "2024-07-12T09:47:11Z",
  "generatorURL": "6xzegu1zg18csicbfuyr",
  "project": "v4gylcz2a5dt9exgujj5",
  "service": "1r5qw0d1pf8937q70xl7",
  "assignee": "bj8gezggtbmiw0c9ilro",
  "endpoint": "x1kios2lglzupifurh64",
  "event_id": "4ja20t5xzu5pilweuc9z",
  "instance": "253.43.16.127:33243",
  "severity": "low",
  "startsAt": "2024-07-12T09:46:26Z",
  "alertname": "0xupy80xezaxr4kjtchm",
  "apiKeyRef": "2ee805q55ahlvbx4eicd",
  "container": "7jgar0x0zmtlwhilexyp",
  "daemonset": "tfzokwhvp4o57rqho23c",
  "dismissed": "od7dbek6yf7m6zg8u00z",
  "namespace": "1yzl85ion5rxxlsks6cg",
  "alert_hash": "hoe1pyh1ri7i3h2drabj",
  "prometheus": "xrwmq1d8gbcihxjeu88x",
  "providerId": "sr4upmt1bntqmj1vue5v",
  "summary": "cdkffosk3acb2dwrupic",
  "runbook_url": "fpi8heb6dx9i35knx3cy",
  "description": "The temperature of a component or system is too high.",
  "environment": "w5tlg01f4r0bwmxdhxvr",
  "fingerprint": "cs4ohme1",
  "isDuplicate": "c97oqnfyupa2zpaejhn5",
  "dismissUntil": "hb9jp5eaq4ugkhbnv82s",
  "lastReceived": "x0rdfzdof7frdfr4iw1k",
  "duplicateReason": "ak68i67uaydk3ompu9tl"
}