{
  "id": "1qdrdgsqmu3qnod1ok0q",
  "env": "production",
  "job": "k7nr5qcwm0l7lm589xop",
  "pod": "aa1mikd6egpb27whmig6",
  "url": "8h5r78z9tgxc545uktmh",
  "name": "GoogleIdentityPlatformMemoryUsageHigh",
  "note": "duvvaiwp0au5d08vi9i8",
  "group": "dbu8vm4b6xv5u3dtmsx7",
  "pushed": "pfl84c4o480w6ccxf3xw",
  "region": "us-east1",
  "source": "pxmv4ibzjzo1eyc9j0o9",
  "status": "b34g0806ph4ts9pqbc6c",
  "deleted": "3nb1k68mzcn8aqcgufei",
  "message": "i3ppqhlr69zot63fkkh8",
  "endsAt": "2024-07-12T09:15:51Z",
  "generatorURL": "eh2789ss7bq76j8nt9cx",
  "project": "pj4b78mne5b9yedcmasy",
  "service": "wlcr10g3vaviysiningf",
  "assignee": "4c4dwafg7t47kyrew81a",
  "endpoint": "r805hh3mhl1j8o98akdp",
  "event_id": "ant2s8z5je2z3nm3qecg",
  "instance": "148.27.182.137:38272",
  "severity": "debug",
  "startsAt": "2024-07-12T09:07:06Z",
  "alertname": "xsjj8es7hpf584dpn6d0",
  "apiKeyRef": "xfgl8ca746o67mgp3iwu",
  "container": "rj303vpa6bfvb3nbzpvp",
  "daemonset": "5fkkc6p2pasgmlaenvdy",
  "dismissed": "85nqhe7orvrb46j275s0",
  "namespace": "0n02sc75gb87f4nkuxgj",
  "alert_hash": "upfhmhts2um52whtlrmp",
  "prometheus": "djfh2xvjkdj618ofoueg",
  "providerId": "drqf48v4ml91msk5iexp",
  "summary": "ghxlsjld85mfymvt1k99",
  "runbook_url": "t4wvi9dk7j53opwdb0zg",
  "description": "The memory usage has exceeded a defined threshold.",
  "environment": "i7l3ck7b55ra9bza4g30",
  "fingerprint": "6p40lshb",
  "isDuplicate": "t7plc4wtc2ok03y2utqp",
  "dismissUntil": "z154vcxhiljs0gze43b3",
  "lastReceived": "z9vb91g20qcia5fsca1r",
  "duplicateReason": "1lzsqrkkqtno54jr381d"
}