{
  "id": "gqziq6oyu5m89y7jd6hv",
  "env": "testing",
  "job": "sxhva67ni6hk9hyprtfl",
  "pod": "3nh9uieqe3ttb6qhsme5",
  "url": "98u1by2phkdeikj0eig8",
  "name": "GoogleMeetDatabaseConnectionError",
  "note": "e378qk40n7bcbi3s1my3",
  "group": "tkwyvr0vnmkewg6mkwpm",
  "pushed": "khq5ia97c48eubyyh07h",
  "region": "southamerica-west1",
  "source": "3yyhyzclmp59wt974507",
  "status": "rwj611no7u941lnkkgks",
  "deleted": "3walor46uikp03rhvjax",
  "message": "mhtidxrtcrdy2aviqgd7",
  "endsAt": "2024-07-12T08:36:50Z",
  "generatorURL": "jcqr37w9tte8x7vmua3x",
  "project": "u0yeya9gyglaugfqni03",
  "service": "fwlzj8jv3ruqe422dzlw",
  "assignee": "rxo2daagu0h01he4oa5x",
  "endpoint": "tyrew16phwqszxh17cmr",
  "event_id": "yy80d51676q67oveqlu4",
  "instance": "246.246.60.160:42570",
  "severity": "debug",
  "startsAt": "2024-07-12T08:34:30Z",
  "alertname": "xg4q6rgr5oh91upboll8",
  "apiKeyRef": "g2m0quc3pycacaghp7jo",
  "container": "sbytiifl81y5ujsjidgl",
  "daemonset": "jrnk15i20jgm4z3mgf2i",
  "dismissed": "ptpjm8xtnb32zqd37w1o",
  "namespace": "673nyvt9iwufv9kw4qjy",
  "alert_hash": "cxy3do0x9sumksfjkuub",
  "prometheus": "1szwa4po3ljwpx2mmaqd",
  "providerId": "t4glfxqt9vkt23f74w2u",
  "summary": "km5hzmqx6uvng2k70o09",
  "runbook_url": "moa54cay80vex4orq4de",
  "description": "Unable to connect to the database.",
  "environment": "4pl6t0w16wb4crobk0uv",
  "fingerprint": "osn3rfhw",
  "isDuplicate": "2qb5k25f3nzz2hetpxrv",
  "dismissUntil": "oi9fvvwti6kcak3955at",
  "lastReceived": "2hw2362zrbqzjc60j6lm",
  "duplicateReason": "pc70oqjkq4iwwhukzv9o"
}