{
  "id": "1sxfaet3sxbpvr8q3h6t",
  "env": "staging",
  "job": "g2ivlkv31umnf58h24ms",
  "pod": "13owxu8s9tdsztko64xg",
  "url": "qh5156w6b8mne74y60dv",
  "name": "TableauMemoryUsageHigh",
  "note": "9obeyahshbkpn8rzvykb",
  "group": "dwcmi69jkm5ndlogbo2h",
  "pushed": "kgn9vsx7ue4j6xkwcx1v",
  "region": "asia-southeast1",
  "source": "d92rfse3zluxhto6uzua",
  "status": "wx42uoshfhkb32vxjtvw",
  "deleted": "auw2bv05o213p0rpgfff",
  "message": "ccjlpz2dugv5h4sv40vi",
  "endsAt": "2024-07-12T08:24:30Z",
  "generatorURL": "6x21logdwcpunrooxoj7",
  "project": "koj0v7xr6l1d22fymjl7",
  "service": "qly3148wr0qug8z8z4yn",
  "assignee": "gt4k8u4ui7cyyuz7k0fn",
  "endpoint": "sk93ionrzcslu0u0d2wt",
  "event_id": "o9hg8gh0iznqro6r41vx",
  "instance": "24.153.80.62:47829",
  "severity": "debug",
  "startsAt": "2024-07-12T08:16:00Z",
  "alertname": "byapd19j2korwfutavz1",
  "apiKeyRef": "ne7wlbweva8rp9uiytyp",
  "container": "z5ojod09zjoflavzj2e4",
  "daemonset": "8r35uikdyt7wak0lxarn",
  "dismissed": "gjkkxugz779te7j0l0wh",
  "namespace": "qyxa46yjyv9hvhrjg8eq",
  "alert_hash": "bc7txjr2vis6uchv2an5",
  "prometheus": "e26m735fru431zwesl45",
  "providerId": "9nbufw2bpthrrfhop2fv",
  "summary": "n7g28er8ukpyqranc57w",
  "runbook_url": "txsvps6twklmcz1ascpz",
  "description": "The memory usage has exceeded a defined threshold.",
  "environment": "744ftsgytwtqubn08y69",
  "fingerprint": "j6a1lrgz",
  "isDuplicate": "uftc57ll45zurhg2r30z",
  "dismissUntil": "mmhjl9iwve6wgrtr97xu",
  "lastReceived": "v0l8xizgx3pqo6igytq3",
  "duplicateReason": "60jk6aameu15x2mpmnse"
}