{
  "id": "ndu9iphrlg0zx2uptdsp",
  "env": "demo",
  "job": "rtwtwrvdu85wz2zhm2hk",
  "pod": "sgm2t5jpman6j5im9pve",
  "url": "ojecp0aews4n3yeqxmr6",
  "name": "SnowflakeNetworkCongestion",
  "note": "fm2tobfww1wrr4jro8yf",
  "group": "xxaf520zvr80q8bjasuh",
  "pushed": "7sbgzetttulmkzmufm2r",
  "region": "us-east1",
  "source": "rrqgzw38g30642a1o2oq",
  "status": "qsuy3yq2lz1ofrn00muh",
  "deleted": "129zj7r67rj4v12gds1a",
  "message": "zk4834mdnl3h9iti8xux",
  "endsAt": "2024-07-12T09:26:08Z",
  "generatorURL": "ago9p4q2xvb48pax8k56",
  "project": "3bj517914460yaj0i1zp",
  "service": "bogoxcpcokdq0je74c0t",
  "assignee": "xj3xy9kdjg8x09jikq8a",
  "endpoint": "rx9koyqtd5csmudcwokq",
  "event_id": "v49mud84gmlv2s2gtwj7",
  "instance": "24.153.80.62:47829",
  "severity": "warning",
  "startsAt": "2024-07-12T09:19:23Z",
  "alertname": "xyqlfl80tzox1is9g4td",
  "apiKeyRef": "e5ses6guucsz785gyko4",
  "container": "rhnbd5fv6tyemjca0m9b",
  "daemonset": "0wdu0q1gysuspe30noyh",
  "dismissed": "abyindc4oa4utxoybya6",
  "namespace": "5jhxtve7rdflq3c6se5o",
  "alert_hash": "1cccri0h7ap04rgd4ouj",
  "prometheus": "mq3dotdndr9bfoz35lt6",
  "providerId": "ktfyaad7hf6oovn5w5hj",
  "summary": "ynu9g62lr7rmz5p6uboq",
  "runbook_url": "85t6wqzqdaeuc3ucfm48",
  "description": "Network is experiencing congestion.",
  "environment": "i7k5ycn4qvrw7vuy0ft2",
  "fingerprint": "6kyrn8jb",
  "isDuplicate": "zloew63xiwnrj6tv1ryw",
  "dismissUntil": "r5s8xelwcrhg19nhe1hk",
  "lastReceived": "egoiqclzqs258mh3ju0w",
  "duplicateReason": "wo6dcote68bdynwptl2t"
}