{
  "id": "0wttiyaqyv6zp2wlhrm6",
  "env": "staging",
  "job": "kk1rmxmabj75s1aw2jtr",
  "pod": "cke5l7zro425vcneoodz",
  "url": "i0xayk85t9t33vz3tcb8",
  "name": "AkamaiResourceExhaustion",
  "note": "5a6w9o9zdzl04pfdkxiz",
  "group": "cg5nbk7vypjstoawmgt4",
  "pushed": "yjcb0gkiekvnil49vhid",
  "region": "africa-south1",
  "source": "yyuf22fvxxliyy7ba9ld",
  "status": "eb2001flzllz9vtwqmgt",
  "deleted": "v5ugj9ex8kcdusmldnlt",
  "message": "zxitfqzulmiliybi9ra5",
  "endsAt": "2024-07-12T08:09:20Z",
  "generatorURL": "2s84sc8gn6cl3si7nytp",
  "project": "82p97tjlgoouoo7t6ffq",
  "service": "n6vg8m3g1fdqw5bux84l",
  "assignee": "3gf6m4djn4bcbxmrx65g",
  "endpoint": "6ybcbyy0ec5zlbwxsm45",
  "event_id": "w3ehq7a6uxxwdxinfkrq",
  "instance": "164.231.154.138:1187",
  "severity": "debug",
  "startsAt": "2024-07-12T08:05:21Z",
  "alertname": "8lfvwb3cvh7gz4pnl3cu",
  "apiKeyRef": "3xl6qmoawxuiax4srndv",
  "container": "j6e49b7myl98rsan37a0",
  "daemonset": "9uj31pv3mugj6mk17wx6",
  "dismissed": "86yrjpjowvsdivt15esv",
  "namespace": "eg9e463cae6g1z1w69vz",
  "alert_hash": "o3ac257yrb56he9nvzqi",
  "prometheus": "krx79g7kuz9qhnj62bu1",
  "providerId": "92uelu14hr9lemx8ruia",
  "summary": "8gxqtglgj5jrg0iz8cd5",
  "runbook_url": "8nll0pbcw378vwin1tw3",
  "description": "A system resource is nearly exhausted.",
  "environment": "390kzi1yjnbclkgc906h",
  "fingerprint": "6r5r475t",
  "isDuplicate": "zqpdu0q2upys9mp5hct4",
  "dismissUntil": "rvl75hf9yqiwpga8uds4",
  "lastReceived": "at6w4rv4c8dr8r1j2377",
  "duplicateReason": "jup81hmw4uqlaim3xk9n"
}