{
  "id": "6y26wy3nj96ca4g1g8qa",
  "env": "integration",
  "job": "95kcav1rbkg3co6qmlj2",
  "pod": "vc7ca58ejnk0mr894ybj",
  "url": "qm21n9kaz1lkn2qk3kh1",
  "name": "GoogleCloudSpannerHighLoadAverage",
  "note": "7tk0jouxu81cffbrv94u",
  "group": "gh5xvhceiik2xa79vo37",
  "pushed": "aqkppl1go326xvng8zjt",
  "region": "australia-southeast2",
  "source": "ablbsfim733umczqku8t",
  "status": "5bk46v8mwu85fp4z023l",
  "deleted": "2ec3xa6n0vcfv012cwqk",
  "message": "diqqamrzqft7j7iel248",
  "endsAt": "2024-07-12T08:24:59Z",
  "generatorURL": "i3whgqqxd1af6d8eg1cr",
  "project": "ivvrec3cd08455dn7qxv",
  "service": "xebgfeore3r4z9eezotj",
  "assignee": "4znv8987hkisl40p74mi",
  "endpoint": "g3ilbacvwetsz3n2an25",
  "event_id": "qak3j26ies06lrp27t0h",
  "instance": "124.247.240.118:4778",
  "severity": "warning",
  "startsAt": "2024-07-12T08:22:32Z",
  "alertname": "h9tzhjrzanl8e43ywtni",
  "apiKeyRef": "9kxxckkqq4zwr7e3ry4c",
  "container": "oc02bzcsccqc32dt5wby",
  "daemonset": "xdsh8ush2ukny5h28uh0",
  "dismissed": "bfow6unw4ds5c3yuvrnx",
  "namespace": "sme4wf4xfdjil88d7ekf",
  "alert_hash": "tjwzpe6agk37a1y9bbqg",
  "prometheus": "mxjj3q0b1jatlnnq9z68",
  "providerId": "ywwcb1qpnnufuq8mfnt7",
  "summary": "j6xyd06y6yhduth20cfp",
  "runbook_url": "d8889acxg110znv9up50",
  "description": "System load average is high.",
  "environment": "xhxe5rvfp0k1jrzbuvtb",
  "fingerprint": "3yupwbdn",
  "isDuplicate": "560vhy6wu5ybjh6rtgbg",
  "dismissUntil": "8k8h2uolm0ut9ybx3ggx",
  "lastReceived": "yj0tbn695luu631d6u5s",
  "duplicateReason": "gi75zndtksi6gvpvz0ma"
}