{
  "id": "3yxax5q0b37r0h56aw19",
  "env": "qa",
  "job": "gh6fbz8vct1tym0mji20",
  "pod": "7zkhqhovnndz1xoi7vzs",
  "url": "sdfcv95thdrfiz55pfkr",
  "name": "KubernetesDependencyFailure",
  "note": "krsenj0m0n10hjqjflab",
  "group": "0hccfhmcji803zfh4wai",
  "pushed": "ds0hk4huv0l4mu9ta35a",
  "region": "us-east1",
  "source": "2gbk0cht7vzx2gzb1it2",
  "status": "gtltzgi1pzb5ap0whd6l",
  "deleted": "2jtitakyb824nq8vlrq1",
  "message": "4jzwp9o92fglj3epq7go",
  "endsAt": "2024-07-12T09:21:49Z",
  "generatorURL": "5zm5x9hu10kg3yiuwqv6",
  "project": "38pegpmjuo8xlr3b7dj9",
  "service": "ct7eabmpa3ccez0yzu40",
  "assignee": "39t3arg6ggo7yhfpue4j",
  "endpoint": "2e8c2w0lm5dib545otnw",
  "event_id": "5r6dy2v3u2fs14fhynd3",
  "instance": "119.104.134.245:24340",
  "severity": "medium",
  "startsAt": "2024-07-12T09:21:04Z",
  "alertname": "a6jvi306vjiyptrh1cy7",
  "apiKeyRef": "z7j24nm9q9oswyg29j86",
  "container": "ly4nyxsok2jsutq8zzg3",
  "daemonset": "18mr0dcj959ma453zua6",
  "dismissed": "t77b50tat0abntz9bqhk",
  "namespace": "t2vsy5mqfwhva0sjojpd",
  "alert_hash": "cuc10wq95bq942r3fg8l",
  "prometheus": "qwmkyly0ajo74g4cqaud",
  "providerId": "ec0govc1xh1f7ypiinbl",
  "summary": "q066ofxrqcedrujihq1d",
  "runbook_url": "ybe9gsdknjwsunyxhf0l",
  "description": "A failure in a dependent system or service.",
  "environment": "yhl6xp47ko12nmbc62m4",
  "fingerprint": "9xu63d2c",
  "isDuplicate": "ijazxcb0iq0m03n8lx5t",
  "dismissUntil": "y3nz905h316mnmicfh31",
  "lastReceived": "qr8d4yggqwmni7n0b5n5",
  "duplicateReason": "t3bcrjhqkr1cgvmxhdnq"
}