{
  "id": "yxycqpmgqfhdpeyahdop",
  "env": "production",
  "job": "rbdk9on3z8pgs4c49b7v",
  "pod": "j7djk734qtj67qhc6nkg",
  "url": "l94noglv2r5cgzgzy5pq",
  "name": "CarboniteServiceDegraded",
  "note": "l9wuw1axri4x951778b1",
  "group": "l82cii8uvbczkphzp3ng",
  "pushed": "rf0r64qhy9s9qwo9id5x",
  "region": "us-west1",
  "source": "zs9s8piusvfgnb81va3a",
  "status": "vyqbfv0bd6kpoi7ubqpd",
  "deleted": "jjiayve9jinue7qpdztm",
  "message": "5ohbv9jiyhdo2g05xijm",
  "endsAt": "2024-07-12T09:38:44Z",
  "generatorURL": "zworuxewqf2frsm5wdo9",
  "project": "hjiaum3urdeh1h433sxp",
  "service": "9qpl2k5ruww5jbhh8n51",
  "assignee": "xl3xxk8a5qfydv9lf60v",
  "endpoint": "q8yv2zxu9ejb0gyaptk3",
  "event_id": "k9l94g53ajjdw3q93w9s",
  "instance": "53.145.86.9:46832",
  "severity": "critical",
  "startsAt": "2024-07-12T09:35:02Z",
  "alertname": "hnsinqf8iw3axmde7gj1",
  "apiKeyRef": "izvsaqn2z83wlewin1h1",
  "container": "2b59cy7vr1rz4pbl1902",
  "daemonset": "ft9hlbri2ogr0vefkr2s",
  "dismissed": "xmhbmju9gljub8of3dsu",
  "namespace": "8jokdnfk9euoiinvps4f",
  "alert_hash": "nzdadw29xbi6w1uqq8a6",
  "prometheus": "may08lydmktj9kt1d9ub",
  "providerId": "gb6yjs6c669vw6fo3c1w",
  "summary": "ug8fj3q2a779p1vjhekg",
  "runbook_url": "hofmvbe6szccu9qw7t30",
  "description": "A service is running but its performance is degraded.",
  "environment": "3jj6oxl1zt1bo2bq3pxa",
  "fingerprint": "mxeu63wr",
  "isDuplicate": "57xjyj7u73uwz3j619uh",
  "dismissUntil": "ufu9jbdytzyafi7tn4g9",
  "lastReceived": "gcby3wyfr9cqkzezie9e",
  "duplicateReason": "qthtse0r4kqsbkcju6nd"
}