{
  "id": "x0k8yseqelugm67c9o99",
  "env": "sandbox",
  "job": "08q0fymek0ocdydppgww",
  "pod": "qgu2jrepf3kudwl5eqb1",
  "url": "nv7u1trcb7cdw82cjvkf",
  "name": "Auth0InsufficientPermissions",
  "note": "ltonwnar7uklmgnjsj26",
  "group": "0n9d43dlg2h86fw72i2u",
  "pushed": "1n2yw9hpijxz4f3nmdjp",
  "region": "us-central1",
  "source": "10qq1qxas0u11sxbb1zh",
  "status": "nyogspfe07sq9b7wqj5n",
  "deleted": "bp17f3o6qravsesrrvzl",
  "message": "fz3ij3dca14zllh558hr",
  "endsAt": "2024-07-12T09:26:23Z",
  "generatorURL": "az5wzk4n8kt77yvwax5m",
  "project": "dl9aqxbie4zyppu21g85",
  "service": "ic2k5qfrxvubz8x85u8x",
  "assignee": "zvynonxyl3igsvitycrv",
  "endpoint": "pyb8swnvkszhkz1frjjc",
  "event_id": "84vs5wg8g1vni2up3e96",
  "instance": "78.198.217.88:59545",
  "severity": "info",
  "startsAt": "2024-07-12T09:18:45Z",
  "alertname": "8rujv3dhhyxftdh6kzq1",
  "apiKeyRef": "rjhefe3eeb2mzd7vi8de",
  "container": "ilia6hze3d1g0rlgetpe",
  "daemonset": "0w9pem6rsvdlbz2exflv",
  "dismissed": "1ocxno003ili1qbxo6hv",
  "namespace": "fu2j9nsekbvxu984nw6i",
  "alert_hash": "0ewr6ydbdgtip91bpmyz",
  "prometheus": "mowet4n91pzh682lrjlb",
  "providerId": "zzl93awd27l4y1ytikpe",
  "summary": "sax7faunjjlenxi9ee8p",
  "runbook_url": "22jzlyy4j02rnp855ddr",
  "description": "A process or user lacks necessary permissions.",
  "environment": "fh87chwe1ok9vfphii0i",
  "fingerprint": "ai6slocr",
  "isDuplicate": "rp3w8rm4fowuodpjjzz9",
  "dismissUntil": "3oqufdeyq5xrhbfm5hr2",
  "lastReceived": "lsh21up0d5078kll3qla",
  "duplicateReason": "85y8xau4596azqzz1suv"
}