{
  "id": "iefkeda0ibakk7hjuvsd",
  "env": "development",
  "job": "2xldsb1xr78cy7xpp6yl",
  "pod": "lyp5lb0lqxb3npf48sp9",
  "url": "9y234ftw9ma5dayo32v5",
  "name": "ZoomServiceDown",
  "note": "2q4a827clpevzsjb3f72",
  "group": "0wdeb37s2elznwofz8ix",
  "pushed": "g921i2lxyn5yn8owm1ri",
  "region": "europe-west4",
  "source": "4pq6oocxfmzkeijpsa81",
  "status": "cw5jcq6b4siny1kgbymu",
  "deleted": "yfz1183ztas4s9fij8m4",
  "message": "6al3ror2vs71bcjo20n5",
  "endsAt": "2024-07-12T09:06:34Z",
  "generatorURL": "llu7f7ozykgl3st8vygq",
  "project": "qqmszspundlq5xa3la4r",
  "service": "l6zicu4wgb4txc8owufa",
  "assignee": "gm2xw3eshhjlfybp19rs",
  "endpoint": "k1u5eh11kirv2fi09eks",
  "event_id": "mns9y6qzsy36zdgim5w1",
  "instance": "85.22.155.164:17268",
  "severity": "debug",
  "startsAt": "2024-07-12T08:57:27Z",
  "alertname": "m1r23ownpqy1xqf53nxx",
  "apiKeyRef": "lquxb4qxmw4sphqp1c6q",
  "container": "5rrglchofunba4qk9dob",
  "daemonset": "o9pl001k16gvhmkjyg74",
  "dismissed": "zqykicd27w7k0az5ycqf",
  "namespace": "f7u9lhc5gjwl0hf8xzir",
  "alert_hash": "217ve42ji5fzgfkwzeh4",
  "prometheus": "0sy5guabq8hfy5zvnctb",
  "providerId": "ljw3kn15j3895c9ezsw4",
  "summary": "2blupj85m5u1jkeqrwci",
  "runbook_url": "i7g30plsu9aurblb54ag",
  "description": "A critical service is down or not responding.",
  "environment": "p0xtlvvuafs8icxlv2a3",
  "fingerprint": "2n644pu1",
  "isDuplicate": "s4i8tmewwrv2bp1p2xqs",
  "dismissUntil": "3g2bvf9nsewo97tortpw",
  "lastReceived": "7td9y2i9pnr0v1artwnr",
  "duplicateReason": "1mly1qvxsnervmq4wsnb"
}