{
  "id": "cxaberz9go80hf1zkgbq",
  "env": "demo",
  "job": "bpcbxdmkxu66slb9g289",
  "pod": "4zl53v3kcobxwbregr6r",
  "url": "6i1ouydbrzzra0bp9ekf",
  "name": "AmazonRedshiftProcessCrash",
  "note": "b2qx82k8msptvb48t1y8",
  "group": "0fezozp1xjd8luzgw5kf",
  "pushed": "4ko36bds19pj6zums42n",
  "region": "asia-east1",
  "source": "tcpcd58bisa88wtulko6",
  "status": "t8hn6pbfknedoqx5zjvm",
  "deleted": "pz3q6lmcv1anwmgvwa5s",
  "message": "xxf8vrdd638v9sygdlm2",
  "endsAt": "2024-07-12T08:22:24Z",
  "generatorURL": "8p2rolqd84q06bh9h3hl",
  "project": "0e3lwt5ckl2mxoaaafb3",
  "service": "cyvtq9e8h9wtdc1vovua",
  "assignee": "j3e27gqngsep2awjsx23",
  "endpoint": "oyguzhqw2c5qcbddu75a",
  "event_id": "y7697z3xns0qybba6q73",
  "instance": "85.22.155.164:17268",
  "severity": "debug",
  "startsAt": "2024-07-12T08:14:59Z",
  "alertname": "00dsa2mgfyk0533w6e99",
  "apiKeyRef": "yzgmvoav61ukyiyn69lh",
  "container": "2co9r9ywc4vhs6t8wl7o",
  "daemonset": "dyzczft8l5qg5mzbhc23",
  "dismissed": "fdwu2cjirj4szq2hay2l",
  "namespace": "diffz10fk0fo14bgsad2",
  "alert_hash": "w84jvzpxooq9h40vxavv",
  "prometheus": "58dmse43jb5odi4ieq5u",
  "providerId": "9lgcxmp2kdpjqetan0b6",
  "summary": "gmomuhe0wwzc9v0klh58",
  "runbook_url": "iz47fdz5l3tzqev1t2ic",
  "description": "A critical process has crashed.",
  "environment": "1qdbcyk6ziwexpdpc3qy",
  "fingerprint": "7ladajpo",
  "isDuplicate": "xrx2022jrj9gnj10hfh7",
  "dismissUntil": "us2kvfr01pu178z3ply6",
  "lastReceived": "ne3jq2257g9wqokopg8y",
  "duplicateReason": "4xjfksz6kp2fvl5irxu7"
}