{
  "id": "c9yak5cxvzi4o0w3xded",
  "env": "testing",
  "job": "xzsbng1nffhb422fgcip",
  "pod": "ldm2c0qa6t5cee82lcgm",
  "url": "o2gfzjgy3rtinaxav3cv",
  "name": "GoogleKubernetesEngineDatabaseConnectionError",
  "note": "zh0i0opixu3207bmnl9b",
  "group": "4s84fjd5vd2a6sxv1lup",
  "pushed": "4fwki3wqljd5xpy2fu24",
  "region": "us-central1",
  "source": "mq87cla6xpo796xfwdiq",
  "status": "zl9nnj23tenqon7m7o37",
  "deleted": "wff09xom1jc0k1as0zux",
  "message": "cl8ftsofmgq4wj466wu9",
  "endsAt": "2024-07-12T09:26:09Z",
  "generatorURL": "perlb69h8zezzq7g3qt0",
  "project": "2r97bkusrwda6gsftmc5",
  "service": "7c9h8pgbf3pn9pith9xp",
  "assignee": "37daeuh5omz5ncuo7ljk",
  "endpoint": "i98r2eqhtj6avo5rf5um",
  "event_id": "wl2fzngpgj68ye699cn8",
  "instance": "62.183.212.134:55986",
  "severity": "warning",
  "startsAt": "2024-07-12T09:19:47Z",
  "alertname": "t77pu77aze96rx8clj7d",
  "apiKeyRef": "lmo6fm89o4j2di5isnpl",
  "container": "tlifmakjilxbvgwgqs5x",
  "daemonset": "r8s0c7mc17r7i7n827ab",
  "dismissed": "ok01av2vp0i17rd5tm7u",
  "namespace": "crfjeraip1c96xnyzuo8",
  "alert_hash": "lgwb3nvlyermmh3mwdhp",
  "prometheus": "u7s71sus3quw61ov4cdj",
  "providerId": "qpcfgpqbi9ujk18oervb",
  "summary": "ozqzjevmfout1sg6z89z",
  "runbook_url": "5qy26ldnmrqlxncliwlk",
  "description": "Unable to connect to the database.",
  "environment": "0e0n3ytkbk89mp9sv9dq",
  "fingerprint": "h81w8p5k",
  "isDuplicate": "iofdrtol6c2o0tmn52dc",
  "dismissUntil": "n1abnmap641q155m4div",
  "lastReceived": "1o8opstlvzbsnh6xbwn9",
  "duplicateReason": "p1ov2zttb2y4w6xybiva"
}