{
  "id": "it1yld2wnzydrvar0oni",
  "env": "production",
  "job": "aqde0m741q13w89rubns",
  "pod": "dglv6jzxpc7n9gltkpya",
  "url": "cpmrwnjq5dgg31p7x6u5",
  "name": "BackblazeNetworkCongestion",
  "note": "vp1ghdbjswca3ef8b511",
  "group": "f6xo8u6g4xjkazturkwz",
  "pushed": "mfwapj7czuvnext6adrl",
  "region": "europe-west3",
  "source": "yidjfrmikra7qm4qb77g",
  "status": "z79ymjyftuml7foltg68",
  "deleted": "decpikt6l4dpdmn54rzs",
  "message": "0qaswcofr2fv96tqzqyq",
  "endsAt": "2024-07-12T09:35:47Z",
  "generatorURL": "6f73gq28f8172jbwmkn7",
  "project": "zlhyobp1adg1r3kq7ox2",
  "service": "aqjopsgne6yu4zyzs9mc",
  "assignee": "i6gc9er35avh75uquxp3",
  "endpoint": "e9jn4ciw446agnsqdmvg",
  "event_id": "vfq9cqlxr6cuvbihbnpp",
  "instance": "1.169.226.207:55692",
  "severity": "warning",
  "startsAt": "2024-07-12T09:27:03Z",
  "alertname": "c6ugp14fjxp5wewapnjp",
  "apiKeyRef": "0c9nc8t01eafjleewcxl",
  "container": "vfh7092f0hzzs925r7nf",
  "daemonset": "n15alkdi1daar8e0nj3c",
  "dismissed": "ybpkr56qyhiaz9hsahu8",
  "namespace": "r0thwwvx1v0431d4b3l2",
  "alert_hash": "i5kl5bbhdefbfg91nu11",
  "prometheus": "pq51wxeokvip2d33lcf5",
  "providerId": "c7t230p32h95dn6o2ebf",
  "summary": "4z0yvtd768nf1ll20hwi",
  "runbook_url": "bk227330s7g37b2uksc8",
  "description": "Network is experiencing congestion.",
  "environment": "3txix7x58akr4tjn0vv3",
  "fingerprint": "70ehi05p",
  "isDuplicate": "gpfpmadicaxklmh822uj",
  "dismissUntil": "vjgttno59mu5dffit9vb",
  "lastReceived": "f9u1gachf5x30jm1smve",
  "duplicateReason": "q3w5pumjd7cx2qu15pxp"
}