{
  "id": "h5smmgkhhlpumjpv33pz",
  "env": "pre-production",
  "job": "zk7q2ibxv972w13n56yc",
  "pod": "nk1xq4h8rt5fo9bo5wuo",
  "url": "luk82sycirbsac6i6eoj",
  "name": "DatadogLicenseExpiry",
  "note": "218o2ycdojyt4k2gaikn",
  "group": "ljfzmkgc6tnr2rtzdaob",
  "pushed": "x5qiv4srmtk25fdnk688",
  "region": "asia-east2",
  "source": "2le6ch7n97q78w44jcmr",
  "status": "kup4gfwg7q3011cpcfgi",
  "deleted": "sfwmktb5w8pc0c8z85j0",
  "message": "yfxjwr3mcazqp91dw3ln",
  "endsAt": "2024-07-12T08:49:34Z",
  "generatorURL": "na6v8qdec4u46d2g1qb9",
  "project": "tfilfgddvolparc66zdq",
  "service": "7e1ij10xfncs8a7vys07",
  "assignee": "bgqfdl4qvy3orhkwi9im",
  "endpoint": "r563s4wznhsag2e1ty65",
  "event_id": "r817qniybtxoyzqt99qg",
  "instance": "85.22.155.164:17268",
  "severity": "critical",
  "startsAt": "2024-07-12T08:39:40Z",
  "alertname": "cl94ha6uz6z7uxms1mn0",
  "apiKeyRef": "gv1k0keyjkmujqcthe5f",
  "container": "kb30vgzjt7mccsfi3sfj",
  "daemonset": "v7nfin6u8hsz8scawwbc",
  "dismissed": "97u61t1z89pwhm0gqhka",
  "namespace": "c3u7ajv9u485qm5b0pym",
  "alert_hash": "ywt085zkstc9l889nx1f",
  "prometheus": "c77q7imo4rmvh92kqh9v",
  "providerId": "ncqquu5w4kxcwdolpftm",
  "summary": "x4y7r3bbt3jzxbhkh0ni",
  "runbook_url": "z9v9bezdfprtezc4a7zv",
  "description": "A software license is about to expire.",
  "environment": "ld453ln9wbn9qxuzy8mw",
  "fingerprint": "38ujacnj",
  "isDuplicate": "absq8q74z1wabfkjyuv5",
  "dismissUntil": "sg1l0mbqls6rmcry6mwm",
  "lastReceived": "1k0s1rqinoh1totyn87l",
  "duplicateReason": "ibeu3c6fltzs0rbh1o82"
}