{
  "id": "jtstgwj3emxwi6fudkds",
  "env": "qa",
  "job": "tq3d4zv6uggwqxn6clmx",
  "pod": "ezrbgpqtt20ziplb86jn",
  "url": "l0xhsuz3k0pzhxj6geij",
  "name": "AWSIAMServiceDegraded",
  "note": "fvrl7zao5co2gmrmg9gk",
  "group": "s7k1bmwwp5x3ju51ajr2",
  "pushed": "f7750ex5iyvgy4n5txcr",
  "region": "asia-northeast3",
  "source": "qda2904ztbz1c3q1yof7",
  "status": "zs8s1g4a2umrvyqwfqk3",
  "deleted": "j6ehy4mof6fw9my6kr8a",
  "message": "mrx4sstv4auvjagscg4n",
  "endsAt": "2024-07-12T08:53:22Z",
  "generatorURL": "1yhigpzc93ip126ynvwt",
  "project": "v087k0vbxdpffu2y2075",
  "service": "qzbktxvzx4e96lk46zg3",
  "assignee": "4orwictttcjfsvbsdg8t",
  "endpoint": "8ryq80qcpuom1hd9so3e",
  "event_id": "8zwwiixg685gzie40ve2",
  "instance": "52.31.16.26:59560",
  "severity": "medium",
  "startsAt": "2024-07-12T08:46:43Z",
  "alertname": "g0ov2junzt6ppni2lxtj",
  "apiKeyRef": "r6dxpqlnlpo5uaormfl6",
  "container": "vxkxpgr8zcx2yh2dte4t",
  "daemonset": "9qxdk5fmjolx0x41lw20",
  "dismissed": "a3u7opnrq88mlxo5rkz6",
  "namespace": "3j3h6vo5u5zsbvrmqf5h",
  "alert_hash": "txtusautiw6u102fyxtb",
  "prometheus": "ogtcqdvbq1enahw6z436",
  "providerId": "fcxag8qwft9tzlnp0lbw",
  "summary": "6073y13gpf5kez81psdv",
  "runbook_url": "m152orlkx1buh19lnnrh",
  "description": "A service is running but its performance is degraded.",
  "environment": "louhz36bd1eozk8mr4sa",
  "fingerprint": "l89zgsl5",
  "isDuplicate": "k671pj4z9se2mdz1fv4b",
  "dismissUntil": "qmcbllny7nik9lvdddib",
  "lastReceived": "vlfcdh71x6g34pggk91c",
  "duplicateReason": "9935taxo4glgvd85eil2"
}