{
  "id": "empu2f4m2dzvdalygq5p",
  "env": "pre-production",
  "job": "wqzua3t6qvryuqdlat9y",
  "pod": "flvg5nr0kwwxtnn1gxa6",
  "url": "53ro7ni85ze72lqsaesm",
  "name": "MicrosoftTeamsLicenseExpiry",
  "note": "a2detqg6fxvckgkiki7a",
  "group": "7fqh32l2cd1nm2evlcht",
  "pushed": "fgx5v47uwsimoogy0y21",
  "region": "us-west2",
  "source": "3phzgik6mf3wzoja8xci",
  "status": "ttdkm1onld4vs5tgg0rp",
  "deleted": "2zxppv1yz9tq636rh345",
  "message": "0gnwymikz25nhiejkvmd",
  "endsAt": "2024-07-12T08:13:00Z",
  "generatorURL": "wplfsp8ciac6prny7p6a",
  "project": "ep1xjghwjvmc7ketf4mq",
  "service": "93w4gqqgisfvhmon48yo",
  "assignee": "fo0q4ksa17pbxuntmfpp",
  "endpoint": "lpyfiq4xapytcmgk49ox",
  "event_id": "0a6ay7oqajdhfth2f053",
  "instance": "85.22.155.164:17268",
  "severity": "info",
  "startsAt": "2024-07-12T08:04:59Z",
  "alertname": "u5o1m94iommet59x9vzd",
  "apiKeyRef": "rkn0f1u00igavloonpyv",
  "container": "mqxw74pwb9t3zrfvuskc",
  "daemonset": "g1eunvc09i0scyfsrr5x",
  "dismissed": "gr10bphzyza8j80yfliu",
  "namespace": "qvon48dfosrxqoabuhmz",
  "alert_hash": "v535hv053why8myqo176",
  "prometheus": "zxt4npqaofgtguy21hki",
  "providerId": "oslx08k3lnz4vzdcm8ij",
  "summary": "qc1opqqd9vudzlvkb50e",
  "runbook_url": "48lzvx27jakz4wqwg6k4",
  "description": "A software license is about to expire.",
  "environment": "vzuanenif6z1o2pvvhtv",
  "fingerprint": "b60xyu2y",
  "isDuplicate": "1j54kyhc2w4xw1rhqhaw",
  "dismissUntil": "u1givzx5m0mcynvhg2od",
  "lastReceived": "nfd5wi97q791qmgaqrtt",
  "duplicateReason": "1nn7l9g9yuy85s1d5ebn"
}