{
  "id": "4ahwkwvbv2ngqbvgk2ra",
  "env": "testing",
  "job": "lwm8euoc2fhnnrefldoo",
  "pod": "bhn5bz9hr3vdena9234x",
  "url": "skgm0fmjpsj84d19dnif",
  "name": "TanzuKubernetesGridDataIntegrityError",
  "note": "pfhlv19vsqifu6x7vodj",
  "group": "i8ni145o2adt8pryw00d",
  "pushed": "h9hb1hdlqy90atnzxmtx",
  "region": "asia-northeast1",
  "source": "5jyykbnh7ty9fkg2pm7g",
  "status": "tothv8296cfx27ydyo78",
  "deleted": "8w79v7c3tgy85qrvkwhu",
  "message": "113qw0nksbnj1vpqkf7v",
  "endsAt": "2024-07-12T09:49:49Z",
  "generatorURL": "sg36a7pp95bjzs7ehqey",
  "project": "1v0jmrlulxwoko0jt0r8",
  "service": "sv7c0hy95zz14kor3vaz",
  "assignee": "g2dw7hawg5i8bpa34mfu",
  "endpoint": "pk1fyk7r9t3a64gqevr4",
  "event_id": "pxd3593gnenisly1o2j1",
  "instance": "106.87.238.247:38774",
  "severity": "critical",
  "startsAt": "2024-07-12T09:48:48Z",
  "alertname": "6d5ckbgjfb30rxxfigxm",
  "apiKeyRef": "rrmhd50owwunhircqca4",
  "container": "6fk8fln1v8kn7lc93zdo",
  "daemonset": "sxgetln34wk7h339xji6",
  "dismissed": "n0f9tik8oneyn5eg2zoy",
  "namespace": "nsxel64oworreevpvrlr",
  "alert_hash": "5logauh90rlvh6v1fw1y",
  "prometheus": "99fqakgekts8lattnywh",
  "providerId": "zpccwwsnyyiui6s9jhy9",
  "summary": "v3cw5nn8w4bouyf4wjsx",
  "runbook_url": "2y55fzeu3r9ypzb4sfvi",
  "description": "Data integrity check failed.",
  "environment": "8yccz49rqii1nxbcqnui",
  "fingerprint": "28alyaac",
  "isDuplicate": "t5gc4snrzugxse0fdoed",
  "dismissUntil": "c05vurbehguowad29ru7",
  "lastReceived": "80shpwhiz4er927futqq",
  "duplicateReason": "sytf0cgec8qnrdt2vqb0"
}