{
  "id": "ypir0o9fz2d2wr89oubp",
  "env": "demo",
  "job": "nlzbwq38bjfskga2qnwm",
  "pod": "q4r7h2c7wu6dleg0fj0r",
  "url": "253zzhthaynro2ddu6m9",
  "name": "GoogleCloudSpannerDiskSpaceLow",
  "note": "gzcsdspk0j0xv3487bxg",
  "group": "muw2eih929d0nki1jgxr",
  "pushed": "ouv5c0h8fj2dr5hviv21",
  "region": "europe-west6",
  "source": "tw04yngu2qt6mxodegu8",
  "status": "3t2wfzbql65moqaq377m",
  "deleted": "bw2ovcpph0bkq4pzlyl9",
  "message": "kbgsg48um6vg4wseg605",
  "endsAt": "2024-07-12T08:17:50Z",
  "generatorURL": "ul19km7hqdoebeomf3uk",
  "project": "4gavswaskqi8ilndq5ct",
  "service": "hjici6ajqi0cibglwlk5",
  "assignee": "y5d00gu84rgmkvz236g4",
  "endpoint": "mxql0a5z96cevej0vjah",
  "event_id": "puf8vcfj85id3o84ow53",
  "instance": "78.198.217.88:59545",
  "severity": "warning",
  "startsAt": "2024-07-12T08:10:55Z",
  "alertname": "8bvwslt00l2l19vjcpaa",
  "apiKeyRef": "g32ch2x0ac05p7phsalt",
  "container": "gc8ss7wm2kuegv268cja",
  "daemonset": "xy9t75s31wj7ccti41ab",
  "dismissed": "tbw4q891upd817ddxq53",
  "namespace": "0gqkr8y17m6jm88zx1tp",
  "alert_hash": "62qi4379jc9zx6udawzp",
  "prometheus": "spy7tai2wvyjoaquj5sf",
  "providerId": "8765m86cgjtafkjgg2tl",
  "summary": "rjot181uhslufq6ru55l",
  "runbook_url": "l8vwy0fh05kypapzxe31",
  "description": "The available disk space is below a defined threshold.",
  "environment": "87jwqwwtm9tu1z37zuc0",
  "fingerprint": "cs4ohme1",
  "isDuplicate": "0jkyu5eaw8ksbxqur9ht",
  "dismissUntil": "818wg4oauv0zq5bdxhh2",
  "lastReceived": "hwaxbwazv3zar26o0xq3",
  "duplicateReason": "go3m9y9eta5axuvc3llh"
}