{
  "id": "s0ho2l5jz9xiohk5tpz0",
  "env": "integration",
  "job": "a1yms07rvcvm5kf9h6ro",
  "pod": "82zgpseu1u91altq6mq7",
  "url": "f4yg2cimhjiljpd931md",
  "name": "AzureActiveDirectorySecurityBreach",
  "note": "auluix3kysfxi2hpw4oq",
  "group": "5vfxfidqn11hjq07pe1b",
  "pushed": "ro09rxlkeeh1vsgzpi5m",
  "region": "asia-southeast2",
  "source": "gknuo432qhac4yl4cbby",
  "status": "rbwexb9wxvqu23xvdwuy",
  "deleted": "o3y6t1wum5tlhz5svftd",
  "message": "anib07uk6cb4a26o3zgo",
  "endsAt": "2024-07-12T08:58:41Z",
  "generatorURL": "cy2vgq98ncgakqddfdwm",
  "project": "sdhblwgb565l0f30c0oi",
  "service": "n54meaknyw7gh3oz4ksc",
  "assignee": "cfe5iw2tfqwn73fdedzw",
  "endpoint": "3nct0bzj8rw86v3itzgn",
  "event_id": "r3082tlpe7zomgbtm575",
  "instance": "227.173.62.197:22339",
  "severity": "medium",
  "startsAt": "2024-07-12T08:54:30Z",
  "alertname": "d9colq5ixyixl4zrwxxm",
  "apiKeyRef": "7hmeow8l07eo7x7miy31",
  "container": "xz4mszahu8h75jdabrhs",
  "daemonset": "18yqwkovy4oy8em4iver",
  "dismissed": "moygct1e0lh22qwuwg3t",
  "namespace": "fq0kztj4k1v2zbb2kwbj",
  "alert_hash": "16crp4kb0otix0jyw2p2",
  "prometheus": "4594aqpi1gfrk110lnrp",
  "providerId": "h22u7xfrf2e8pg96uj00",
  "summary": "tc60jgbiaul9vf4k2kab",
  "runbook_url": "dg3h6eo54vg3v8pkx4ka",
  "description": "A potential security breach has been detected.",
  "environment": "64ge9g9didp2ntr3eldr",
  "fingerprint": "2cafadcd",
  "isDuplicate": "jr0m1x1q8zfcf3dkfzi4",
  "dismissUntil": "rp6h2hko3sgd9007qdq5",
  "lastReceived": "t547oridrfrabxb758u7",
  "duplicateReason": "ssdbthgw5lepc2rbfrwp"
}