{
  "id": "804rr39w5iz9dlv4o6u5",
  "env": "testing",
  "job": "llvrnl0gopg4461hv9g4",
  "pod": "y8pfqw0o6rgabv36kyna",
  "url": "mj90jtif5jlwok0d7wuc",
  "name": "AkamaiBackupFailed",
  "note": "gsdrb0lfc73f6jo9p08c",
  "group": "4muwp8ss3frtos1p2apj",
  "pushed": "5i7qdkp32lo4jt1wwewf",
  "region": "southamerica-east1",
  "source": "yrado79huhodrni7ni6x",
  "status": "xrc9nlqmyeibpgqkl4xz",
  "deleted": "j0g6kt2qc5zykez28q1p",
  "message": "lpmtvwiqjq86x8aio9j6",
  "endsAt": "2024-07-12T08:55:10Z",
  "generatorURL": "bmbkbtxz8spaxbq14h1r",
  "project": "nf7f2ay9mrrn4t5qxpbv",
  "service": "p822ntwc9yh97n2fkb17",
  "assignee": "7xhcfyie00ajbznrabay",
  "endpoint": "id1bhyv2tphco7c3j92r",
  "event_id": "mcll3ezvumcaezbcgehs",
  "instance": "253.35.174.175:52711",
  "severity": "medium",
  "startsAt": "2024-07-12T08:49:03Z",
  "alertname": "lk72k5f9ig80t5rhqilm",
  "apiKeyRef": "afion7j2bkyrce4g1rsy",
  "container": "9pf7iq7ozl0xy15324tz",
  "daemonset": "563huzdvyqb4ewayfhch",
  "dismissed": "cnrwa9vpikx7ty8e6ho6",
  "namespace": "65fn5q3cdvbwdo34j0kd",
  "alert_hash": "4trvmhg4fuhg7h7w73ic",
  "prometheus": "q02o3s0ibd3c0f2yzdcf",
  "providerId": "opmsuut4sntfwtmquc5x",
  "summary": "0mh1c3pmb608n68wj8mr",
  "runbook_url": "9ulb9k154tgj8wn3mynq",
  "description": "Scheduled backup has failed.",
  "environment": "wnxf2fyvspg9lqml8911",
  "fingerprint": "wlluo6y9",
  "isDuplicate": "y5hwm1cctvhf74eigqto",
  "dismissUntil": "qshn15h3qqrei9eitqla",
  "lastReceived": "op129yy0jetkzw94x4pm",
  "duplicateReason": "inhf5c2zyi8kbg6cp9f6"
}