{
  "id": "32541288gbsrmkasyusa",
  "env": "pre-production",
  "job": "cnz78u2hf8oq19oy9mud",
  "pod": "4zs4muiexhupry8r0ije",
  "url": "ocyveahvr6cshur1ce0f",
  "name": "TravisCIHighLoadAverage",
  "note": "m6iy24u04p0wh0bzvim1",
  "group": "5c2niyuwuhqfhquuxmqb",
  "pushed": "dc3sv16n1bsr2vabz5ux",
  "region": "asia-east1",
  "source": "23vex921faxi3y804hsl",
  "status": "gjt70vpfx5obf95zbr49",
  "deleted": "ai6n0kzq9h9t13lszv5s",
  "message": "pmyrrnqsmd1p88ht13vv",
  "endsAt": "2024-07-12T08:42:02Z",
  "generatorURL": "f6vk0n3eo7561igc5cdr",
  "project": "se9qc6kfb918dzjp2fsv",
  "service": "hinyzb5g1pv7ih9h417g",
  "assignee": "3v5zvsykaj1632i39qyw",
  "endpoint": "ublc1vyhgctn4scmqdp4",
  "event_id": "fn4hl8v9ah7wflc480z6",
  "instance": "241.246.37.207:28819",
  "severity": "debug",
  "startsAt": "2024-07-12T08:34:02Z",
  "alertname": "wlk672lnku7ycjxaw6lo",
  "apiKeyRef": "icmwo2scpj3vk2srcftj",
  "container": "l5xysro3nv7lmn0oh1ry",
  "daemonset": "suln2vyqum7m0kouinv1",
  "dismissed": "oqxjxu0ij25elkuocjid",
  "namespace": "z599i0ywky704uc0x4xf",
  "alert_hash": "rjav4t6zzuqrbvy7qdv1",
  "prometheus": "ajwp691kh9r92hiq6h9c",
  "providerId": "34s10yqytkwgzyyuauo2",
  "summary": "yyd0anl5krhb7nxnsb9i",
  "runbook_url": "fjr98bchjbtz3scu0ma2",
  "description": "System load average is high.",
  "environment": "0q4hvzj9id024lgr1wau",
  "fingerprint": "e06hkcav",
  "isDuplicate": "85nbxq3pvnxak9wqntgo",
  "dismissUntil": "0jfocy6swur8c7s3fc2g",
  "lastReceived": "oll6wcqznay0c4nkrx1e",
  "duplicateReason": "sf67bfyhgou401jx8yua"
}