{
  "id": "q0nzw2u5o277aismqunh",
  "env": "integration",
  "job": "2f6npyw9oq7j1vylf5xy",
  "pod": "gqtkp7nrytjqcrsm75j4",
  "url": "f76beqsbvwcy05ae30w8",
  "name": "DockerSwarmDNSResolutionFailed",
  "note": "kuk7iq6uettyamzlwk8q",
  "group": "g4p1pzvtxx62vk9hmnyg",
  "pushed": "m0ctjqz8eidwpz4fd0za",
  "region": "us-west2",
  "source": "mg4rw6iqhok2m4f5k5j0",
  "status": "34a3182y1b2fw2l3y98c",
  "deleted": "jieqd8yryomvptwgf8r9",
  "message": "ethr6yj2fqphnc9enhna",
  "endsAt": "2024-07-12T08:21:43Z",
  "generatorURL": "8jcdy3map1e6stmuvrcs",
  "project": "hv0620o54665u5oac61r",
  "service": "obn8h2ratzb4p7fsimr4",
  "assignee": "z83fsq8a4cm6fhfrbhqm",
  "endpoint": "gkzobuqb7tihebzsb4mh",
  "event_id": "0it6zlhvglt5ugo8ibih",
  "instance": "59.20.155.185:44393",
  "severity": "critical",
  "startsAt": "2024-07-12T08:17:48Z",
  "alertname": "0387sfmrxt79clg0oh3g",
  "apiKeyRef": "pcwvcwa4vhla4pv85om8",
  "container": "1jetta07l7qap2omt2e3",
  "daemonset": "zacxh3pw2zvpwndphhqq",
  "dismissed": "su9iepdwacj2oukw2o4i",
  "namespace": "8xs6ybwphpg5k21qsayd",
  "alert_hash": "z2q8cok6hy355yo2xofb",
  "prometheus": "f9guwgmoqdsmbcidtvhs",
  "providerId": "gcml4fki92zhoz51wwf0",
  "summary": "nwt36rv04k85hdcx4so8",
  "runbook_url": "3zx5r9wg4s38gr9bg04z",
  "description": "DNS resolution is failing.",
  "environment": "2ebom0gog9kc52tjpfhr",
  "fingerprint": "dda5uw4i",
  "isDuplicate": "u3vdl1q85b6iaz2yy4r9",
  "dismissUntil": "g4le9tic2q28cng6pj7f",
  "lastReceived": "xz5epvafpql4xg5oghf0",
  "duplicateReason": "nav58m2pgmwmr80s6fog"
}