{
  "id": "xpa1txpaqvhlrjnrjgf3",
  "env": "demo",
  "job": "6urfih2evh4e738aawa2",
  "pod": "5w93728hz9a3xpkymvw5",
  "url": "pru2fa70dqey0zm0p38h",
  "name": "AmazonCloudFrontSlowQuery",
  "note": "geqm6t8gwakycg4wto2n",
  "group": "3w4qcd67u6tretrbkqti",
  "pushed": "qtev92gxjzv2nvwncg9n",
  "region": "us-west3",
  "source": "wgwxborxo3cpq606x5e8",
  "status": "krst4vwc1n3yhh6itfkp",
  "deleted": "u83u8bgt0tey9f1qgq2s",
  "message": "apguf3ej76adwxwqoxe0",
  "endsAt": "2024-07-12T09:36:31Z",
  "generatorURL": "8sbngs4n3fb026vr1npx",
  "project": "uc4txqtu5pnetwcof3j1",
  "service": "u0uqsodxmfblynz9flit",
  "assignee": "3ra2727askbmzf5tqt1f",
  "endpoint": "wigo40yablyunasvr003",
  "event_id": "b1gbj3jdrws05qiwo5sb",
  "instance": "155.134.50.157:9960",
  "severity": "medium",
  "startsAt": "2024-07-12T09:32:22Z",
  "alertname": "b07u8u7dydjaduwgxnig",
  "apiKeyRef": "cvnoouzq7csgf26kfd12",
  "container": "ai0rhw10eos6p5o4w7rg",
  "daemonset": "mw7yoj6jlo20vcv73gkn",
  "dismissed": "lcxk4hkslxh79modelfn",
  "namespace": "eoubrir6lux8tcpatl7j",
  "alert_hash": "fiauhdlhedsq0c9cbfeb",
  "prometheus": "4swl8i7a6x2y1uzztln3",
  "providerId": "p70fp60kar20se8o7d4u",
  "summary": "msa4ppregv7shinjs3jj",
  "runbook_url": "ul5m5ml7usm8wm6o7bdv",
  "description": "A database query is taking too long to execute.",
  "environment": "rxqppl53udecphdm7lmd",
  "fingerprint": "28alyaac",
  "isDuplicate": "pq0rytppoabez1mn6d0x",
  "dismissUntil": "c936s5jiu405svpv9lcd",
  "lastReceived": "mgg9idahrly3mqdb4s2y",
  "duplicateReason": "hr79x9nnbpzuwlqa59vy"
}