{
  "id": "ms9upzqn2tu16mfjj333",
  "env": "demo",
  "job": "gbsokjdbsg786idysaac",
  "pod": "027gmojq4ey5jqmn5lzn",
  "url": "g72fj3xew6s0d5b6ylb7",
  "name": "OktaDatabaseConnectionError",
  "note": "rud315rwp30apj8qh9u9",
  "group": "gqix28z9buowsis65xs3",
  "pushed": "w1a9iorzeuqhaskl1laq",
  "region": "us-west4",
  "source": "18fzrvf5u5k4kmlxq4tg",
  "status": "cn8yycgp4twnidqpixvq",
  "deleted": "gbu9rhtur1jw0jylrwiq",
  "message": "yshz1zyza0fcfil20fhj",
  "endsAt": "2024-07-12T09:10:50Z",
  "generatorURL": "o0u6z0ms9cd5lnjb14v6",
  "project": "8s1e5w4z8w15s8dkn3y5",
  "service": "r4e2da6c4b6ad6krd0zw",
  "assignee": "z4gx8rqhtkbxyyq5vjwk",
  "endpoint": "tzx2i70nbdajbpqj4tsg",
  "event_id": "th3rzl76y9t34zqkxy0e",
  "instance": "59.246.255.1:5947",
  "severity": "low",
  "startsAt": "2024-07-12T09:04:45Z",
  "alertname": "6cfk1oe5yzwbr1z62urf",
  "apiKeyRef": "2j0d5iu7ldb6jgdti0qb",
  "container": "o9p53pywqo30cvpq8e0c",
  "daemonset": "179u8034ynnbdlhn39lc",
  "dismissed": "vbat2huimef2ueyuxop2",
  "namespace": "udjlb3kvfpg3xg50hxoj",
  "alert_hash": "2dozx81e4dzpyp6mg59q",
  "prometheus": "1tszc0f7oacdhst2ngtg",
  "providerId": "wrctx32fyyxp54skia3o",
  "summary": "sur95yoglfpm24fji9vu",
  "runbook_url": "qudlov89nya8m6aakr6s",
  "description": "Unable to connect to the database.",
  "environment": "ctfuflvkxbsac6w8gyfz",
  "fingerprint": "3dhdja92",
  "isDuplicate": "bd4w3q7due4uundmvp9f",
  "dismissUntil": "ui2y6mz9x7anmnjq5mrw",
  "lastReceived": "8uukk2ie080dudcog4g7",
  "duplicateReason": "8tou04nnv178jc0gsk5s"
}