{
  "id": "uu6dh4irgd55mbnn2166",
  "env": "testing",
  "job": "ck32frtwj2n01v81kev9",
  "pod": "t68f24v1v0plwyxx8zaf",
  "url": "kmeolx9yva08azjcu6jb",
  "name": "PaloAltoNetworksDataIntegrityError",
  "note": "rivjv0mz1dlteeluzkw6",
  "group": "liqsv6ymppoqxpsu24zz",
  "pushed": "m9le2h3ycmpgaajjsk0s",
  "region": "europe-west4",
  "source": "nzumv2s0rwe69zxbkvqt",
  "status": "o6noqxm4zb78rc0lc0cj",
  "deleted": "7sg0gasyzbgn2l4f1n5s",
  "message": "bivxmgkn82dcx9hnqw4e",
  "endsAt": "2024-07-12T09:22:07Z",
  "generatorURL": "m9gws5whiap2hxp2d7rx",
  "project": "8u1z417pb25i9xtcad1u",
  "service": "tpp2al79yqqor5f0sj50",
  "assignee": "16261h8bd8rxv1k67fhu",
  "endpoint": "snpbcf1pnhq2ie1s2gkg",
  "event_id": "n91qjrg5bxjfr1vjby9u",
  "instance": "59.82.167.140:51937",
  "severity": "high",
  "startsAt": "2024-07-12T09:14:45Z",
  "alertname": "48pup1y51igybu4amtdf",
  "apiKeyRef": "t7ua1ntk0hhr33k4mkdt",
  "container": "3fii7cexw8mg1g9e0i0t",
  "daemonset": "0zvhcxgzs6cv9vd0nkes",
  "dismissed": "91ct3jilw58jm5zbalov",
  "namespace": "1gnl4j4x1z68vo9lfdm0",
  "alert_hash": "z4pkesl9yv75xju911yh",
  "prometheus": "11thvm5v4f4jxrlduxla",
  "providerId": "4tdzvlazguzocczjwqj7",
  "summary": "49jbki5f66qktj5fyc9f",
  "runbook_url": "4t8fz28ba3lnt74dxzfa",
  "description": "Data integrity check failed.",
  "environment": "b2dsel4lz6d12kbm1c5i",
  "fingerprint": "6kb5qbsj",
  "isDuplicate": "cpbpt0fp4ygqa8uuaaa0",
  "dismissUntil": "djtvg5q8man995972myg",
  "lastReceived": "0tky202jcqte3z40yd8m",
  "duplicateReason": "joksuq3zbbhrhwkh6qrw"
}