{
  "id": "haxleug4fu3e04v8oxiy",
  "env": "staging",
  "job": "5yytshy8uv5eddt29lns",
  "pod": "ueph58rcgozdw6fvnj4w",
  "url": "erln24sucsdh3baj8wth",
  "name": "GoogleBigQueryServiceDependencyDown",
  "note": "8uz53tkuoyfz0ev782u0",
  "group": "sjn86m2nsa2g6vpuam65",
  "pushed": "orl4ycspgeq748yh89zu",
  "region": "us-west3",
  "source": "q6yydbkbnspf9p57m5cr",
  "status": "uoazj7uc26cjrnyatx9h",
  "deleted": "f6ocv6pmz2cqxkrheitc",
  "message": "y4mv600ezjyl0qvjr3gl",
  "endsAt": "2024-07-12T08:48:49Z",
  "generatorURL": "t5f524wkwjedm46fmmio",
  "project": "a4c6sqgou0jjns1u2306",
  "service": "qbfvlvdj0ijbcphg91ca",
  "assignee": "yet6n1dsg3h423hw1mes",
  "endpoint": "4o20onz8d5zoh9e7d1mu",
  "event_id": "qrfhbqbyqovetoix5vgk",
  "instance": "169.231.235.31:5119",
  "severity": "debug",
  "startsAt": "2024-07-12T08:46:13Z",
  "alertname": "27k7wrw0tbu6gmpw5ob5",
  "apiKeyRef": "12q25mqrzw551zgodg84",
  "container": "cgy2fkaf7g6w9uidzkol",
  "daemonset": "5fufs96s07qpygxnw5gu",
  "dismissed": "dndkkayqff4cvvraf8fp",
  "namespace": "bxveq1obwxoucwmgtsge",
  "alert_hash": "49kpsinxgxtwo367hv4k",
  "prometheus": "2hbbjya4ss6yj3paonmi",
  "providerId": "wnkav7pklcggccv14f0c",
  "summary": "e3nf66f6x7zf95th0pup",
  "runbook_url": "3h4pifv68175ffvqt7tm",
  "description": "A service dependency is down or unresponsive.",
  "environment": "cploxv69lcvnf5tvoizg",
  "fingerprint": "gh4ol6e9",
  "isDuplicate": "avrabpmube1sruuqbr2g",
  "dismissUntil": "u1fpl7oup9qoneevaf1a",
  "lastReceived": "xwnj9rcxo2mk0fl8nbj3",
  "duplicateReason": "fk2wpa4w7jljcfw40wm6"
}