{
  "id": "mf0y9jqt3rc8hxegbkou",
  "env": "integration",
  "job": "f8b2s9v66gl90czb9lov",
  "pod": "0pkr5gg09hzgpsq74dqq",
  "url": "id3up5huww98z0doozab",
  "name": "AzureActiveDirectoryMemoryUsageHigh",
  "note": "rn9ph44hx7byuct6jvbv",
  "group": "93rupkj2hd3ynh9drog9",
  "pushed": "yf5m5cq3ldds8tqpx76z",
  "region": "asia-northeast1",
  "source": "jlcyvise04626k9355vh",
  "status": "4qnmh5q2mnfsdur4pctd",
  "deleted": "oeq2xba9ruzog253odx3",
  "message": "8uhn20yv5oypcgtblozj",
  "endsAt": "2024-07-12T08:28:45Z",
  "generatorURL": "k7p5bem6tgdobnxumwll",
  "project": "detkeqcvpo28ppdhi1o7",
  "service": "gws7ls789ljm291iwx69",
  "assignee": "cuf5dlccv5na3ucdobnn",
  "endpoint": "lmw40k2ncy8waqvaa8lg",
  "event_id": "d2nz8xbh5v6ttfliexm5",
  "instance": "23.135.53.28:22008",
  "severity": "high",
  "startsAt": "2024-07-12T08:28:45Z",
  "alertname": "u37qi6tnnplb81o8bzac",
  "apiKeyRef": "cb099tc41h6d4qercxh8",
  "container": "09akxb0vyduyfz0fu58y",
  "daemonset": "d9s0ag3lefzyw60ifghr",
  "dismissed": "3esq4bsgm3n3ck39l0yu",
  "namespace": "j4zhowuslrwllgzvh302",
  "alert_hash": "7bmpgm96bc7kq7g7p0di",
  "prometheus": "6jdmvqhytr3pf08tpgao",
  "providerId": "0dyqrkrwbo9yqgx43nh7",
  "summary": "201tb8qtjpi01piw5rc9",
  "runbook_url": "x1eyioxr51rer4elq2sc",
  "description": "The memory usage has exceeded a defined threshold.",
  "environment": "z06y6pcnko6zdzhlddio",
  "fingerprint": "ssgxatxx",
  "isDuplicate": "nz347fe1wp9nzv0uv7qj",
  "dismissUntil": "wz4yh87ij1y0bseq9uce",
  "lastReceived": "rdz5l7i7aapjf02oqids",
  "duplicateReason": "adrz4c86b952gyr0rebu"
}