{
  "id": "4wz4i5nhffnlnqo59rih",
  "env": "sandbox",
  "job": "011kfdir3rmc19k0ouo3",
  "pod": "7aeax1ngjf2l3j3gjhy0",
  "url": "xunm72stwlhtrbf4o6ye",
  "name": "AzureKubernetes ServiceResourceExhaustion",
  "note": "n6bnlqn7ha0je4jam7ap",
  "group": "9vaq8j4wk7ykwzyzbsu4",
  "pushed": "gbj2c3ivi1wzfze1w9ue",
  "region": "asia-northeast1",
  "source": "sprmgwa9kam97hjbbzb9",
  "status": "0u4wskysecfsvknco0ee",
  "deleted": "9skx7nyob3npq4e6gb6r",
  "message": "b9sm3eudiyjz23w76ens",
  "endsAt": "2024-07-12T09:05:28Z",
  "generatorURL": "11prq3x0e1b2wfvp51l9",
  "project": "vq1exg2w092s20qw8vjw",
  "service": "t22xtycjruhxrs2fxz1w",
  "assignee": "psg7nkso4ybd55fkcckc",
  "endpoint": "ijtgeb8mvjsel8aulq72",
  "event_id": "ro3y8s7q0cnpzlkw1b8w",
  "instance": "241.246.37.207:28819",
  "severity": "high",
  "startsAt": "2024-07-12T08:56:50Z",
  "alertname": "7eq9byf452p7mfnn9t2u",
  "apiKeyRef": "ygs6r4hsbvjl7zwqn5na",
  "container": "hfwfdqxrt7468aorzs2p",
  "daemonset": "4p29rzohgk9lcwx80utl",
  "dismissed": "ydnqsd2lue12bbt795mb",
  "namespace": "q77z7ip0fa1vdollr9uj",
  "alert_hash": "qls0bdduki117a3oqrcr",
  "prometheus": "jisrq4f0f8vi22rsjn8g",
  "providerId": "5irss8bzlzddkgvhqhmx",
  "summary": "rro6ognsztwlfm28haso",
  "runbook_url": "5bghbv02eex17yak7kda",
  "description": "A system resource is nearly exhausted.",
  "environment": "xfq7lzcdsf9bzdht4wmh",
  "fingerprint": "orlrue0u",
  "isDuplicate": "14252lw36pqcpn829sud",
  "dismissUntil": "p05jr15car19vt4vbgb7",
  "lastReceived": "usrrnqd036k4fg9eds2t",
  "duplicateReason": "kb5tc9nlsv9ii738coyg"
}