{
  "id": "0qgnecw8cs5pqbgfmy90",
  "env": "testing",
  "job": "xilf4qjilv2fo0i92ddt",
  "pod": "dkcfko71tnbi5h0bwgx3",
  "url": "zynlotgnsudkec03bkwh",
  "name": "GoogleCloudCDNAuthenticationFailure",
  "note": "xsrl0640ue6gbweines7",
  "group": "w8tgs8h3mfcximl2h8dm",
  "pushed": "da570fwjdi90ge3f2j8z",
  "region": "southamerica-east1",
  "source": "69cetsmbihr1iivr6tj4",
  "status": "ktg21wcytrf1l3wu2rek",
  "deleted": "gltpdwq42rieukduyfh5",
  "message": "qffp7qh2r8bebhbq09kq",
  "endsAt": "2024-07-12T09:05:35Z",
  "generatorURL": "teqecy68da5c7to6hmuj",
  "project": "95u3lp9ja85gica0nsni",
  "service": "56jtpr5a75tlalxp0qj7",
  "assignee": "yzolqhll5tuacf9cwcg8",
  "endpoint": "814tyu2jrswam9pbwsdi",
  "event_id": "w96v2n8mjpxpo7ynyn6l",
  "instance": "133.179.204.82:29554",
  "severity": "low",
  "startsAt": "2024-07-12T09:03:01Z",
  "alertname": "8w34iixlwn7h5wuke0ko",
  "apiKeyRef": "ko20dnlhzh406bqvjvev",
  "container": "78rwlkm6jybem8b5e9y8",
  "daemonset": "054eapujfpix08up6vvi",
  "dismissed": "2n9hlalbbi6tctw945ec",
  "namespace": "k2fog1nnpbvtshvh86be",
  "alert_hash": "kqb4ctbcqlick982tenn",
  "prometheus": "z0klcwlnpbfet93mhur2",
  "providerId": "xxg8x5jnl9ezq74020s8",
  "summary": "kjf7a2ty3mei6fres3vb",
  "runbook_url": "5uwnn2xbc0mdwv5qbfqf",
  "description": "Authentication process has failed.",
  "environment": "kt11oidc7i5ma56yj6xq",
  "fingerprint": "5se38hib",
  "isDuplicate": "ptnuh8e0bfn73ldpmwk5",
  "dismissUntil": "qh8sdfog7heg170ofdqg",
  "lastReceived": "qn6aqncp0p5wfy52z64g",
  "duplicateReason": "g7ju8efa8hahlow6bpmb"
}