{
  "id": "g0yl1n9dic1588a39cct",
  "env": "qa",
  "job": "2z82wuc0bcykwf0j0euy",
  "pod": "7fe41ytwn2hsifre0mya",
  "url": "y4fngimv70vj0tf168by",
  "name": "DockerSwarmApplicationError",
  "note": "3d1eneq4awg87l2jb2he",
  "group": "mqxufdqpjagtu1fa0fvc",
  "pushed": "37dq1a2fplizkq5dcasf",
  "region": "asia-northeast1",
  "source": "h52mb0161am9tx8q3czc",
  "status": "xhhwgl87ibe7iuy3hrdl",
  "deleted": "mn023d7rjgs9dupxvrs0",
  "message": "ayv65za6nmvby3h4aktw",
  "endsAt": "2024-07-12T09:55:46Z",
  "generatorURL": "6zfve5n9h2ujazehw0mu",
  "project": "j85pkw970x16ppt3q97b",
  "service": "zbuzzigyrl8t6mgz4rav",
  "assignee": "jwspfgn6hqwbpmztecky",
  "endpoint": "szrfuekgcg2fzin9rdsl",
  "event_id": "2i9xqt33zbhuw8ou4q83",
  "instance": "133.179.204.82:29554",
  "severity": "warning",
  "startsAt": "2024-07-12T09:49:17Z",
  "alertname": "usql29xyjj72n38yp5e6",
  "apiKeyRef": "mhq14xonlc0dkk5cad5m",
  "container": "8mpcnpurbh4i2b28e8jd",
  "daemonset": "r50ow7qdrxk6hfwab4q8",
  "dismissed": "ghezz6mxrgzv4s38v1ln",
  "namespace": "37rib9uv0ncy1gs06pnw",
  "alert_hash": "baky4ftcfkd3wznr0l4v",
  "prometheus": "qv867obrsjz06zg8mqv9",
  "providerId": "71r63jkfqf7yva1rum15",
  "summary": "mcolz90wtdj3d1ur8ujp",
  "runbook_url": "ljbj406zgolscstov4td",
  "description": "An application error has occurred.",
  "environment": "26qgqprmbcr7qhf9ew00",
  "fingerprint": "wz904bct",
  "isDuplicate": "3gqn6cc8ptknj4erzbx4",
  "dismissUntil": "ttry6kdvgwuch7w5t1bx",
  "lastReceived": "wnbei2usaqo01fs2nquu",
  "duplicateReason": "87pht29am0czbitqwrqp"
}