{
  "id": "yknj6zslt8qx504i612h",
  "env": "pre-production",
  "job": "zprvr0cyl24b8k84d18l",
  "pod": "71lamcgyplfpm7z6aoxn",
  "url": "07flrphgs3abbityy408",
  "name": "FirebaseRealtimeDatabaseLicenseExpiry",
  "note": "y681pth41cllemc1tl66",
  "group": "11xm63246r1v69peb2o4",
  "pushed": "jl141bljakcceiswjkcf",
  "region": "europe-west3",
  "source": "g8i3rijeddiwd3eefsky",
  "status": "96e2ido4tndrtc2le1zl",
  "deleted": "vpix6dvbo5ewf3pkkih9",
  "message": "4836z8hjn6nkt3aytjfm",
  "endsAt": "2024-07-12T08:10:30Z",
  "generatorURL": "pvmajdlufyovztqx8pui",
  "project": "1glmngkmbt1j9hxwon51",
  "service": "1158re21m7r7plb1h4a8",
  "assignee": "g5ei5xbauyr57fmgkwlu",
  "endpoint": "3p93pj938w8sdy7wk10j",
  "event_id": "46a762vacxj84caeqr98",
  "instance": "240.83.87.126:21420",
  "severity": "high",
  "startsAt": "2024-07-12T08:05:22Z",
  "alertname": "1bi7x4wsvjmmw0czg1hy",
  "apiKeyRef": "69dd7m3azgjs3qb5fd8a",
  "container": "dm2p2mtab7oe1h49n95a",
  "daemonset": "k5th6emcslvsrluj6bv2",
  "dismissed": "gdxupaf2lz59do5rtpgx",
  "namespace": "lsdlh3bf9xo9wsyeymoc",
  "alert_hash": "9w2fyga9jell177nvwpj",
  "prometheus": "f1vzt7n4wmgmx1dt04f0",
  "providerId": "41wwog87e21dof0jf9dt",
  "summary": "hjp4tgrneajb5jbhv1nn",
  "runbook_url": "6vhoknn97xekvk1gkip3",
  "description": "A software license is about to expire.",
  "environment": "z35dnfopcn3iydxlaewr",
  "fingerprint": "3yupwbdn",
  "isDuplicate": "3y9v2n1zq15p6jfbo7tu",
  "dismissUntil": "ox90kg2au49hhqo9wvmd",
  "lastReceived": "r4m0rquvqrbg1y3aztjk",
  "duplicateReason": "5bncpldbzbkwcxruyghf"
}