{
  "id": "d2zk1sgody44aoyl2cr7",
  "env": "demo",
  "job": "gcslpw4x6vmezm1o1kyk",
  "pod": "0jd88q791zooht4bsqcz",
  "url": "wtty58e22crhb4rwtc0x",
  "name": "MicrosoftAzureBlobStorageCertificateExpiry",
  "note": "4xvcvbpf2f6xsq4f2wcn",
  "group": "uxna8j7ulpuxlim7ehxr",
  "pushed": "zaq3gpobqiymzcrca702",
  "region": "southamerica-east1",
  "source": "pbu8rgv3zu2xx75m74so",
  "status": "17bqx9v2acw050ifg7sf",
  "deleted": "bi9cjii6odchtyloc7to",
  "message": "zltf7cpxxtgy6rplq8ck",
  "endsAt": "2024-07-12T08:41:14Z",
  "generatorURL": "dgyni8wnirpfk5t1m1cm",
  "project": "obl0rpah8cetvlqzl34k",
  "service": "io7vygudaerjpvfi8iuq",
  "assignee": "iwg15dcea2jky76big1c",
  "endpoint": "6ehn68m26ojqgrq87hx7",
  "event_id": "de2k2x37uvzs8m7qwbli",
  "instance": "246.246.60.160:42570",
  "severity": "low",
  "startsAt": "2024-07-12T08:38:19Z",
  "alertname": "cpb1ej4dhs9w1nynexv4",
  "apiKeyRef": "0wr9fzyv7tjuxh1qpxyo",
  "container": "9hnw1fhb3vj3yuxnfmkc",
  "daemonset": "tmockdi8lu5g2vjnu1lj",
  "dismissed": "fvblvtxb887qpusebsc0",
  "namespace": "11t5ycf6muka16cj0xf3",
  "alert_hash": "ns6s4fyaceqswrr9rpx7",
  "prometheus": "z51j81bo9uyw3qwg2lv5",
  "providerId": "nqnp9iud803tud0mughk",
  "summary": "nfmv3qwfcadf7t2983sw",
  "runbook_url": "dewmtjla4vuq3p9chwpq",
  "description": "A security certificate is about to expire.",
  "environment": "nqg163c2h5nynwl0qvbg",
  "fingerprint": "gnfozfsp",
  "isDuplicate": "cb3yjbv5n22qscdxvt92",
  "dismissUntil": "pwpsub9f60ebk2odj0sl",
  "lastReceived": "l510ht7ak162rkv0ybyt",
  "duplicateReason": "huig4grzhe0ixs2u6837"
}