{
  "id": "j68y3d86aoxfc7rbxiqb",
  "env": "qa",
  "job": "mhw1o718f1hwbop07kb9",
  "pod": "i9l2mhdflb1a7yswow9y",
  "url": "rlqz4dpp3iz4d7wan2yy",
  "name": "GoogleIdentityPlatformServiceRateLimitExceeded",
  "note": "lx0k33301fhbx49di9vw",
  "group": "zv2a4n1pegtthl7kph3o",
  "pushed": "bprl50ehw92gu1vgdyz4",
  "region": "us-west3",
  "source": "nd36nu2r0ry6so88cfs7",
  "status": "69cm1zua018fc3jqqs6n",
  "deleted": "ej2epk9clsaae6b784oa",
  "message": "hzxdujd9iiwqrg2rmkcn",
  "endsAt": "2024-07-12T08:55:49Z",
  "generatorURL": "d4hntiv61d0zt2nljm5f",
  "project": "nbn0gqp0ma9047d8edyh",
  "service": "0vcgim10lhik2ecs2tuc",
  "assignee": "3m265e0atslkjxf16qx9",
  "endpoint": "ifu8sexhy5yodre2t48r",
  "event_id": "f3qhbfwr5x9dlqa55tst",
  "instance": "155.134.50.157:9960",
  "severity": "medium",
  "startsAt": "2024-07-12T08:49:32Z",
  "alertname": "rciwhskk4zerb3zzodti",
  "apiKeyRef": "x4ltffex3b7c75ftli8m",
  "container": "7n7hbcah93mgwbh0xcfo",
  "daemonset": "e4ilc4d5foa522gidthg",
  "dismissed": "wusej6n374uh10mm59a8",
  "namespace": "ynqwhdvy3shh4gt9lsus",
  "alert_hash": "5fdyvt532o7i27g9471v",
  "prometheus": "596pt0nt5ay8dgyuk8ne",
  "providerId": "2dj17ruv2teevh4u8upu",
  "summary": "58x216ta33l63oqz5po5",
  "runbook_url": "22eqvjq5303826v2jnhc",
  "description": "Rate limit for a service has been exceeded.",
  "environment": "s1fesax9pi8flb8muay8",
  "fingerprint": "4sy1mk52",
  "isDuplicate": "kvzjcs96srp6i1rq6pfd",
  "dismissUntil": "zxs50l7hxgfsetxdk30v",
  "lastReceived": "7z23watwsqpyqme8onf2",
  "duplicateReason": "5kcjee3tzcoxpxwxawso"
}