{
  "id": "9b11lk78xb64ultmlo0w",
  "env": "pre-production",
  "job": "swr4vudy0stf1dl3m849",
  "pod": "f0dz7052rrrjjf9448mp",
  "url": "1c0en5dnz806upcjxazk",
  "name": "GoogleIdentityPlatformLicenseExpiry",
  "note": "9dvyht4r84wm8ne62a43",
  "group": "rsue82xky4glba23oywk",
  "pushed": "t8g9texrvxp8h3pfpsxj",
  "region": "asia-northeast1",
  "source": "ca5ub3v4p44cn8rwab1e",
  "status": "8ddjc6ibjkw7zcs7oy0d",
  "deleted": "hhkb2vwmy1z1u4e9gsqc",
  "message": "6whr0xo7fs6djsadx0e7",
  "endsAt": "2024-07-12T09:26:16Z",
  "generatorURL": "yq9hxqnb9cx9c21zu79y",
  "project": "9a32kpmkl3tirjlsdfyz",
  "service": "lmcawf1747oa6gz0348j",
  "assignee": "jzslz2jfmj3373i3gdwg",
  "endpoint": "7qp81nognaz0zf84z4e4",
  "event_id": "ijkx88zlc0x6on8frjwe",
  "instance": "62.183.212.134:55986",
  "severity": "critical",
  "startsAt": "2024-07-12T09:18:45Z",
  "alertname": "5bunpo991iizb1k2e07h",
  "apiKeyRef": "jugc48kyymq47unl7c83",
  "container": "5opw67mq76sp8dux64tv",
  "daemonset": "4ylna5k8taseuyx5gnw1",
  "dismissed": "3a6kh8ada2l5echywjyj",
  "namespace": "y75j5hjzig9d4b2g43gn",
  "alert_hash": "f4vu5lklgrt3wtwcwpxe",
  "prometheus": "8q32aq11216vv5rzkh9q",
  "providerId": "ku62sgnpo664qrlb8rwn",
  "summary": "h03bsjotb5ub7bdd6tia",
  "runbook_url": "180y75u7p7aez7qykpqs",
  "description": "A software license is about to expire.",
  "environment": "ejwe45c3q7uv5kr359sv",
  "fingerprint": "ov0v1ulj",
  "isDuplicate": "gsiaew925scmgvmqh0iv",
  "dismissUntil": "hv3ul0et2z8s0zsp4pj8",
  "lastReceived": "3l9r9pgowofdx2rz6fe5",
  "duplicateReason": "pub9yshdo8tmn7mf3rq5"
}