{
  "id": "qow53fwj7t5h854mfwl3",
  "env": "integration",
  "job": "fnnjjl6hnh5btkzfae8t",
  "pod": "bih09ahud1zqbq52mbwj",
  "url": "r28rz30i4284l2s3iscy",
  "name": "FirebaseRealtimeDatabaseHardwareFailure",
  "note": "yots7zhgyhi9wd5njemd",
  "group": "2pysazemt0bky2jqxcxz",
  "pushed": "mu72sgp8s00ric5rgwqv",
  "region": "asia-southeast1",
  "source": "wp9lj7yqpeucmw0idzce",
  "status": "7ipxrqa1gumj75oj33mo",
  "deleted": "3dm7yv4ht9whcakwpwk5",
  "message": "n3irhkaed7kv21rl9r2b",
  "endsAt": "2024-07-12T09:08:03Z",
  "generatorURL": "0cmq6qo67ij2b1xq2z6u",
  "project": "rt4yuyg5rz5067fs08wg",
  "service": "vl46enul52pg1mywjzoc",
  "assignee": "y7qlweqbp9odxbwkjsvy",
  "endpoint": "a9in2f5pjuo3nnxjozvq",
  "event_id": "j8owybqplqqh6tpmxu5h",
  "instance": "201.27.99.60:29131",
  "severity": "debug",
  "startsAt": "2024-07-12T09:06:23Z",
  "alertname": "oqvzir2wv7xopcrs96zx",
  "apiKeyRef": "bdf1x82bwip1d6tlfhvh",
  "container": "auzboe1lnosfxkodctxh",
  "daemonset": "vwhpqfi0ay6m4bfgocqu",
  "dismissed": "uumui9mtkno61d5la958",
  "namespace": "f38l1p58hwg6jhfta1um",
  "alert_hash": "odtz1z2s4qhp61w05jgi",
  "prometheus": "2hpiquisdc5jeh5x9uk6",
  "providerId": "331m9qv4kpod4v34qxhj",
  "summary": "kgt1vund2f2p6gnjvnql",
  "runbook_url": "o2q5enhgwslg3gje6gl3",
  "description": "A hardware component has failed.",
  "environment": "3x8e6o6ptnjypfmdvs57",
  "fingerprint": "r3ghonep",
  "isDuplicate": "a5m1qbpe7jeomg0013zz",
  "dismissUntil": "jhksmsxe88i1js06pmze",
  "lastReceived": "flb3up41vy0sl4mh1qbo",
  "duplicateReason": "6fqx1u9651on3yxliijh"
}