{
  "id": "oycqeowm1a9f10u1ywtl",
  "env": "staging",
  "job": "bnqbjiddb8pvl399rcec",
  "pod": "2owclaykenpcw608jvjx",
  "url": "n1gber3kq1u1bd7g1rz5",
  "name": "ApacheMesosDiskSpaceLow",
  "note": "fy0b84kabwf1ktq3gijj",
  "group": "g7bocjecihsv9bivbqrk",
  "pushed": "76b7pa3m8hxvq44fqbue",
  "region": "us-west2",
  "source": "zkpiyy3iz4u5djftgmfd",
  "status": "zkfwlfebdiu68its79gv",
  "deleted": "02ky9uo24vfys0xpnnw7",
  "message": "qm0zhw8dld9ncy8i6nbx",
  "endsAt": "2024-07-12T09:35:56Z",
  "generatorURL": "fbd3lh50dx8nbdrnos9k",
  "project": "e0w78yfdcpkdosrdfojf",
  "service": "411s5v6czzj7xv98ngej",
  "assignee": "t6zmpmwt4joo38rdx1rx",
  "endpoint": "mo0c4g2m15cwuk42ymuo",
  "event_id": "5otiki0xgrs2z20bhquv",
  "instance": "164.231.154.138:1187",
  "severity": "low",
  "startsAt": "2024-07-12T09:34:19Z",
  "alertname": "ygwunlcrkpesp3j5a26n",
  "apiKeyRef": "6a40ovcyxu3q8dvshocj",
  "container": "c3cvm4q4ve9z688ed4tg",
  "daemonset": "pnlm3906pplq8v376e2y",
  "dismissed": "4ai6wdqloq4851uk83pf",
  "namespace": "9aqc4c1t8et0i66qf5xe",
  "alert_hash": "q2f3al2meilksq4pfv6a",
  "prometheus": "298lb6afj8tphe9couog",
  "providerId": "b7h944pcdw5n7nuw8s7k",
  "summary": "jyegtrsv22klfu5jdaho",
  "runbook_url": "wpmf88eou62xmy0s5pud",
  "description": "The available disk space is below a defined threshold.",
  "environment": "07xq5ul9mhtmrw2q8pik",
  "fingerprint": "r4q5975f",
  "isDuplicate": "i6c73l4hliue2u4ane0a",
  "dismissUntil": "c8v3lkgle4vf05sq5o57",
  "lastReceived": "2dttjzqyr9dksn56ol8j",
  "duplicateReason": "24qlf18vrnt7bzljfozo"
}