{
  "id": "4j889pp3cs07l5lhbf55",
  "env": "staging",
  "job": "u885ibs6tc9yc0fensxn",
  "pod": "p8niwm8ud8fes4ym9vue",
  "url": "m4178vdm099hwvojtm3h",
  "name": "MicrosoftPowerBIDependencyFailure",
  "note": "4esly0jh18gppro9ac13",
  "group": "raj9tqeiyajpo6lu5fel",
  "pushed": "mxqogkrp0ftdl3ptawgk",
  "region": "australia-southeast2",
  "source": "pnah7ckdzembpdxwcmzh",
  "status": "gal1yhwiotpn3217y3kp",
  "deleted": "3aalg9x06k1k489lrg7i",
  "message": "fkricij2igrouloqvgzd",
  "endsAt": "2024-07-12T09:17:52Z",
  "generatorURL": "y3ljxvpg3kv3omgpp3od",
  "project": "zv498kcrcvr3lmw108id",
  "service": "g2e79vs7d0h9jfwgz4iv",
  "assignee": "2mrzue64igr3cdbk7b21",
  "endpoint": "wuzr4izqobtaikwd8nou",
  "event_id": "gscibe6au2c3u9gn76g6",
  "instance": "26.204.99.161:17002",
  "severity": "critical",
  "startsAt": "2024-07-12T09:16:28Z",
  "alertname": "3a8ue133itj95462j9sj",
  "apiKeyRef": "xx8upeydbbtvnmanver7",
  "container": "vvrf5516hengbxkdl92h",
  "daemonset": "57m5laajr4okt9rax8ct",
  "dismissed": "rj9ne9sqj7triad8dett",
  "namespace": "ubf0rfga7mco9rsmiy6z",
  "alert_hash": "5axy4ynspnw8mwn2dri3",
  "prometheus": "cvdgyqhzpypdg0pk891d",
  "providerId": "m998scyzdnw4bsugques",
  "summary": "rkkkdz3j2xvwfjx3vlor",
  "runbook_url": "iywiyn3hg5qe1csitypw",
  "description": "A failure in a dependent system or service.",
  "environment": "bhlslf6p4jjb2trxmc2i",
  "fingerprint": "28alyaac",
  "isDuplicate": "ma1xv0rj3qf3t3m1eb8d",
  "dismissUntil": "hi4vv58831etmqgpz3ar",
  "lastReceived": "uwdhu3jusk3e95szqnfr",
  "duplicateReason": "mwf1rjgapzo7wec7g22m"
}