{
  "id": "vt1sj039mro4mt28zm7x",
  "env": "development",
  "job": "ouigfw2pf07hpa7ffnz7",
  "pod": "8sodfyq9f1wh3c9919v3",
  "url": "97rb6c8oyge1xibeqlbg",
  "name": "TravisCIApplicationError",
  "note": "amu4x9vgt44qdpukcfhl",
  "group": "6o7un0aapgq5r0eh8310",
  "pushed": "xg1xjzscr7b89vugvmjl",
  "region": "asia-southeast1",
  "source": "kxh3mljczzrx4e230297",
  "status": "wuythofoc4n2rzki0i5i",
  "deleted": "g6z419trrvg1sp5o7qhs",
  "message": "k5livctqbhqugiffbtfs",
  "endsAt": "2024-07-12T09:48:28Z",
  "generatorURL": "is6yfw67op8xcv6x9jcv",
  "project": "2ca0x0z2oknw0tv34kix",
  "service": "kcp0xnz77glnsqoziyoi",
  "assignee": "heshselxv2im8saus69i",
  "endpoint": "algefz1vo0bymybvyu1r",
  "event_id": "1p1d5pr1awbqv1q8em2c",
  "instance": "32.140.13.109:9557",
  "severity": "warning",
  "startsAt": "2024-07-12T09:39:18Z",
  "alertname": "v1kz8s191nl3xekydnpl",
  "apiKeyRef": "zafco9iwx9b08z4lr2p9",
  "container": "q6lnmjf8enufp53u6r1r",
  "daemonset": "q9ver6pw85lnvzyjci9m",
  "dismissed": "4059y9kxz5lawykv148s",
  "namespace": "evhtucqdvndk1962eyue",
  "alert_hash": "fnfyzqp7l6sef8a3mm9b",
  "prometheus": "hiw3j7zq8wo1e66kzpkt",
  "providerId": "6wg47d5wdw47tq1zc8lo",
  "summary": "f4ssvbo7nwu6diena67f",
  "runbook_url": "90qj7bro5ueje8o9qsln",
  "description": "An application error has occurred.",
  "environment": "u07bwgw0viunkt5ui9ia",
  "fingerprint": "ycxtkpom",
  "isDuplicate": "au71gp7670t6zhialire",
  "dismissUntil": "liffcgzt5unlgq03qrn9",
  "lastReceived": "hyc0k1v8qj2ctzx9r35z",
  "duplicateReason": "q19fisn1q7xfaczr0doe"
}