{
  "id": "sal1iwjpi818izj3nusl",
  "env": "testing",
  "job": "69n1zfe56jrdlz7tme16",
  "pod": "b9sc4khx3ap0dsrf5s7q",
  "url": "jysr8qotoownaqzo9yxr",
  "name": "JenkinsCPUUsageHigh",
  "note": "3kkk3imiu01r8f0izdir",
  "group": "9awhtfgd4qhfkkklebi8",
  "pushed": "3fz16z46e1bkn855in5z",
  "region": "us-west1",
  "source": "iwq256aws9tobg5hevty",
  "status": "atlp095sxrscamt0z7uh",
  "deleted": "7vl916r9bgdmh4zjwm84",
  "message": "b85blkcvci9pxka28eup",
  "endsAt": "2024-07-12T08:32:24Z",
  "generatorURL": "jvo8z1qb8rgyd8nvaxvy",
  "project": "pkyt8i90khbjcq0cv9sj",
  "service": "sq5ckjw2kih8ogs3hcq8",
  "assignee": "oakus9rmdzkuxbkj0kx1",
  "endpoint": "e5zx7bix0l7klne4brdz",
  "event_id": "jwnhfiongntj3j244xoc",
  "instance": "153.66.4.42:22908",
  "severity": "high",
  "startsAt": "2024-07-12T08:27:10Z",
  "alertname": "121yoazm08wkpvv28xvj",
  "apiKeyRef": "uk1ivyaizc0s2ab987sm",
  "container": "57alvci9zqgj9hcc5att",
  "daemonset": "ztisek31yx70n4wwlwvx",
  "dismissed": "dhpei35lv2qyyvqk35pb",
  "namespace": "wdkls6iexn2g6ep7oxjl",
  "alert_hash": "sywj0xauwtf4iu0phkrx",
  "prometheus": "8r5g6tm2t4n97cwkf69o",
  "providerId": "g3rri8lq6tapelqjr138",
  "summary": "vmxrtoe3ka4wsbzsei4r",
  "runbook_url": "y184xhwsvyrj4vepp8fl",
  "description": "The CPU usage has exceeded a defined threshold.",
  "environment": "b761dw1b9ryx42ee4waq",
  "fingerprint": "orlrue0u",
  "isDuplicate": "tfk2x0t5zs0tgjawxcfh",
  "dismissUntil": "g943swqqzdzktul4u9li",
  "lastReceived": "kytak0ijfs64z5jkewhi",
  "duplicateReason": "77z1rkpa7cqwx0hpyp1c"
}