{
  "id": "d4b2ajublksl4ni3nyt8",
  "env": "pre-production",
  "job": "kovt164qstenzjj89z3o",
  "pod": "r9ewb52x9o253xbjwpbz",
  "url": "iulviyqvgk82lnwreoys",
  "name": "DatadogUpdateFailed",
  "note": "qi4g6mxxmtl42xaepma9",
  "group": "216y6qcpnd5zmjnmjxrj",
  "pushed": "q6medm3cmypyl68kxb6o",
  "region": "europe-central2",
  "source": "mns4omlgxtxisxw7t09a",
  "status": "zkk4s2h4zdwzj7fdbd4s",
  "deleted": "hfb016ivxviz6unfarpo",
  "message": "p8vsf07wdwkutcn5f9y4",
  "endsAt": "2024-07-12T09:32:43Z",
  "generatorURL": "vaipoha7sgy61jdy5k6m",
  "project": "z3b20yk9uoa58ax7pakb",
  "service": "2p9efewroluluxehnz6g",
  "assignee": "adtmvman3lu8eff8vy7p",
  "endpoint": "xgfvrj78vy4ilk34z6i7",
  "event_id": "ixvrnupbzkidp6zjvn5u",
  "instance": "68.159.242.68:17213",
  "severity": "high",
  "startsAt": "2024-07-12T09:29:28Z",
  "alertname": "0vsnjtpg5h5njk4woyr8",
  "apiKeyRef": "gvjw5uydpxh2u1r672hn",
  "container": "emd3w3v4lrw27g8wbyke",
  "daemonset": "r2mgahwbpfj44pomc13j",
  "dismissed": "47codbln9u6n9r356yeg",
  "namespace": "6fdl1c44sz43pmsvwb6j",
  "alert_hash": "m8jkgh8xq2dyyh4zetf5",
  "prometheus": "nfpofbnqbdm0shipna4y",
  "providerId": "jy3o4c3grqgmjolrkagl",
  "summary": "10a6mw856zbbth7k59tk",
  "runbook_url": "kmarmlgk324ukb8000qa",
  "description": "System or application update has failed.",
  "environment": "0z0qv7afoam9bhb0u8bq",
  "fingerprint": "6p40lshb",
  "isDuplicate": "4szcn0xn7wmno2z96x6r",
  "dismissUntil": "btqk02qyt6d5hq5upmcv",
  "lastReceived": "hj7e260y46movw3zrwsj",
  "duplicateReason": "qr5ij94czgar7i8nonq6"
}