{
  "id": "nniqnjge245mgkjj41km",
  "env": "development",
  "job": "4d1l2ad2e1f3c9khs2ig",
  "pod": "g9b42qihl4wd9hmi4fqh",
  "url": "envhj70v572d3808mbez",
  "name": "DockerSwarmDependencyFailure",
  "note": "z2vprq7o3p47ki1acgm2",
  "group": "9rhnqdjm6ldzhcup2lmw",
  "pushed": "yajj3czsyti4c8otgdhk",
  "region": "us-west2",
  "source": "qfz96tcam88wa4857d8n",
  "status": "pguzru58pyw7qyencbsy",
  "deleted": "geobf76gqofsdkqf1w2i",
  "message": "ziccyutmxuraqegqlzrh",
  "endsAt": "2024-07-12T09:47:32Z",
  "generatorURL": "n99kwq2b8bzms8mv30qt",
  "project": "0fjazq9qtx4czhnvcxfn",
  "service": "ixs0a3bkolazmowc8mlk",
  "assignee": "i7n8mwd5vwufjyaolv9x",
  "endpoint": "w0c68l2t92kr0x1jpwfj",
  "event_id": "aagcyiw9bk8ipm9rhou6",
  "instance": "85.22.155.164:17268",
  "severity": "warning",
  "startsAt": "2024-07-12T09:47:29Z",
  "alertname": "konlthks9hmx5fqlnffs",
  "apiKeyRef": "jm56sv72bftwso97vwvj",
  "container": "09lpracyz0bbv6vs4tde",
  "daemonset": "uywq2horftusdcxrkjzk",
  "dismissed": "2fnc1el0xkj84tw0stpa",
  "namespace": "hulff6x54jvs6jb4jlr6",
  "alert_hash": "haz9h8w2omr55e79bdn1",
  "prometheus": "z30e9zb7wkfy9vju4ieb",
  "providerId": "3c1qy1b4l1cjd3t2o40p",
  "summary": "jb9m3g42c64hwzxz3spp",
  "runbook_url": "421jdjgycudfa28wd975",
  "description": "A failure in a dependent system or service.",
  "environment": "4ip1eu2h8f6s09sswojg",
  "fingerprint": "0tbbdllm",
  "isDuplicate": "bzbcxbkvo2c3zoprvvsr",
  "dismissUntil": "umk805tma2x21hlrah3q",
  "lastReceived": "eufmvutgn6kqseazp4ts",
  "duplicateReason": "36hplliwvq6jlutttul5"
}