{
  "id": "2rw8610k4tcl67h6hto1",
  "env": "staging",
  "job": "vuffsnl33q6hoeq1xp47",
  "pod": "vxemlwgsjeveyuihzkff",
  "url": "y7r07yv0umtqmcosinna",
  "name": "DockerSwarmCPUUsageHigh",
  "note": "4g30le6pun94kcvdk9es",
  "group": "0soraz618q9w357puk9f",
  "pushed": "531e7v693xr5yioay9nv",
  "region": "africa-south1",
  "source": "akpb31mvilzxj5kb1ore",
  "status": "yftxe0u4oxehftqa4yau",
  "deleted": "zkmwhyl5c5esqskcmgca",
  "message": "jz38zclcbg93r9178opq",
  "endsAt": "2024-07-12T08:09:18Z",
  "generatorURL": "f15wi4er8vkeb8evhzgh",
  "project": "j7926thg4am17oockv1c",
  "service": "ociyivwapiz2jus3nbqv",
  "assignee": "kl6wgxai1a45n0rp00k4",
  "endpoint": "vhzd18arf7vfrkkayrjr",
  "event_id": "i9ljb5pc019tveh99slw",
  "instance": "52.31.16.26:59560",
  "severity": "low",
  "startsAt": "2024-07-12T08:05:26Z",
  "alertname": "sqdrz9os5hv3rsp9nuid",
  "apiKeyRef": "ibqjc1k7cq244q5928rl",
  "container": "zzbpvbuix30ydwqtrnu3",
  "daemonset": "48rup53380y7u2h968e3",
  "dismissed": "dh98laefu617av6gdina",
  "namespace": "lrr76ixrfty2zrwphqyf",
  "alert_hash": "egybketwl8g6i7t44ytv",
  "prometheus": "7oa7bzo1ntmke42a22xv",
  "providerId": "hdmvbzvil52dg68o3h5p",
  "summary": "qfvleo0yai4b41f6nh5t",
  "runbook_url": "c6b2bq4odoo3kew5qeo7",
  "description": "The CPU usage has exceeded a defined threshold.",
  "environment": "j0a0trbl8ock2wx7ea2a",
  "fingerprint": "z2ml9rfw",
  "isDuplicate": "fclskqos52aam5bfys5w",
  "dismissUntil": "c6rsuu32jli2olgz0mqg",
  "lastReceived": "mnstnkajwuhgc1uwhfsv",
  "duplicateReason": "clzjm3yfnpzb7z72vzbs"
}