{
  "id": "fjae2ngjly5263y89ry4",
  "env": "sandbox",
  "job": "74ioyjg6flkoyldxvyab",
  "pod": "20fydg37hkzhf2lngqnn",
  "url": "0qjo490dr67ahjpf8zhn",
  "name": "MicrosoftAzureSQLDatabaseAuthenticationFailure",
  "note": "9zihdxwti6fugxhbdjch",
  "group": "woj1wzm7ttk9v71vveje",
  "pushed": "51rxky8797chn57uyx10",
  "region": "us-west3",
  "source": "se9kr9fo3yx3wuguj0tr",
  "status": "xravhpnrhieubm44r8zb",
  "deleted": "3k1rjt6e3d2avl6lzepw",
  "message": "8z1hz1zv8s9xx60mycq1",
  "endsAt": "2024-07-12T08:10:03Z",
  "generatorURL": "upge4simg4ml5puiz2lc",
  "project": "95mjleaqxe1wko3dxzv6",
  "service": "9fe11nl6z4svqprwl572",
  "assignee": "zmnlpz26p43cwithau3y",
  "endpoint": "39jnzo7oauljtgxpxlck",
  "event_id": "33owvuw9hzndsuz2yjvr",
  "instance": "203.220.181.212:36917",
  "severity": "low",
  "startsAt": "2024-07-12T08:01:29Z",
  "alertname": "q9znoxyzwlpdpe0m15ta",
  "apiKeyRef": "p128bqv9j8hjr7332cdt",
  "container": "nctqyiddalt1pqfv19sl",
  "daemonset": "iwqyj6ohhuoze1vaebrm",
  "dismissed": "c0vjyouuu9746auyt6fv",
  "namespace": "zubxihgoxfxuhyuq9ywc",
  "alert_hash": "iq8wnc4dddzs4jbklt7v",
  "prometheus": "5ufe0v4o3nxixwk15ts6",
  "providerId": "498rn4tuxf3ts3ytqroo",
  "summary": "cf2obzfem9f5307btoki",
  "runbook_url": "psi1gyymczey3at17vva",
  "description": "Authentication process has failed.",
  "environment": "82ksnjbwfjpvd0knnt1p",
  "fingerprint": "tgqibbad",
  "isDuplicate": "qztsmllx45a10ycat8e7",
  "dismissUntil": "5fl0z6loddn05cbdcxk0",
  "lastReceived": "28reuvspx8ojedcub0z7",
  "duplicateReason": "f0uchgpo0iofgx0u0vbf"
}