{
  "id": "evecw5zdv9fkdi5f6xq6",
  "env": "production",
  "job": "9kfhcsu83e5l9jfks9kw",
  "pod": "jvqd004lc2d9bqjjhpq1",
  "url": "e9v0da1pppkjck1juoql",
  "name": "AmazonS3ServiceRateLimitExceeded",
  "note": "uhslujnpxiyka10h4jt9",
  "group": "tka48g4126ceu4d1ccgb",
  "pushed": "g58xvg6lkwqjx1itrn1b",
  "region": "australia-southeast2",
  "source": "5l4cud37apba5it716b3",
  "status": "3c69tzvytpwhuiuds3ao",
  "deleted": "3l3cehing2zugqa1gs7e",
  "message": "8e6p37dtz71j1tsax2cv",
  "endsAt": "2024-07-12T08:40:00Z",
  "generatorURL": "tjtqa8ex6lg4kyxytmso",
  "project": "801cxsioakyimt3o04xj",
  "service": "8b58i4x6li9mp5o1oliu",
  "assignee": "h9996ut4jdgmusltpjkc",
  "endpoint": "q12a1p7bgwpyh49na6p1",
  "event_id": "6q0gj7wyd1k36az1d7t5",
  "instance": "78.198.217.88:59545",
  "severity": "low",
  "startsAt": "2024-07-12T08:35:51Z",
  "alertname": "13li3227x69piyraslb2",
  "apiKeyRef": "0blweel7gde3cbsutczs",
  "container": "grjdzus7vf81gkak647h",
  "daemonset": "cr1b0irb095o2vd55wji",
  "dismissed": "kea4vbm9h1aoxxmg76gk",
  "namespace": "vyxlw5zo28eyd84rgoc1",
  "alert_hash": "w9xvqac9d9l1kvvedksy",
  "prometheus": "c1grnoi5zej34ckaekfc",
  "providerId": "ow1dfaqtiqtlllqg5yal",
  "summary": "1ivhbwsiqh9l7gn5oioa",
  "runbook_url": "zs3yjr6qmo8la2cdmzc1",
  "description": "Rate limit for a service has been exceeded.",
  "environment": "60z0uzfuzke5tiiok5e7",
  "fingerprint": "qeg09wlx",
  "isDuplicate": "v0pah1byw9gzim8bycfz",
  "dismissUntil": "b0s45wor71oy0xb4s8ru",
  "lastReceived": "xa85quv177a4mhgegc44",
  "duplicateReason": "jd96g49xhjlko7gmh588"
}