{
  "id": "dl5wbdessdzzock11i3m",
  "env": "backup",
  "job": "tf9f7o417ncmudb5ta7x",
  "pod": "bx0j1bu77nedpj2ty80u",
  "url": "zv7y35rmb90xfy0awj8e",
  "name": "FastlyQueueDepthHigh",
  "note": "nttbp4ilxbo2pbwtwyya",
  "group": "8nbbd5jcs8rs5iry8icr",
  "pushed": "l1gpdkgcvs1ooub6xr7y",
  "region": "europe-west4",
  "source": "80q8ixg6s9wcezpc93r9",
  "status": "2y4k6hf3gokmvfgjqit0",
  "deleted": "a1pxieijvval5iq9c6ul",
  "message": "7rlafoav6vl88zfjivou",
  "endsAt": "2024-07-12T08:31:09Z",
  "generatorURL": "4e1lzsk84jit651jsmba",
  "project": "n94qpg42t2lz90866imk",
  "service": "y7tcncrfjfj75cw9zry4",
  "assignee": "9ubfmr22t5oxpvlhqx01",
  "endpoint": "svpo9qev032jplwfha74",
  "event_id": "7kw77ozulib9rsmeh5bz",
  "instance": "169.231.235.31:5119",
  "severity": "debug",
  "startsAt": "2024-07-12T08:27:30Z",
  "alertname": "vgbx0w88yzmokz2dp7b3",
  "apiKeyRef": "9wfaiebmdi69snbndl20",
  "container": "m2rrlxqh277zmimh23yu",
  "daemonset": "yveizoz83z4mj78vxx8u",
  "dismissed": "yibtarcrs0bezm2u2az7",
  "namespace": "jtw39d7ykpv6is02cjz7",
  "alert_hash": "ixuc7yrvpg2au3q7v6ha",
  "prometheus": "hv4cgfgs62v8uv4ikdux",
  "providerId": "d23e9nnw36ii7j9mceuj",
  "summary": "jvtsiqvl3kcoibewpia4",
  "runbook_url": "7awyr2j000easxhtl6xt",
  "description": "The depth of a queue has exceeded a threshold.",
  "environment": "gj6cym9dcz1ac8yaw5zo",
  "fingerprint": "2cafadcd",
  "isDuplicate": "q6t4kzvua8w379v2x2w9",
  "dismissUntil": "55wx4n3hbbc9zepm4rtn",
  "lastReceived": "kchm2n7wyprva904yrda",
  "duplicateReason": "ies8db3w83wmu5uno477"
}