{
  "id": "rlaqlsx3laihkcrb1c07",
  "env": "pre-production",
  "job": "6coofmuonkohhqagm67b",
  "pod": "gmbietqw9nprqrtg2kyo",
  "url": "pgj70go1sedsqmkdy015",
  "name": "RedHatOpenShiftDataIntegrityError",
  "note": "cs4sai65hz6bcz7x6dts",
  "group": "uyj2y0jj5s0xu6odk7cw",
  "pushed": "jjrgmf2maykwr5tygtsn",
  "region": "asia-northeast3",
  "source": "803inlqhjx632d2t3hcp",
  "status": "w4017t2gijviuuf68jud",
  "deleted": "76aumtrip28vg7cv16h6",
  "message": "4tncgciwfqeh4wsp3itl",
  "endsAt": "2024-07-12T09:54:04Z",
  "generatorURL": "dikzkguaattuvdmhut22",
  "project": "2k57jj43cszw02io5t2k",
  "service": "mjgq2hhtjo9h9ybak24c",
  "assignee": "1i5xd5xrmrdk7uhr96n8",
  "endpoint": "8ueonpig2rkr4eyqil4x",
  "event_id": "3ez8be6u48xd642wevnj",
  "instance": "123.63.28.58:39510",
  "severity": "medium",
  "startsAt": "2024-07-12T09:47:49Z",
  "alertname": "g0y0f29t12lkm0czjyww",
  "apiKeyRef": "u3hcgspuychvzzc6ofqk",
  "container": "yu52ewzm7gdhykvr2tx0",
  "daemonset": "hkr6cpiy8ej2c4tjvzjw",
  "dismissed": "qycvc55wz33877wnpbgz",
  "namespace": "96cw0sbdognysskax9z1",
  "alert_hash": "ocwk7ojowwaqo379n32n",
  "prometheus": "12mqikcdi6msrjjb3syi",
  "providerId": "l5bibjoxewmsdrtn96tp",
  "summary": "aqykj0oqypy1no10mql1",
  "runbook_url": "j8ek3fsdois4b65t4dia",
  "description": "Data integrity check failed.",
  "environment": "p5qrehzadwbo31qmesdk",
  "fingerprint": "3c55uqr7",
  "isDuplicate": "povwlt0e63dus37afulo",
  "dismissUntil": "45259h5zfsu883dmk2df",
  "lastReceived": "vjbga1uiavovnzjhoc9q",
  "duplicateReason": "1xc9mb9wclps6bvm8urb"
}