{
  "id": "4pabvuh7pelkj98fwz9c",
  "env": "backup",
  "job": "nlatvp21z8yuxpcw30t6",
  "pod": "jeae651acwj8hiab8lhd",
  "url": "t993f0y8eom2vs8fy6i6",
  "name": "RubrikResourceExhaustion",
  "note": "5hqydvxs2kgg8p2jdzrb",
  "group": "ba6wofj7632qqrajeskj",
  "pushed": "48c1rwwcyk4covs688bx",
  "region": "us-west4",
  "source": "c7bifa67lah18dnxfud5",
  "status": "grmh0x1vefsp0b25ebgi",
  "deleted": "oegbdwv2480faxgm1z99",
  "message": "6toulgqhcet6kcsg6ojd",
  "endsAt": "2024-07-12T09:43:13Z",
  "generatorURL": "jdim0ksl83b5pnzvm2nn",
  "project": "6lqunw5qkbq1tvvnqmwd",
  "service": "3fyebhn5iw6q4pv03dk7",
  "assignee": "dhm61co8qe91t0eg63q9",
  "endpoint": "yi0lbcrmzl0gsgrysfbc",
  "event_id": "s50vgk9tdqmwbf2s42b5",
  "instance": "106.87.238.247:38774",
  "severity": "low",
  "startsAt": "2024-07-12T09:42:09Z",
  "alertname": "3jtzgwravq82630f9es3",
  "apiKeyRef": "n92axf8l7rtnl0o982xc",
  "container": "kpe4ntdzzixexwo92p5x",
  "daemonset": "21z6374ub0vuo2vqylgx",
  "dismissed": "zntgxcvy32311v6xp8ju",
  "namespace": "hkfl5oblk2rq5obxcp2a",
  "alert_hash": "u4r96jvkcvgo7re3t7e7",
  "prometheus": "dq97q0tfwtsdgc4hc0j7",
  "providerId": "acdexmczpw6rvjywav94",
  "summary": "6ns4hr4rcncxi3e9lgqf",
  "runbook_url": "8gt757lzwhknpjnfy6ru",
  "description": "A system resource is nearly exhausted.",
  "environment": "7t2piteyd84qvi3kc2hf",
  "fingerprint": "nsgxzq84",
  "isDuplicate": "ipkoajpzvxhhp08z009d",
  "dismissUntil": "lgg9dmf2tl5ub4v5k1j0",
  "lastReceived": "43j517v4yd1emkxu6u4b",
  "duplicateReason": "p52ixjdp6rcrhm7z3oq2"
}