{
  "id": "dmirnr84ypt1rqse72t2",
  "env": "demo",
  "job": "akwk01ord9ipsvd4siro",
  "pod": "5empnryx5z15zfwucerc",
  "url": "bb97xuvk0julak29a97h",
  "name": "TanzuKubernetesGridServiceDegraded",
  "note": "5nb163chd7y16lhbj179",
  "group": "3tahqrgryn7qlkbopyot",
  "pushed": "1v1um8nx3dkjxui2k29e",
  "region": "europe-central2",
  "source": "noij4c0zhi3zhf56crd4",
  "status": "6ayjf3lusbeqhbq5h56k",
  "deleted": "fq3xwjtt1mqkjzxjkfg0",
  "message": "6lm6s5h9nwzor4d0e2vg",
  "endsAt": "2024-07-12T08:34:02Z",
  "generatorURL": "89w7uogcwtto55kger3u",
  "project": "vnzpkwjha7p02r6n0fgf",
  "service": "9coxe7h3tkiwt1iy8dt4",
  "assignee": "k3hw9ejb5g7cs606ylxc",
  "endpoint": "6r8rhjdyi9k62n493p7w",
  "event_id": "bhiwu1mdbud3d777f7eq",
  "instance": "123.63.28.58:39510",
  "severity": "info",
  "startsAt": "2024-07-12T08:25:23Z",
  "alertname": "5e4r6ldk72lsdqqsttvm",
  "apiKeyRef": "3vf97rvvkn3qa1tfbnql",
  "container": "1rbwexrfpa3ro44z0bj6",
  "daemonset": "cemjhc3vlsred70g4y5r",
  "dismissed": "gbhtxo63qss6739c5yul",
  "namespace": "i5sdnflfgh00ukz1h6i2",
  "alert_hash": "yq5wngwhsmyn14lcuaj8",
  "prometheus": "18ny4umrrs3zi3ttub24",
  "providerId": "a2vfeaza76xya8p1jhre",
  "summary": "zb1gyh4336e7eplb858x",
  "runbook_url": "7gcl9zz695kam41rnfu5",
  "description": "A service is running but its performance is degraded.",
  "environment": "54z5wbd4ro1cz7r94ele",
  "fingerprint": "0ck67396",
  "isDuplicate": "grdtx462gebpbgwi9z5d",
  "dismissUntil": "icfwcn1if56xv54d7sr5",
  "lastReceived": "7ou2i650r67jk39vu2py",
  "duplicateReason": "f1me4148n9h0f0buhssg"
}