{
  "id": "qhgnv7ji08t37d7xlabv",
  "env": "qa",
  "job": "u0t2onmpboysdogc5ylw",
  "pod": "gid052w3bndok2p2find",
  "url": "5i3mtaetkz7qjjw8ib37",
  "name": "MicrosoftAzureBlobStorageServiceRateLimitExceeded",
  "note": "5dmce13mla3svjj9e96s",
  "group": "bgfua9g1az4mwqeqkev9",
  "pushed": "civy2u00zp6jj6ql2m0m",
  "region": "asia-southeast2",
  "source": "rw6ldte7h6pt5cfai22p",
  "status": "a91r8591cy4teycq6jy4",
  "deleted": "o8pe80nrgk9ur7ut0ooj",
  "message": "h9dxj5c5n5jxumrqbmga",
  "endsAt": "2024-07-12T09:48:32Z",
  "generatorURL": "fgnvw7witf08fj35oz65",
  "project": "w6k70g4m86fovgm6lyph",
  "service": "37qesnpju3673jcdyo37",
  "assignee": "y9h292d8uh19a9lcgx6a",
  "endpoint": "0e9xuhdxjmntpird9alq",
  "event_id": "0o149tdewqqbkzmwohms",
  "instance": "78.198.217.88:59545",
  "severity": "info",
  "startsAt": "2024-07-12T09:46:37Z",
  "alertname": "93is11f4si7tz98rf18n",
  "apiKeyRef": "4kklnoz3p0nhovi4hwgb",
  "container": "cia9bfo2pahveqr6wlsi",
  "daemonset": "ep3vjrbri2jbv2l9ubqn",
  "dismissed": "97p0km8x5tfnnj1gg0qh",
  "namespace": "djyzjiysp0xowrmr4erk",
  "alert_hash": "swjxx693wn9dz5o2h7ba",
  "prometheus": "l3bh2jnfl9kmsovjosat",
  "providerId": "gp27jl00x8o4f30yhopm",
  "summary": "icgtcv3x1yaj4xn0wp1l",
  "runbook_url": "e585kdefhgo69bn9idff",
  "description": "Rate limit for a service has been exceeded.",
  "environment": "3rougp8jfpzvxxm6htk1",
  "fingerprint": "tgqibbad",
  "isDuplicate": "5hf0kjluk6ey1572529a",
  "dismissUntil": "5u9udspgq6uup0lgtmfj",
  "lastReceived": "rmsuqobqyzr79re0mosd",
  "duplicateReason": "ia9d9nojsekmrqgvjj3n"
}