{
  "id": "aq0p8wtsk50aufhednpc",
  "env": "integration",
  "job": "ync7sggh9nlf9ho8mvv0",
  "pod": "ym6y9n92v7yjeeks08ge",
  "url": "s77jp431h1t8y1nc7kp3",
  "name": "GoogleCloudSpannerUnauthorizedAccess",
  "note": "4viufxvf32c1qs91l7d4",
  "group": "cjwgu58dewj7j935skd6",
  "pushed": "hbh4e0ggzit8r7rud28n",
  "region": "europe-north1",
  "source": "8t664bybsn48m4el628i",
  "status": "qdkr8hawulaj7jliq8ac",
  "deleted": "9u8bkzouio1bl5il5wjq",
  "message": "l14yreqh8ej8dybjm2gx",
  "endsAt": "2024-07-12T08:22:04Z",
  "generatorURL": "znvgca6wxuefay39qxlg",
  "project": "sr6n98i3xne0464wxhyw",
  "service": "26lfos33y8rbasl9ay2j",
  "assignee": "tlouecoky2jigvzbn706",
  "endpoint": "jhp3s41eaeqnnyomotu3",
  "event_id": "gfgacssf2m07epysrvsd",
  "instance": "133.179.204.82:29554",
  "severity": "info",
  "startsAt": "2024-07-12T08:17:13Z",
  "alertname": "qlta4r2q6z5179x04ks2",
  "apiKeyRef": "asiw7ts4c0sr5urnnedc",
  "container": "4m1ryj4e0tfx01c9unkh",
  "daemonset": "hl698bzo3mjc4ph1aorl",
  "dismissed": "glyodhs6nobk85wwb8yu",
  "namespace": "izbl4kdmxzhpxd4snutq",
  "alert_hash": "c7dckkzf5wk8zdc95151",
  "prometheus": "nf2fhilxjir158vkmm93",
  "providerId": "j9gnc7hn9i6gjhg6xn45",
  "summary": "nm3zzk8xs45675jp7jlo",
  "runbook_url": "shzqgia44hgj8q7lftqe",
  "description": "Unauthorized access attempt detected.",
  "environment": "ux06oq2k6uum2nhvb9zv",
  "fingerprint": "v9crkgp8",
  "isDuplicate": "vu6k9v6ihkv4usf4o2xc",
  "dismissUntil": "3c5ax6478hc2rllw13sq",
  "lastReceived": "mb889o33510o5qnxm6vm",
  "duplicateReason": "krqn3zd9s5dvkkes1ncx"
}