{
  "id": "wrtybuafnqiu15b16znb",
  "env": "production",
  "job": "qq3xe0oea7u7h8rf3s8m",
  "pod": "4g7pt8b1ttcfb8zsodvf",
  "url": "lum6f6fgvli49ibjl3ja",
  "name": "PortainerNetworkCongestion",
  "note": "y71v1tic5y9rytyuidel",
  "group": "3noavkvzrp3o2ptizlbi",
  "pushed": "aid7twj1p5pcab83d4go",
  "region": "us-east4",
  "source": "k6c33z8shtzrzd01bnj8",
  "status": "6citkk683vactlsu1mg6",
  "deleted": "72jp9fyfq18bx5fthnhs",
  "message": "0y1x6h55tnx24laa2h1j",
  "endsAt": "2024-07-12T09:55:04Z",
  "generatorURL": "0upfeuezo1b0jybn6dht",
  "project": "8tprepr7g2xr726jsgbn",
  "service": "lgom5yva7liun67qhv5d",
  "assignee": "fy8tth8hm1z7joaaz8fs",
  "endpoint": "gxeg5zl2ank1nxj6zmcv",
  "event_id": "ohanmhsqe1q3op2vclji",
  "instance": "239.102.139.236:16863",
  "severity": "debug",
  "startsAt": "2024-07-12T09:46:55Z",
  "alertname": "4x2852dj4ehcg6us8p1v",
  "apiKeyRef": "qwyvgau1sra77x38vbzi",
  "container": "i6j2npxtk92bzxtdt2mn",
  "daemonset": "housp4dlmnz13xp8jhwn",
  "dismissed": "tpliqt0r7wv2da4rs4v0",
  "namespace": "pzizx4bypf49bp1rkpzc",
  "alert_hash": "e7unwx6be6hwncux6d5o",
  "prometheus": "n0z6h69paiu7wzq58n54",
  "providerId": "3iytrt272insfnpmzdxp",
  "summary": "0u3v6kkv3n35vpfua1sa",
  "runbook_url": "pbedkeucqi7euf638l57",
  "description": "Network is experiencing congestion.",
  "environment": "aqzfy8xstl6ez0558lpl",
  "fingerprint": "b4savbly",
  "isDuplicate": "lg2zfig2trlzfz80oqxh",
  "dismissUntil": "b427xsacbay522a2yl7e",
  "lastReceived": "yle9dxwmzklht9p29s77",
  "duplicateReason": "4ha1gofconz1jj09iahi"
}