{
  "id": "2u16812x0zue3xhpk36n",
  "env": "backup",
  "job": "qdrquyrhqh4fe3cu8wqd",
  "pod": "ahhyp5031vxulhon1vy6",
  "url": "tmkup9cjzuwf70aoesjr",
  "name": "RubrikFileSystemCorruption",
  "note": "atnvw6pjhgw9dxlatax9",
  "group": "el5bfd8zod3b8thkrd9e",
  "pushed": "s3g7slxr4e6n0uf5y6r1",
  "region": "asia-northeast1",
  "source": "sw6e3ext1rj39u42qfd2",
  "status": "d5wt6kx83gr07i626yo4",
  "deleted": "hkt3azlu4eoe6nhb7m2b",
  "message": "rd7moact1ib4xlglhzw8",
  "endsAt": "2024-07-12T08:13:53Z",
  "generatorURL": "ibidyqqilkq1mrmtnj3y",
  "project": "53uips9qb0ahcsofy6y8",
  "service": "0qta7dsby4bws58povx2",
  "assignee": "nujrqn1g3c1lo5dto7dz",
  "endpoint": "qeyezlkydpzyiisg5xl7",
  "event_id": "9flosctw5p314lick94j",
  "instance": "144.169.241.66:34704",
  "severity": "low",
  "startsAt": "2024-07-12T08:05:37Z",
  "alertname": "7sirkjuq4py4m3dxvn1g",
  "apiKeyRef": "rf9s9slhc9v49a150m3w",
  "container": "sw68pmgrj1hz479l0b7f",
  "daemonset": "amzekm3iijl96m6rorwv",
  "dismissed": "x0vap5qm57kllowvpkll",
  "namespace": "tac91cubc6g1uy73uboq",
  "alert_hash": "sobdgbo5einuc36flomd",
  "prometheus": "6l51e6o1s12dg5qw5w5c",
  "providerId": "j133n75dtvp4abpr54ae",
  "summary": "ephuh5ztbnnlk3x2qr9p",
  "runbook_url": "wcz2s34vn6gbzxto4u1k",
  "description": "File system corruption detected.",
  "environment": "2c5g167f0cgv2k8e7mt9",
  "fingerprint": "drb5vqwk",
  "isDuplicate": "qgmbpvsb2d9rl3p6bon3",
  "dismissUntil": "bstijts2eyigvjjuo53a",
  "lastReceived": "3nvylv6ffweckam354le",
  "duplicateReason": "ep2wkhyv1hngcufab60j"
}