{
  "id": "dv8v2k8p50gsy8ut8hns",
  "env": "integration",
  "job": "dimt9d61z7b5f3ltcqae",
  "pod": "fclhhbra8ur7mu9xbtzv",
  "url": "0296n1qr06g9cfv1loet",
  "name": "TanzuKubernetesGridProcessCrash",
  "note": "748viru57ge3qir3mneh",
  "group": "3xrdxswjvh9zvxakwwb4",
  "pushed": "6oh8nfbf5tlixwseqdpd",
  "region": "asia-east2",
  "source": "lds0s8i7pxcqubjuj390",
  "status": "pxe0o5dp0tzeho382hjs",
  "deleted": "jaxkcv5xktz4zpp5cv2q",
  "message": "lsmgu95k19cqsjh6cwi4",
  "endsAt": "2024-07-12T08:33:34Z",
  "generatorURL": "w80absim6dywpjhd2uva",
  "project": "619c0k3lwgqt2medzg6t",
  "service": "moe0mcsykbsrdnijb4bu",
  "assignee": "6eisnhwwbixd9bcsb35b",
  "endpoint": "ke4l1nmk6sll5aqmqiew",
  "event_id": "j6hpg3xihu934amjrx7j",
  "instance": "246.246.60.160:42570",
  "severity": "info",
  "startsAt": "2024-07-12T08:26:27Z",
  "alertname": "7nm3t3hzt5jdq79c56kp",
  "apiKeyRef": "gilrcn6c1vldavvp8ib6",
  "container": "dlbjquia8umbpfax51v4",
  "daemonset": "vmr6vppjzgr04sunt7jn",
  "dismissed": "rxhe8qa2c75tzqans9yj",
  "namespace": "n7hotvpkalfk0d3a3vct",
  "alert_hash": "18xhork1zo34zefzuqub",
  "prometheus": "xbqof4ixwfj6n7kpew23",
  "providerId": "wh3sc1nt7t3uvei6u0bt",
  "summary": "1pbxn0ozw2rvubjui8rh",
  "runbook_url": "4tmtn13rnz8n07qb19vn",
  "description": "A critical process has crashed.",
  "environment": "fj2h0blv7s0t5wwm176l",
  "fingerprint": "9jg9vnh0",
  "isDuplicate": "42f4m82tkcz5muf3wzzs",
  "dismissUntil": "erwx9umif16pxl3m8926",
  "lastReceived": "q5c729it319lbk5l02dv",
  "duplicateReason": "cf4hq4usspjwqpry288b"
}