{
  "id": "wc7a90qiaajy87kyw2vd",
  "env": "development",
  "job": "vv4tboz7ry208word3ni",
  "pod": "8qdmmnqlvm208y6lp7dr",
  "url": "w563kf8y0h32o2neexbk",
  "name": "PrometheusSecurityBreach",
  "note": "pxsucoz2mnpuo4vahmq5",
  "group": "srba2osd88jgt5wh8gom",
  "pushed": "eeau7fqjpoysdnl6bjdf",
  "region": "asia-east1",
  "source": "odfcbbttq07dukxuentd",
  "status": "hwjzp40jlm8f1c1yrpgu",
  "deleted": "hib4u1bcs4024xbu0a86",
  "message": "k8j33exh2gry202gldsd",
  "endsAt": "2024-07-12T08:58:12Z",
  "generatorURL": "u22ha8uo9npurfpf4k6p",
  "project": "g31g852l3uiolry3dxye",
  "service": "6ftv8q1sxiwmqdp8wnyi",
  "assignee": "mopuizqbfpps9ikkt3bt",
  "endpoint": "sj85ioljnc4aueliw32m",
  "event_id": "s26cmjfavefbrgyuaqw1",
  "instance": "122.237.172.41:32811",
  "severity": "low",
  "startsAt": "2024-07-12T08:50:56Z",
  "alertname": "svrcegqhxvna50x30aig",
  "apiKeyRef": "as6a944x5rucn4vc9kiw",
  "container": "bo9fl3snrws8fk5r904l",
  "daemonset": "l2erghe9plyjuw2dx0c8",
  "dismissed": "hl0nn83hvxgv0wyh0335",
  "namespace": "vd491s69n20pccuwiaww",
  "alert_hash": "1d7cyfre25p80frknvzv",
  "prometheus": "4rkffiujk2evptzoainv",
  "providerId": "qzxc53pmldbi2f3cmwf1",
  "summary": "c6bho1yspk2dp8xckkxv",
  "runbook_url": "yafw8nrhtmmjz6rmdofz",
  "description": "A potential security breach has been detected.",
  "environment": "59icfwcbyw6a5nhyzmkr",
  "fingerprint": "eil0h2tx",
  "isDuplicate": "sstosooaw8lt3esih6lv",
  "dismissUntil": "o1ed5nmafomztl2ch9zh",
  "lastReceived": "rq6jigtfkytgj9b2k6hk",
  "duplicateReason": "dz2i0y4f17axgbdflcca"
}