{
  "id": "f5wa7708l639a09gwc3m",
  "env": "pre-production",
  "job": "dy4klaf8w57ai3xj6idc",
  "pod": "h3j407q9dzuaw8go54e3",
  "url": "arhdyd6s6gfky5nch01x",
  "name": "KubernetesHighErrorRate",
  "note": "q52b9h400i0jmbeoeuqk",
  "group": "589ht4c6v1urlbglrg1c",
  "pushed": "lhgcwfvu4yvve8gm03n1",
  "region": "asia-northeast2",
  "source": "crwavo3gdtq2fvxvgble",
  "status": "yy4bnnav3bnh2kesssdk",
  "deleted": "05wevm57l2431s6703w4",
  "message": "vqx4ar7ed8ci533p3olw",
  "endsAt": "2024-07-12T09:25:35Z",
  "generatorURL": "c15onl16cdzv1bopzsuf",
  "project": "b6oshrt04ij4zp5s5d2l",
  "service": "g655sy4hb5mmqidrz4fe",
  "assignee": "ca5iyfl9q4pytaj319gl",
  "endpoint": "awmoh85oda78vx5bdz6w",
  "event_id": "ayw0w2fce1388hsmzvn6",
  "instance": "246.246.60.160:42570",
  "severity": "medium",
  "startsAt": "2024-07-12T09:24:47Z",
  "alertname": "s3po876vwdor5o35hd9v",
  "apiKeyRef": "0wk6vrsr7lmkcs8znk6l",
  "container": "f26zm8zcxxwedxc947zc",
  "daemonset": "qdms3c42ma62mjw0s24r",
  "dismissed": "op9m1k3hc7st51mzvyt3",
  "namespace": "5kgp3gxb9vzu6eg36t8h",
  "alert_hash": "n4vtz3cwxhvzx6ee4hnn",
  "prometheus": "1gma1bctd12i6d5zhq5z",
  "providerId": "7yuql6slp7fdz70hyxiy",
  "summary": "ghtxmnf5fexx4qifiq5t",
  "runbook_url": "jwwq6x8f5n99oxspjhs8",
  "description": "High error rate detected in application logs.",
  "environment": "de7zseroqyyd1ej1rc11",
  "fingerprint": "z2ml9rfw",
  "isDuplicate": "u9t6ac6jgjcw6xvpg4y0",
  "dismissUntil": "jps23unajkp88kroyzfc",
  "lastReceived": "2nwzbm5zq0hpi28b0tud",
  "duplicateReason": "luof2voha99xetdrlye4"
}