{
  "id": "zgb015jtdh0kavy41n4c",
  "env": "testing",
  "job": "dz3cblh94a4g8fjec1c9",
  "pod": "clclb6hlcrdf6tiei3l9",
  "url": "el6pepk8u39g8b5uh4xd",
  "name": "TableauProcessCrash",
  "note": "g93pvndho9dgnqnr6aas",
  "group": "o7061alpbn6mzlketyye",
  "pushed": "si25t386t8zwmku9t1di",
  "region": "asia-east1",
  "source": "4jauan0nlxdsmab5dqsf",
  "status": "qt90ify9ai61d7lteoly",
  "deleted": "11pf6183emxhrh1rujry",
  "message": "aj7s3ogb4q68tlozo2wf",
  "endsAt": "2024-07-12T09:21:02Z",
  "generatorURL": "sanzzyrbr6fz50k4z8vx",
  "project": "qrjrb8m9xrwsmn6bqz4x",
  "service": "g9attgez672a95lut8mv",
  "assignee": "qpdo4t1i86jst2vijozd",
  "endpoint": "woneh7nche8ne6nbha6e",
  "event_id": "tixs2ygai50u3o81lenq",
  "instance": "1.169.226.207:55692",
  "severity": "high",
  "startsAt": "2024-07-12T09:12:54Z",
  "alertname": "6aqenby6yfio4d4b9jlf",
  "apiKeyRef": "955zzl6o4a307aj129nb",
  "container": "yze20wa8f6qnhuhqt16x",
  "daemonset": "ixr1dhl2a6kiu5vxbur4",
  "dismissed": "cox18hcjpcuvyvctxfxw",
  "namespace": "fn80ltyno0jt39gkk1m2",
  "alert_hash": "tvwkyy8m6yhpjk0flrlj",
  "prometheus": "j2snkdpckum4bbnpigmt",
  "providerId": "8498a8l600x27w46jpwn",
  "summary": "1djmibccwke2sh5xq5j3",
  "runbook_url": "zno127jha84vkrimyaxr",
  "description": "A critical process has crashed.",
  "environment": "nau4p4py0ikpk98ohh5z",
  "fingerprint": "08rreg0p",
  "isDuplicate": "wvaldfnpoksb7y91ndj0",
  "dismissUntil": "cja4bvfy5hsm1itkjbz8",
  "lastReceived": "jfphh49ea2s1tdcsa095",
  "duplicateReason": "2pt0ov70zxs4egyltf4n"
}