{
  "id": "l9v6xqwg4xd5bcae09pp",
  "env": "testing",
  "job": "elv4fuc8taglhnekoi56",
  "pod": "s99fvcse71r8mm3h823i",
  "url": "7cbzkkqdw64yxfelhvsl",
  "name": "SplunkServiceMemoryLeak",
  "note": "3ts7h5m1by307mxgnddv",
  "group": "32dod4xfnh3of8h2drea",
  "pushed": "u3dtue2gpzwn43xb7gqo",
  "region": "asia-northeast2",
  "source": "mwtpd5ce0msuqqlwn4qi",
  "status": "ev4g0y8ohhgvfz0mcw2j",
  "deleted": "p9t5rsu6fw51edsv18u7",
  "message": "vopj48lgmaph8zhwhpi0",
  "endsAt": "2024-07-12T09:12:03Z",
  "generatorURL": "g3176webzw3zeuummmh3",
  "project": "qt667xuovm4hrlneljgq",
  "service": "7inz5e9txyn41zot16a5",
  "assignee": "efhbgvvcrwh79vxewbfk",
  "endpoint": "1cb0syth21ap71ss0jou",
  "event_id": "f0fekw0dicvymsoaywob",
  "instance": "240.83.87.126:21420",
  "severity": "high",
  "startsAt": "2024-07-12T09:06:20Z",
  "alertname": "zd53lfosoqnfq6u111uf",
  "apiKeyRef": "tbrvz1sj5doo57ohfndk",
  "container": "fb3eubmhwct8z5b45m7z",
  "daemonset": "gwzqhtul3vlgg8u2l47b",
  "dismissed": "vs89g8rfbwb8xckmftzs",
  "namespace": "sofokz3928a2wgcgh3ku",
  "alert_hash": "qbp7nh09bmgl6i5l5qkq",
  "prometheus": "yn92bml0yc3jgd04bgha",
  "providerId": "pgczrv0ox7yrj13b4oci",
  "summary": "wi7nz7ciw933pgj2keu8",
  "runbook_url": "mgdh9bs0t48tx4l5jbim",
  "description": "A service is experiencing a memory leak.",
  "environment": "p9nnl8h0zs96xyzcqvck",
  "fingerprint": "hrrghwks",
  "isDuplicate": "7af3e3rl1g9urlqpqjzu",
  "dismissUntil": "8tsv7xlshimo20a1epsq",
  "lastReceived": "rbu9jq0i36nv1akxmb0g",
  "duplicateReason": "6vadp0vmsncmm7btk0hs"
}