{
  "id": "wvm2w35f81ad2j8gbc1m",
  "env": "production",
  "job": "n8avb5wnprje39mxc1jz",
  "pod": "fdfimw1mozb9ygz2kofr",
  "url": "vyhrvuijgkj32qf88uo4",
  "name": "GoogleBigQueryApplicationError",
  "note": "yow8vhhyx00f0boh5abn",
  "group": "0vwtyprh5bgwiaxdku9u",
  "pushed": "wh3n7ougcpvkovv4r5bu",
  "region": "asia-east1",
  "source": "lp6utd3qcbfo0lyaw1sa",
  "status": "wyw9gix81g4c0i58csix",
  "deleted": "9q5uga0b1rxc9zqs6vtd",
  "message": "ny6hrqhix5h2tf55qde8",
  "endsAt": "2024-07-12T08:55:51Z",
  "generatorURL": "6far1yx02njxov82b7vv",
  "project": "rjk8pdyh99bxc0tlpqsx",
  "service": "tzcnms5d2gh60gcxa5gl",
  "assignee": "88q380fnhlxjjoc0j8xa",
  "endpoint": "89c4kcmqlubqcq9m7rnp",
  "event_id": "7lmu5ig780wtfup5uibm",
  "instance": "123.63.28.58:39510",
  "severity": "low",
  "startsAt": "2024-07-12T08:48:52Z",
  "alertname": "lyclj0lgcqwjewmb2fee",
  "apiKeyRef": "wjv839kkldji1jxqk46y",
  "container": "jj0ydj5tfy57vnqmbtrf",
  "daemonset": "4eg5nror9e5zzrxksv94",
  "dismissed": "yuba6hf0cz45u321gsip",
  "namespace": "rym887e1w40e3x49nohi",
  "alert_hash": "wex46i3umv17yj3mxi7k",
  "prometheus": "f1fsru0w2v3x9zxp4dlg",
  "providerId": "xbmogqxr2d0zd78cq7ue",
  "summary": "2xxytsni91r1150olfqb",
  "runbook_url": "1w6kcws7fqduqxigo4cf",
  "description": "An application error has occurred.",
  "environment": "nh9wp25vm624562ihddd",
  "fingerprint": "eryog6pw",
  "isDuplicate": "ugiy04ypghixzzm7t3ky",
  "dismissUntil": "x3ojrykngzvtiakosfj3",
  "lastReceived": "1i7saheuzg5qdutr0z05",
  "duplicateReason": "hnld6kd1epd1igeln99s"
}