{
  "id": "s2h297luet1kowxhrp1k",
  "env": "demo",
  "job": "1pewj6m1dhzm1vrnug4c",
  "pod": "p8wjlct997vvbhoavvnk",
  "url": "k48yzzv4en42se4xodh1",
  "name": "LastPassDataIntegrityError",
  "note": "knlu0muh1vwzslr49x9q",
  "group": "mhfpam7nhottx74nis5j",
  "pushed": "lek9d634tflzjm4npqeo",
  "region": "asia-south2",
  "source": "xyz1ttlp61wnpaul1q16",
  "status": "gg3ixmlu13ac88mv7nqv",
  "deleted": "h546gaerbjhm6adladgk",
  "message": "0afdsdio07b8xwnpx5yy",
  "endsAt": "2024-07-12T09:27:02Z",
  "generatorURL": "okpe2oushz194apf7g7k",
  "project": "82zv58wz8el2lfh4mj3s",
  "service": "ofe96odlje1qsnvzyf00",
  "assignee": "ezxjlv6ofuytf1gtn907",
  "endpoint": "kdv372z5dk88f4on3iyg",
  "event_id": "96louavs75oeqjtgz219",
  "instance": "54.32.112.227:18293",
  "severity": "low",
  "startsAt": "2024-07-12T09:21:53Z",
  "alertname": "hg7hu9pbi816ccm3u4uh",
  "apiKeyRef": "9tozvks4d660cz90e502",
  "container": "qdxn01j51moyu98366sk",
  "daemonset": "i4fnhhy1vgzkft6vcg7i",
  "dismissed": "6g6cvfnzvl4q4xvr5bm5",
  "namespace": "b0eh5d0iwhpuc7vvlcfs",
  "alert_hash": "mhd1p56q12e4vvfc2ugy",
  "prometheus": "ok52xcvgd26s7anm9q0c",
  "providerId": "shnf78bsvbmq6j3b5vkc",
  "summary": "zxpwdl95u2xfjlucg7fe",
  "runbook_url": "3ng2pids8tioys39i9xb",
  "description": "Data integrity check failed.",
  "environment": "er8csps20nsryqxpzteb",
  "fingerprint": "6p40lshb",
  "isDuplicate": "kyv7n21aik7fyiy7wi0f",
  "dismissUntil": "u6u8qh4x44f7dwnziqld",
  "lastReceived": "sdrk7kq7l8zimub7k5wl",
  "duplicateReason": "t26cegp6ehgqknc4psli"
}