{
  "id": "kz071dt0ls51t3n425hh",
  "env": "testing",
  "job": "4yfjllk5xbda6uoa9e8f",
  "pod": "2rm6hysk1h631xkyf8s4",
  "url": "3et6bt91ks2ug3u3mbun",
  "name": "DatadogHardwareOverheating",
  "note": "6j9tnku0yu316nt8w2h3",
  "group": "92aiuw6beoe83ruomt0k",
  "pushed": "gbpypaspm8xlvepl3a9g",
  "region": "europe-west6",
  "source": "kci2blnla1t03t5izsfi",
  "status": "ngpr0j4xu7okb0m0pxsa",
  "deleted": "177xl7ovezwcoi2kfsbk",
  "message": "zyt1q0xugjxvjwj4zd46",
  "endsAt": "2024-07-12T09:49:19Z",
  "generatorURL": "nun4xbwqygt69ju0b87s",
  "project": "572lrfltynsl7qhynew8",
  "service": "16abhpeu09qlmw8t7zfb",
  "assignee": "qp6e4k4w6jdfv6j2l9nd",
  "endpoint": "508o3ni99mmpiq2e2r56",
  "event_id": "0tfdpsqkjrb3cf9rzmn9",
  "instance": "54.32.112.227:18293",
  "severity": "debug",
  "startsAt": "2024-07-12T09:43:53Z",
  "alertname": "qm73muo42krv4c3s24io",
  "apiKeyRef": "v6kmdv8syc1c5klhi0sx",
  "container": "h9czzdwpkry1zkuhtfqu",
  "daemonset": "vhrtztr8ec5yvr5x0oz2",
  "dismissed": "wp6ikyhiqzbrz7bxrnrb",
  "namespace": "wbrk5j0bh4aaukhgz9q8",
  "alert_hash": "453mwaz5bent5bfhsjj6",
  "prometheus": "vgi78danv04ukxiwqpu4",
  "providerId": "uqrb3dfuoi878k9s1v87",
  "summary": "e4e7t9swyog2f4p1qjaj",
  "runbook_url": "3rg3bfg1wmkram1o42gj",
  "description": "Hardware component is overheating.",
  "environment": "1ehbympaacdryi4tkffi",
  "fingerprint": "9xu63d2c",
  "isDuplicate": "sumk00p9a36getz1xwab",
  "dismissUntil": "jzir5dkuhapbaxbh23ny",
  "lastReceived": "gdr0z99b58my5q2anms2",
  "duplicateReason": "j3cblzgovbqvop3hs6b1"
}