{
  "id": "hiekuch7p8kqd78glhgw",
  "env": "sandbox",
  "job": "1wckaqd1fasiv79r9huo",
  "pod": "7ns0ej8921nst1z520sw",
  "url": "fmrxr5zs8qa3ebyuvp9z",
  "name": "DockerSwarmCertificateExpiry",
  "note": "y2ssjqzp8v9d9i09visn",
  "group": "rzxx1u3cgph73r6ebhra",
  "pushed": "t6c3owv7nsp83kimlny6",
  "region": "us-east4",
  "source": "258g3k2gssfane63z6f6",
  "status": "lmw0u8pu6nj1svy4slhr",
  "deleted": "1azj01j3mhiiokxkg667",
  "message": "llqt8dtix0zatgtcj4ja",
  "endsAt": "2024-07-12T09:05:30Z",
  "generatorURL": "w7fshv4lkybgviyzy4eh",
  "project": "d39g6esrro290zumxrpd",
  "service": "101gyii7edh88obueuq6",
  "assignee": "vtmp366842m79mb603xm",
  "endpoint": "e0axe9y4vswvfvb80jt6",
  "event_id": "rpojvqbw3w8jmgp9moos",
  "instance": "121.210.44.216:32341",
  "severity": "debug",
  "startsAt": "2024-07-12T09:05:25Z",
  "alertname": "8sw9m9tnom8a4x9yielu",
  "apiKeyRef": "1k2e5y6exhijjudk9p5c",
  "container": "l3fwg6u661f8d1xmgkyj",
  "daemonset": "dz2p1xpif45381v435tc",
  "dismissed": "jv3bsef726n69rph3d1u",
  "namespace": "tx481qwr5or3huo0ed24",
  "alert_hash": "inmpk1ztdnecwfk1e4ad",
  "prometheus": "slcgz7r8ed52kqu5eovj",
  "providerId": "so47ipa1shiz8u709lp1",
  "summary": "82s2mbhsy7utpreua4xr",
  "runbook_url": "e26osifk8j85m7mmm8f0",
  "description": "A security certificate is about to expire.",
  "environment": "1h0gdnh5djzhn6d2d7ko",
  "fingerprint": "lee2e2i7",
  "isDuplicate": "gw2daahoc9kasjxyge0w",
  "dismissUntil": "asrszudt54dcwgojrt3h",
  "lastReceived": "ahifsmb1z4111nac6fr2",
  "duplicateReason": "xv1fcwl9ohjbbi4cmntk"
}