{
  "id": "efwxcrvbljtkg4vmxg88",
  "env": "pre-production",
  "job": "zkke4a6qzvykjey339x7",
  "pod": "xorrqutwycir9s2fqgu3",
  "url": "brk6q5xmrqpe7j3e7gh7",
  "name": "GoogleIdentityPlatformResourceExhaustion",
  "note": "rsga0kp4ksi0x1m4sbgx",
  "group": "e6n8djqfq4am9cdvhylv",
  "pushed": "p0xgg7l33fkd8bz6u1yq",
  "region": "asia-northeast2",
  "source": "j4x0f2jlacnfsky5crrh",
  "status": "p5w73qxwren4w595uvmz",
  "deleted": "oavjhukdi8d606m7m3lh",
  "message": "ddhc0j2io7yr59f3dkzo",
  "endsAt": "2024-07-12T08:44:52Z",
  "generatorURL": "ayyqqp5h1vcmb6vxv285",
  "project": "pk2rizjbmqpavbn1q2b2",
  "service": "0nji95zykf7u0215433i",
  "assignee": "nrzrk5a6u3s3fj59aspq",
  "endpoint": "fx0k6xtifgwn9iysv9v0",
  "event_id": "yqn9bivct3ng0g3gaga7",
  "instance": "119.104.134.245:24340",
  "severity": "info",
  "startsAt": "2024-07-12T08:38:22Z",
  "alertname": "c7hynh4i8ak3y43cv6mw",
  "apiKeyRef": "fqub3c4g6kjlp2j8k94b",
  "container": "tan6ufvke7ynre1ozmgd",
  "daemonset": "1g9bhv58kt92moyh5cg9",
  "dismissed": "1opsdoh01qitb0yyvn9d",
  "namespace": "e0thmggzddwx2a3cse4w",
  "alert_hash": "n1tg04nig8dctvkwn198",
  "prometheus": "d1fmwprv3v4pccn73rf6",
  "providerId": "0u2g5777oiig021ws9ay",
  "summary": "kv9yjfm0o8kw7f7obvza",
  "runbook_url": "a1dqk4t1d27qkqgir503",
  "description": "A system resource is nearly exhausted.",
  "environment": "zrl0yp6nepl35riotnc9",
  "fingerprint": "slg3py78",
  "isDuplicate": "dfl22kah8xx9q947z2ru",
  "dismissUntil": "gjeuefws33w215r09e9m",
  "lastReceived": "ib1a9pjbkgefx06j1vla",
  "duplicateReason": "970ehjkgiyzr6nrdbyhv"
}