{
  "id": "xuitibykm9qz32z9khyk",
  "env": "staging",
  "job": "d4oe8zr66g5ourt5z9js",
  "pod": "336vpzjinhd3f365s1qz",
  "url": "8y6ve1x1w23mti5az91j",
  "name": "BackblazeAuthenticationFailure",
  "note": "5deykp4avepvbct9hsna",
  "group": "c5m1wmtu32vs64fmngww",
  "pushed": "p2q7x23yjra1uskgvlym",
  "region": "us-east1",
  "source": "ogjfwk4soi4e43akfbne",
  "status": "r217eieh03r7ixadsx8q",
  "deleted": "gck6i4eyfdq6lm25lo6i",
  "message": "qrvyndwhf0ielqp3vwp9",
  "endsAt": "2024-07-12T08:26:50Z",
  "generatorURL": "zayedy9p4vjnp7iptx6h",
  "project": "c3nufdtb9bcxa6eh7cfs",
  "service": "3yzar8vj3zq5j6cq6nh4",
  "assignee": "h03dwivi28iy2b6kjhgl",
  "endpoint": "803ify2ejaly4pfprzrq",
  "event_id": "pzcbyf4oxl8qvrygs2wc",
  "instance": "253.43.16.127:33243",
  "severity": "medium",
  "startsAt": "2024-07-12T08:19:28Z",
  "alertname": "gw81ojlc2edrkdu4wdw3",
  "apiKeyRef": "pjwutcw8vq19jx7fql60",
  "container": "b32l7hp6xwvrg01x7md2",
  "daemonset": "3c0yks5txcamwk6s0keb",
  "dismissed": "k9p33uf2hm3mke6jdycb",
  "namespace": "cdw5fr52uk8j8b7s33s5",
  "alert_hash": "89gnx6igzfeuneo0makz",
  "prometheus": "ua6n2z65q0eq8demmq0t",
  "providerId": "tczqlgr2xme8aob3tokj",
  "summary": "vlz01549miyh0to46s88",
  "runbook_url": "65lbqr962dspmjooft9d",
  "description": "Authentication process has failed.",
  "environment": "kal6p9ks7tqz23u2cbrj",
  "fingerprint": "tgqibbad",
  "isDuplicate": "lde85d529mijg6k6kklv",
  "dismissUntil": "xt1cecurekeqqhqv8vt9",
  "lastReceived": "trxn6ailww1ikuywg4fj",
  "duplicateReason": "17m6r3w86f8k388csrqz"
}