{
  "id": "rr8sxnrn78rykwg9la6h",
  "env": "staging",
  "job": "oaxm8ry4dg9rufgv9l6n",
  "pod": "it8ngw6oao0y4iw3ejw1",
  "url": "uc09ovf7jo0h3br87br5",
  "name": "TableauApplicationError",
  "note": "vcjifnxmzpx041s6a5gf",
  "group": "p4nxoi6kkgllmmz6my9s",
  "pushed": "ot39jg1fyq9huvfnx4al",
  "region": "europe-west3",
  "source": "w9859udoug7pmiiaekvf",
  "status": "459jj3odb5yfijg6ywv6",
  "deleted": "8ln7buhl0siiozflfhyo",
  "message": "obv91yv0mluc8ebffr8j",
  "endsAt": "2024-07-12T09:17:46Z",
  "generatorURL": "buds819z6hpvjythz576",
  "project": "5zedmb5p560igssx1yp1",
  "service": "3lw9i7q2l6rimar75ner",
  "assignee": "whdrw15vj7w2dtwkn0po",
  "endpoint": "tnvrgzb84y9w6hynu7oj",
  "event_id": "1oka9p8vcbqny1luq15u",
  "instance": "155.134.50.157:9960",
  "severity": "warning",
  "startsAt": "2024-07-12T09:12:10Z",
  "alertname": "377sdn6phe79dgezz0kc",
  "apiKeyRef": "iof9fdnnibtnpgc2gxva",
  "container": "l3ovmq2bufyl2omua913",
  "daemonset": "dtpco3zgr8pd6rop2c93",
  "dismissed": "gd4bazesxn3mfa99hmem",
  "namespace": "euvput1qph9ak62ns4om",
  "alert_hash": "70e6kil3ogs886ts7d5m",
  "prometheus": "g1542nalo3or8ov2npxi",
  "providerId": "zaxn5n387tlgfx2lo3eh",
  "summary": "0m9v5v2o4hrk64rrd6u0",
  "runbook_url": "b3k1o4qytfivbf6ufwhb",
  "description": "An application error has occurred.",
  "environment": "rgh5be2i5709pr9tpyx4",
  "fingerprint": "s7znlhav",
  "isDuplicate": "3sd9gnktonb8xsu25fne",
  "dismissUntil": "bjohrdgqglf0rpcte09o",
  "lastReceived": "r4l9gsyhkbeob3goo8p5",
  "duplicateReason": "pf5cxphbv1pp7l1q8oxa"
}