{
  "id": "oz99049yray38ggxxxv6",
  "env": "backup",
  "job": "7ooeaur6k5j7lgvo2s68",
  "pod": "udycl12l5u3aixpo52v0",
  "url": "q0t06iefv8cv1niwpwgh",
  "name": "GrafanaUnauthorizedAccess",
  "note": "dymmqp64bbhdqctm1sq5",
  "group": "5jmwxo4q4w73d9f5cgyu",
  "pushed": "1s3gmflua3clp8qmkhll",
  "region": "asia-east1",
  "source": "aqj1m9gcsrxok3nhbjkm",
  "status": "ym6jcudwuwnzfmwlaaus",
  "deleted": "sl0f06n0gfhgsbwnyrtl",
  "message": "bc2jjlb7ne4vci326yhj",
  "endsAt": "2024-07-12T08:09:16Z",
  "generatorURL": "u74c7r6c2c3d5dk66bu5",
  "project": "v4g5nd229ohn3xx04nql",
  "service": "m7078dnymuhwbivc3ynm",
  "assignee": "d8clbrcenqplywtjl8ft",
  "endpoint": "282t6y0nnk6fm3j8oq0h",
  "event_id": "un6bs22jn7nc5l6p120m",
  "instance": "119.104.134.245:24340",
  "severity": "medium",
  "startsAt": "2024-07-12T08:08:03Z",
  "alertname": "4otn9vx4o9kzsgrpay09",
  "apiKeyRef": "suyubmgx6e4w58alq8ys",
  "container": "431oin9xlku20efs577f",
  "daemonset": "xgd425pzugjrcg5t1dwd",
  "dismissed": "7iw55nsit5ocqbi0adte",
  "namespace": "2rurly04ye2g41vql674",
  "alert_hash": "hfc4yzkxy9lux96k8fgj",
  "prometheus": "d7r1f1mf4ckh03z61b7c",
  "providerId": "gqabglpsajjeulrr9bb8",
  "summary": "28v8cw4lvy5owdcypdgu",
  "runbook_url": "7nuxewcvybd4ezkxkqy2",
  "description": "Unauthorized access attempt detected.",
  "environment": "o6gkgafzjt5fph7vheqj",
  "fingerprint": "ai6slocr",
  "isDuplicate": "9xb1dq1on3azy0yv9ci5",
  "dismissUntil": "j7lai3c0dm6krzq4i6pd",
  "lastReceived": "h2wd7d192uulc8qh3ic4",
  "duplicateReason": "ho6oj77my58zi4czyg6d"
}