{
  "id": "zes0zszgaoao7zjrp7l1",
  "env": "backup",
  "job": "pqfz1iq3x2vamv7eoopu",
  "pod": "ja800acn7nsjivxm5sgh",
  "url": "6eoxpphe81nz1tvfj4e8",
  "name": "OneLoginServiceDeploymentFailed",
  "note": "3mvd40jye4195ft18304",
  "group": "3nlm13er037pbj3ful8j",
  "pushed": "1n6ad6u76ra3u7q7km4y",
  "region": "us-west4",
  "source": "wxgi2h671igildegai4n",
  "status": "1rdcmkg015wr80v4vlba",
  "deleted": "b06eljk3ajgrjkd30ap7",
  "message": "uq0sn071oyonh4i8c8fw",
  "endsAt": "2024-07-12T08:55:49Z",
  "generatorURL": "6newhlw2k0j5ofgabt3z",
  "project": "1ip5xehc7dsj5eaiblmt",
  "service": "wxgdsx7cbw25se2zahav",
  "assignee": "g6um48vvv114wxfgh2iz",
  "endpoint": "q4oz241hf3cxeczx57vn",
  "event_id": "o7x78uu80y6a09mtjbgw",
  "instance": "148.27.182.137:38272",
  "severity": "debug",
  "startsAt": "2024-07-12T08:49:06Z",
  "alertname": "4rhbkdjibr747sim0khu",
  "apiKeyRef": "c9byh23buz7w8ya5nh2i",
  "container": "i2v5z4etn8ccan84p5mr",
  "daemonset": "82v7g7xzpxmk3ts3adld",
  "dismissed": "j4eyb4ewahdkff21ift4",
  "namespace": "gt1ux3lnn4af1o8jw3up",
  "alert_hash": "cktwsrjzdzlry9z6kc8p",
  "prometheus": "qn9jsyyx08u227qh0v94",
  "providerId": "va09xjl37tmok552blt8",
  "summary": "ovngczt12crdvyk03kee",
  "runbook_url": "3akw11urpu4y84p6ipoj",
  "description": "A service deployment has failed.",
  "environment": "ijp7q2df40fy5va2f3ak",
  "fingerprint": "f5wns7b8",
  "isDuplicate": "r69ztt19x76s9yejb41d",
  "dismissUntil": "c737bc4xx3anwu7o0yz3",
  "lastReceived": "fmlqbqxugjuqxbp8eikj",
  "duplicateReason": "neadny8vfb4xpdyorgpw"
}