{
  "id": "bdb6tsyuszdeue4fdlpt",
  "env": "backup",
  "job": "m4e2wgwru46rki1c6440",
  "pod": "c91zdn0iz3enbz2oj91a",
  "url": "enj3f597bgz01r3wz2ac",
  "name": "FastlyStorageIOError",
  "note": "buwg4k8vv7kyn9z2juqw",
  "group": "ox3minn4ba6oyfirnkpg",
  "pushed": "5g2nfs6mjzj2ej5v5scm",
  "region": "europe-west6",
  "source": "gels76060fud4zci4m4u",
  "status": "qpca7dy0xlohs2c7y2vh",
  "deleted": "rkdau7zbzp07gtrv3ry3",
  "message": "t3rxgbjy0w7e68sk0ufs",
  "endsAt": "2024-07-12T08:38:39Z",
  "generatorURL": "o4n698uqwwya9r500tls",
  "project": "f39vb5hl1qhn1l75j6lb",
  "service": "yfmt6osy07gq0hbpiz4x",
  "assignee": "3imdlhqibhzrddgv4yt2",
  "endpoint": "yigttzexmrplxqeo9qqc",
  "event_id": "d3o7c3h0j4et9sse1s0v",
  "instance": "53.145.86.9:46832",
  "severity": "info",
  "startsAt": "2024-07-12T08:32:59Z",
  "alertname": "jbq0522y216iovz5zyv4",
  "apiKeyRef": "r3n5vovrludx1g3yn55u",
  "container": "94l3h8twgpsa2reozd4w",
  "daemonset": "25xm2z0rnwsj377trq45",
  "dismissed": "xffawm2izscageyabc4b",
  "namespace": "5egjs12irgo5lnlk1e8n",
  "alert_hash": "l5mactcy5i0k0eka1dqk",
  "prometheus": "a0agzvkb3pvb4wiimdc1",
  "providerId": "quoasqhkyv9d0rq3kzsv",
  "summary": "a70gpu4tbhgmgkwszin6",
  "runbook_url": "uec33i5lrgjkg8m0bwos",
  "description": "I/O error on a storage device.",
  "environment": "jefcz5oc4fipcteh06ej",
  "fingerprint": "qvhy3ycj",
  "isDuplicate": "t12tmiqjhg80z9zxghj9",
  "dismissUntil": "2uevwokj0pv7tuwe9zsp",
  "lastReceived": "pa3vltxp1g9vc7np2pkf",
  "duplicateReason": "h539zpa9dffg9wl7k05q"
}