{
  "id": "wh5iu5cd4ni78db39ns7",
  "env": "staging",
  "job": "wlgiomi96xv35nbsupaw",
  "pod": "lwk4nnjajobrd4i9thux",
  "url": "f206ljcc1yau29fduglc",
  "name": "BambooAuthenticationFailure",
  "note": "sgk2rkln2tujx5nb5vcs",
  "group": "6b0uh5y9nt0gaelk56oh",
  "pushed": "b2dymiwkqkvd25egpd0v",
  "region": "europe-west3",
  "source": "ozjlo3fk9lc69lhkx3q2",
  "status": "0vt96y4a5hnbxgzf6f2w",
  "deleted": "4r6h4jh7sgfzh13kygay",
  "message": "miu4vo01x4fuvk7ef1ed",
  "endsAt": "2024-07-12T08:19:33Z",
  "generatorURL": "8cff084mqsg4z53nspih",
  "project": "xdoljcf2c3gby47laysp",
  "service": "4xnc5a2embdosx9prg9l",
  "assignee": "jpwn3jgz1yn1yoxu64ll",
  "endpoint": "8ru8sdpoodgsrbl7uoz6",
  "event_id": "lg6s2kk9d8u2hz8zi823",
  "instance": "54.32.112.227:18293",
  "severity": "low",
  "startsAt": "2024-07-12T08:17:29Z",
  "alertname": "r4j0fojj8ntok4rabzre",
  "apiKeyRef": "hd79ne7qai8god0e5due",
  "container": "wlidcb65kmfixszymv39",
  "daemonset": "qy95s55o9e6yoe6sr8cb",
  "dismissed": "egyi1y2xzyx28z847y3c",
  "namespace": "bb9maunsun9xhwrawmfp",
  "alert_hash": "j5h3ar6c4e6jnvsyfxjj",
  "prometheus": "fr8adm47u31line5m6uq",
  "providerId": "aa3yhkx4sctvyfd3557i",
  "summary": "fyfl3h766ogq9t19d36o",
  "runbook_url": "0wz06bryomygclngve19",
  "description": "Authentication process has failed.",
  "environment": "42d6w5oaix4q1il46sji",
  "fingerprint": "ai6slocr",
  "isDuplicate": "shzkduxyg9sv49yn7bma",
  "dismissUntil": "x1iudrnfgeocban2vh4b",
  "lastReceived": "17s5ftj479j81o4v5ud0",
  "duplicateReason": "b751jp4ziuvgdh38jk89"
}