{
  "id": "5rw4jboo0hs6pzzia4rb",
  "env": "testing",
  "job": "6wyxypassebhbhavlj6b",
  "pod": "1ye8ywwia4yga9eh3qku",
  "url": "5nzrz5wg5irn7z7vygl2",
  "name": "MicrosoftAzureSQLDatabaseServiceRateLimitExceeded",
  "note": "ndvgs1rkzrxh1lkfnaqw",
  "group": "2131kh9yhh8ch2xiszbz",
  "pushed": "r5dxrpev5hixm4kuj1g3",
  "region": "us-west3",
  "source": "2nlcfp6p45pki1wbl1ja",
  "status": "zoa9osm8derxcqepqpyg",
  "deleted": "miigi6stfsia7g0drv2i",
  "message": "4alopgyyb3130rs074aa",
  "endsAt": "2024-07-12T08:50:19Z",
  "generatorURL": "otaayn1ksvx8lgwlirxc",
  "project": "xziejb91zi1k6o9sobw2",
  "service": "1e91sf8gxnmz2frvxq2l",
  "assignee": "ryegcuza2of350dvkv74",
  "endpoint": "65r92v7z8vhoqxubd8ue",
  "event_id": "wvdgzpk2kf5igpr6dazy",
  "instance": "133.179.204.82:29554",
  "severity": "low",
  "startsAt": "2024-07-12T08:46:10Z",
  "alertname": "ntykwa9blbnofadajr08",
  "apiKeyRef": "pzedi0dfkgpm6lm5cy9o",
  "container": "qy3o9lfg1g9nrctf8z3f",
  "daemonset": "1rlgufrn397u7g1yhczf",
  "dismissed": "peysveshwsxii9hbmgml",
  "namespace": "hudwjy1sh5hb8ti2h7is",
  "alert_hash": "b976vs1tvubdrskv2ufi",
  "prometheus": "fhylidkn5ih4na5iuebu",
  "providerId": "nyddh9pw2q66d5y5ja3e",
  "summary": "ef1sgkn52ut09na4qng3",
  "runbook_url": "cixrsa7q1hd3xrv40oni",
  "description": "Rate limit for a service has been exceeded.",
  "environment": "8keqnklzlqpickkb2t4p",
  "fingerprint": "qvjfg11t",
  "isDuplicate": "dej72fqgvgdkc8p0eczq",
  "dismissUntil": "q8nyj3zr1gpgcwgtbgbg",
  "lastReceived": "5mlro04dqshae0cwodz2",
  "duplicateReason": "y58svd2ypfxizzpxjgmh"
}