{
  "id": "jduqbrojmaka9i24plhj",
  "env": "testing",
  "job": "mudf6wiskvoyth9wc6k8",
  "pod": "1bcymw3ya6y2xdqfjk1k",
  "url": "jhabjx6ga3c41vdak0v7",
  "name": "SplunkQueueDepthHigh",
  "note": "5xee3gqpou6o76zpcedk",
  "group": "gjnxw9x4cgq7myn7qv2v",
  "pushed": "y4l46pgwlu22q7xnihpi",
  "region": "asia-south1",
  "source": "1fwm0gvvjs4psi86lz9l",
  "status": "jopr7422rbo4ehxm1wek",
  "deleted": "47y4ow9iyp9j2gbcz7hc",
  "message": "mbkusvmtnj1rnltmo1y0",
  "endsAt": "2024-07-12T09:52:25Z",
  "generatorURL": "n3amqcmyt5m66x7ewyjp",
  "project": "616ytxx4d7g340qchqyw",
  "service": "e6b63ijinu50p9zzqrpt",
  "assignee": "iecsyda7sz7dvprj7psm",
  "endpoint": "zlwhfr30vy0gkwftyfv5",
  "event_id": "9ovtwzxztunuc4blnfdt",
  "instance": "201.27.99.60:29131",
  "severity": "debug",
  "startsAt": "2024-07-12T09:46:33Z",
  "alertname": "dwz0inp9jrvy1ovwo9fs",
  "apiKeyRef": "5k5a4da3zyytq8702znn",
  "container": "uotaeynri5b1c3d82n3d",
  "daemonset": "7mmnp987pa56ltpsrqsl",
  "dismissed": "yrl8iijju4rb1j94yq9n",
  "namespace": "t1lk3lciug8d16qfp33f",
  "alert_hash": "zc0p6fpbh06y9n12a7pb",
  "prometheus": "twfk8sgzdcwjk4yaarhf",
  "providerId": "oc9kyuj6viegio3c4nn2",
  "summary": "w2gy01pgazu9olc8cql8",
  "runbook_url": "atsh61vkn6z1he8j7iaj",
  "description": "The depth of a queue has exceeded a threshold.",
  "environment": "3kqe4vi81ajrih917v6p",
  "fingerprint": "dk13r32p",
  "isDuplicate": "hxkx6o70yeaacsfrwtme",
  "dismissUntil": "vrhxx4huy6wt1w4dgtbm",
  "lastReceived": "e1ruig1n67qo9xsvltu8",
  "duplicateReason": "vr4luoce4qndgpfnzl8w"
}