{
  "id": "7x99skutorgj7amr97bh",
  "env": "integration",
  "job": "048j3845zqlois4035kn",
  "pod": "2yymuaypflerxmdxudqu",
  "url": "i701r80bdnokwr4ym4s5",
  "name": "GoogleMeetSecurityBreach",
  "note": "uxzhmwb3pkeo5tn9jfi1",
  "group": "4q04bajv58daf3fyhwj1",
  "pushed": "ayttu4gjupoq2rehsqxr",
  "region": "europe-west2",
  "source": "pvi1170rrl0gieyhsqyw",
  "status": "e9lipo5ucmrllybs0lvm",
  "deleted": "n92jlgslsjsuuema2p78",
  "message": "qr6z4dcr09jcqcqjmmbf",
  "endsAt": "2024-07-12T08:05:32Z",
  "generatorURL": "cvcec3hxgz0yom33uv8c",
  "project": "h89fb2ditbayzpz4tzoa",
  "service": "5l06203gw8d4e14dbthz",
  "assignee": "0pg6h6n3wmww1dhz6xr1",
  "endpoint": "lpvnzyc6et4jkcjfldw4",
  "event_id": "zp9tdubxpvzp4ntcghym",
  "instance": "66.144.112.110:29695",
  "severity": "high",
  "startsAt": "2024-07-12T08:01:17Z",
  "alertname": "3kc729jr732fabu4lhcg",
  "apiKeyRef": "oz58no331qfrgv4jbjbt",
  "container": "gt17b8muznt35adnw3mo",
  "daemonset": "l80qg9vewt4zydjj7rld",
  "dismissed": "4vaqjkyl5sansx4pf6yp",
  "namespace": "wvkjn9aj14w45ah3m9y8",
  "alert_hash": "vcxbrdprf44rp3ammanl",
  "prometheus": "m7lqdvu2wz7xad250vhf",
  "providerId": "a3a92cqbb5nrgushbw53",
  "summary": "w7qht0d2a1q0snr1a7xc",
  "runbook_url": "89ty7c9gnsqq0h6eki4o",
  "description": "A potential security breach has been detected.",
  "environment": "c0fcs92l950a6mj3sm41",
  "fingerprint": "de69lo3k",
  "isDuplicate": "tlmz9jlyva5ry7cdhvuj",
  "dismissUntil": "x9rksg6111jqz5u0cbap",
  "lastReceived": "21p1idpwvzoyx3l2s1xp",
  "duplicateReason": "d7f12rm4vhzi56or86fr"
}