{
  "id": "pou3of55fh72wxcm8gj8",
  "env": "staging",
  "job": "4u9toboiqx6p29e9vl30",
  "pod": "u8gyjv574dnqoin2pvyd",
  "url": "194038ksi6rlofiqwnf4",
  "name": "GoogleIdentityPlatformApplicationError",
  "note": "f29wxgrcnfpkoctinaok",
  "group": "azwbwpfmfk79mp0ekrbh",
  "pushed": "v4wwa1xab2zu4a97sn3y",
  "region": "europe-west6",
  "source": "6n19s867nbqhbqlmh2we",
  "status": "k62r94w16imx9g388c8y",
  "deleted": "tkv9plc8fouhxsczqbt7",
  "message": "w8delqo3prwjp8tb11gi",
  "endsAt": "2024-07-12T09:30:58Z",
  "generatorURL": "rtz7rkeg4d6fuz49hjv9",
  "project": "mfxm97vt67pd75qcv5fy",
  "service": "clp3lb47bdlhxb7azuoj",
  "assignee": "r6fa0rol55bta0niwr5u",
  "endpoint": "pbkxmtwozhe55j64ardv",
  "event_id": "2fd4w4h3iur6v6t1m8vh",
  "instance": "54.32.112.227:18293",
  "severity": "low",
  "startsAt": "2024-07-12T09:21:38Z",
  "alertname": "vofyeqquj51c0ua2a1yu",
  "apiKeyRef": "w4k63putek043xgssm32",
  "container": "h4p6wv18owfr0ghcpdhf",
  "daemonset": "w4d958m8fsow2sdku58w",
  "dismissed": "pnj35j0fsj1tv9ka67x1",
  "namespace": "4n732ji9ulytdfaid8m8",
  "alert_hash": "xhp9meakadoh2vx1a390",
  "prometheus": "qxdcgzv67m1v5x35htdc",
  "providerId": "3u2j4oi5xk950bfl9hsz",
  "summary": "2phtq5090lzb31knci7q",
  "runbook_url": "h7lxxy9keowpocf0hm17",
  "description": "An application error has occurred.",
  "environment": "ti3n1ukhep92cgrzzzbm",
  "fingerprint": "4of7us0o",
  "isDuplicate": "4jlozm78ny38oejq2q6g",
  "dismissUntil": "lwf3u7tgt7hz6kt2sdib",
  "lastReceived": "d7e82cx184w7ucjylyd0",
  "duplicateReason": "z32e329v18yui773cvqb"
}