{
  "id": "drq2km16r9t2u134ktwb",
  "env": "integration",
  "job": "mmqjtl3i7v337afysstp",
  "pod": "7g9eeosg8uvh3ru3nu43",
  "url": "16c64zp4duwe2gk31yd9",
  "name": "PortainerHardwareOverheating",
  "note": "p64nzu3tv0ysfo8383es",
  "group": "zx2ctu6hf9dbdq387w0b",
  "pushed": "u87q09syou4582csufet",
  "region": "asia-south2",
  "source": "oztkiirayzy1xbd3uzws",
  "status": "272v58x5252kh63bs52m",
  "deleted": "1o8iibjygxfa7zcsvqm6",
  "message": "2rtmkgsq4hoov8ee6z35",
  "endsAt": "2024-07-12T09:34:24Z",
  "generatorURL": "bva02w8ln4nbv1ufv6on",
  "project": "imeb3zy2h0mue1o2ahd9",
  "service": "kk5n95u6647b6dfltzeu",
  "assignee": "r0q0jlkl0qebxix4aoa1",
  "endpoint": "i8rk75rmdbyvol29xmoy",
  "event_id": "bq02w3f1ktxshxa7x6ic",
  "instance": "78.198.217.88:59545",
  "severity": "warning",
  "startsAt": "2024-07-12T09:30:00Z",
  "alertname": "pp936nkrul0hyzb80wc8",
  "apiKeyRef": "mvlxsvjlu5wadcj7ihyl",
  "container": "ruhddap3mbw0spl3s8w5",
  "daemonset": "pjokz63i4lphivuygsmk",
  "dismissed": "f98au097fvc6uht9cmq4",
  "namespace": "ppofk9wgc07dhypu2s3d",
  "alert_hash": "vd05jkuzpunuenbmlp9t",
  "prometheus": "p2vcto7uydy467hoxcpl",
  "providerId": "u8ar1kx12au1m4caxxm7",
  "summary": "m2xb47j2nd7o0ac8yxle",
  "runbook_url": "9ilbsfbtzrauzoqsztlt",
  "description": "Hardware component is overheating.",
  "environment": "uaayxs5nimwzwol2kmqj",
  "fingerprint": "v35299nt",
  "isDuplicate": "om74a88cm4d7ktuhtxni",
  "dismissUntil": "anwx0iq5glr2xp6dr4hv",
  "lastReceived": "r3w17f1etoy6xtp3xfcl",
  "duplicateReason": "bwkbmi9z7j3jctfby6kp"
}