{
  "id": "8fzehb8fscrcfyl44wmu",
  "env": "qa",
  "job": "0cdqi5b0flvcu26f5poq",
  "pod": "pglxfs0ouus906q5l63v",
  "url": "4vkcbkic357t33ejp7w1",
  "name": "GoogleKubernetesEngineAuthenticationFailure",
  "note": "hb89ip04m3o1yhtcd1hi",
  "group": "b7ngn3g04ywdudp4gyhj",
  "pushed": "1rzzfdk58oq6j35r20i7",
  "region": "europe-central2",
  "source": "ooboi0yyyd6frlx7xs6q",
  "status": "ukp9usnq0lo9xbo53b5b",
  "deleted": "qerrpbq87kobg4jeiebn",
  "message": "q9jk5unmuc0xehoukc2l",
  "endsAt": "2024-07-12T08:59:56Z",
  "generatorURL": "v6jnk5zps30lcnvjdb00",
  "project": "k3qjvaeoydydq5g0mid3",
  "service": "2ek1v0orywj4b4v9szaz",
  "assignee": "vyas43csxo2e5h6nuvb0",
  "endpoint": "urt4lh6b0rbthd451yxx",
  "event_id": "zrcurrs1zscwe41rvsk2",
  "instance": "239.102.139.236:16863",
  "severity": "high",
  "startsAt": "2024-07-12T08:54:47Z",
  "alertname": "tx96mi6mn80z0gd3f3cl",
  "apiKeyRef": "1gah8ocwurp3sa3qqxpt",
  "container": "nytx003noczusuwkqf0f",
  "daemonset": "n82yteb9kb8p79s38k2o",
  "dismissed": "jnlfuz8jm70ld05txvb8",
  "namespace": "vtu7l50he8nzdkyv9gw0",
  "alert_hash": "foz0cc9uok76cj5yi6t2",
  "prometheus": "1t4wzufb3wxgh9klno05",
  "providerId": "b2la2c4rjz5yggnatliu",
  "summary": "y2zsml6jlxkkyiaq02f2",
  "runbook_url": "7q50d1owiftqrvxhzeto",
  "description": "Authentication process has failed.",
  "environment": "hpeois1g7sko8iyjm9wx",
  "fingerprint": "r4q5975f",
  "isDuplicate": "94scj6frzfeifvc0dnjm",
  "dismissUntil": "lbtvwb9wjtz4m4q1oy9s",
  "lastReceived": "4mtmiagxox1owcy55n16",
  "duplicateReason": "rcyfvtudk0v8x6ife14p"
}