{
  "id": "cdvrycu83agav7awv6gf",
  "env": "qa",
  "job": "3oywq21qqxtm8adcbfjs",
  "pod": "1ztreuni15ib0m72jn7t",
  "url": "sky3p465eacpqip5v9ed",
  "name": "GoogleMeetServiceDown",
  "note": "6ve6smiyy0nlx067l8i2",
  "group": "ir8h8lu59v2ltm4dpcu4",
  "pushed": "eo8a70jmjk91pf3nni0v",
  "region": "asia-east2",
  "source": "3v2lwuplvu3ulmf0zfst",
  "status": "hrxfw0ntgzgr057y94n4",
  "deleted": "4jdmijqubgi79r51wlmd",
  "message": "zfoyudn4r3d3vhtmg83o",
  "endsAt": "2024-07-12T09:17:05Z",
  "generatorURL": "m4yk3fucfripkca9cuqf",
  "project": "1jb62a1ztsmc7xo3rxvf",
  "service": "9acr848ccejcawc7rvbj",
  "assignee": "sxuv0384zmgwt0npedjh",
  "endpoint": "vo27ie8o8xzw0j9jec7o",
  "event_id": "pfajoqfu3f2d02xas7dr",
  "instance": "1.169.226.207:55692",
  "severity": "info",
  "startsAt": "2024-07-12T09:14:18Z",
  "alertname": "0jdicg9iaxuyvbucsntm",
  "apiKeyRef": "k3hf0qyno2ketaf4q7kp",
  "container": "ftka7lm4nknx8bf14oq6",
  "daemonset": "zgkh9vo09j4bvbakhx53",
  "dismissed": "utmuyolybpc5ykds8nh2",
  "namespace": "vmy2dszyid04s279qyqh",
  "alert_hash": "xdjtndvbp1mbgt0wgvqe",
  "prometheus": "cpujt7fe5841p7irvrbl",
  "providerId": "ktt40xzdaz8d2j2btmc8",
  "summary": "6dfteiltk3gmp80mqhvl",
  "runbook_url": "12hxm7adeskgwfhea6rs",
  "description": "A critical service is down or not responding.",
  "environment": "rr7zkzjukwocljn3sm4r",
  "fingerprint": "y764fp0k",
  "isDuplicate": "q4ebrbzifj2ys8mjzog8",
  "dismissUntil": "gci417gqk9jfctdd5qt5",
  "lastReceived": "l5woe7utqdnc2bggcbx6",
  "duplicateReason": "piohbk4lo81y93722hn7"
}