{
  "id": "vckks6mr1zarfpe814a5",
  "env": "testing",
  "job": "1uycndt0a67z10qdigpu",
  "pod": "tyrx0cniw9q78s8bwvyc",
  "url": "v6byhkmlbdynip34ykzh",
  "name": "GoogleKubernetesEnginePowerFailure",
  "note": "72wdxbybfqy1q5gqzlh0",
  "group": "eyk0c75vpo28h05rbihq",
  "pushed": "rwkxwrafs40vfgtky7y0",
  "region": "asia-northeast2",
  "source": "w2j2lofuosakegaw6lfr",
  "status": "sdppcy75s73gqxpyihyi",
  "deleted": "ve0aie7p6n0sos87u8aa",
  "message": "muhgg98w3shwxsidrnky",
  "endsAt": "2024-07-12T08:07:20Z",
  "generatorURL": "0qk7e3y3ebebezs69jai",
  "project": "onoioquxov7iw1j02djj",
  "service": "ubd39xh21d2m63snjy3s",
  "assignee": "3xvd1hrzf3qozw13un8h",
  "endpoint": "9pxmyl05nu8m8bnwoo5s",
  "event_id": "505hhpp27dihta5lvosy",
  "instance": "121.210.44.216:32341",
  "severity": "medium",
  "startsAt": "2024-07-12T08:00:36Z",
  "alertname": "ejo5vy2nqutb6e9otewj",
  "apiKeyRef": "q0c4tuk7kz8dz40jivs6",
  "container": "a98hh9f0853zhyawfr43",
  "daemonset": "0vugib954wbba8os4on5",
  "dismissed": "7c9nzi27gtq5yxfula6b",
  "namespace": "ib9cs4x73o3s969cksxk",
  "alert_hash": "6kowwtr91zl2m1m2gskm",
  "prometheus": "yy3sogold3m1mjtsz123",
  "providerId": "s7b1lnn0bex5qv0wdopr",
  "summary": "dk62g8qpn3rosurtz50i",
  "runbook_url": "9zhfdyn2ea9m9igmduki",
  "description": "A power failure or outage has occurred.",
  "environment": "jcymr8kno8hzeuzloo7y",
  "fingerprint": "eryog6pw",
  "isDuplicate": "uivoeu3086k5y8qgq340",
  "dismissUntil": "sdlfhso0tjeycfb207ah",
  "lastReceived": "mngh6wtghuewwxis9jhk",
  "duplicateReason": "q3ofbl0j5b3680ir0h3v"
}