{
  "id": "cn7yz5ag367qw51xe11r",
  "env": "testing",
  "job": "sp42yxfw4dy95u48bg3d",
  "pod": "rj8tyyd5eyjmr2lph79y",
  "url": "1y08h13bfkek1rpqm8t4",
  "name": "SplunkServiceMemoryLeak",
  "note": "3ubtcgru0fhle7n025zg",
  "group": "84nuyqavgmwcv1xe36as",
  "pushed": "ym28ozb6rlrg3cvi0v4o",
  "region": "asia-northeast2",
  "source": "kgbs57o4hfgq4ksgaqzb",
  "status": "whknoeqx4zg6upi0eqke",
  "deleted": "5jls0kv8s0b00ln7l4p3",
  "message": "ceazu49kawrgkjkenmxx",
  "endsAt": "2024-07-12T08:30:05Z",
  "generatorURL": "xs15hukzsnl6vk44nm1b",
  "project": "3k42qw7xxngke3q6q6sk",
  "service": "lc94vl0o3uf9hzvu2fh6",
  "assignee": "19hprgk46h2x15j4j7hq",
  "endpoint": "kjek2jhq8b8n51du9fqv",
  "event_id": "6ybou394ngl273k09iss",
  "instance": "201.27.99.60:29131",
  "severity": "debug",
  "startsAt": "2024-07-12T08:27:41Z",
  "alertname": "wh1b2izb7lp8ctmtabq8",
  "apiKeyRef": "w7stumszgyfzwenc23t5",
  "container": "rfmhv9hkpw7pm2esi4w8",
  "daemonset": "8je9mal644wpjug883vk",
  "dismissed": "zqz69i5a64if2fmnwos3",
  "namespace": "qjv6i6ybvr7dslykvyz0",
  "alert_hash": "1pvbiuu39vtk8411rm0t",
  "prometheus": "j1ruj6089l63t069fqz6",
  "providerId": "vve3x539jqufwtu0tdpb",
  "summary": "342scb3ypi45py6zrxfk",
  "runbook_url": "0tkoujuj6ruq1jtvx7o5",
  "description": "A service is experiencing a memory leak.",
  "environment": "gcl9adbhn756tvpprfsz",
  "fingerprint": "drjn33mc",
  "isDuplicate": "wexbb6i8cdzsrsx9o4zy",
  "dismissUntil": "qkcks96glm9fo9s14gt3",
  "lastReceived": "mh6aptk01jn7yparwr39",
  "duplicateReason": "qr93fr5nbvnkux1wyjtb"
}