{
  "id": "mxyfknga70783la7fhaf",
  "env": "staging",
  "job": "c1mdzgtwm18cabs29yud",
  "pod": "5dimlz1ubky96eu8y5h9",
  "url": "tlxdka6n3u9yt22f3f47",
  "name": "KubernetesUpdateFailed",
  "note": "go192wdigfs7dudpq4hq",
  "group": "hrqv73bs92kd92jriil1",
  "pushed": "qn3l0767qnp69im8q89q",
  "region": "us-west2",
  "source": "iry230z38ybml0zabb19",
  "status": "ser3uqu95sh4vra9kjg4",
  "deleted": "949rtej9p0wsk23qjtqp",
  "message": "a9l4c9sbpuc9u3qxsne8",
  "endsAt": "2024-07-12T08:53:51Z",
  "generatorURL": "pqjxr0i25j2wt98i5ybo",
  "project": "mw9tuabxt38tvivf50sa",
  "service": "3gvkdyvm5hj79dawcr4i",
  "assignee": "wogea3rd35f3eksejr3c",
  "endpoint": "o1krzcwjd8hopccniizb",
  "event_id": "mlyf2iqqc86vbrr7yeux",
  "instance": "230.38.67.26:30025",
  "severity": "critical",
  "startsAt": "2024-07-12T08:51:35Z",
  "alertname": "hzdp16dwafmjmniqmdno",
  "apiKeyRef": "7n23co4d7vkbloymhp10",
  "container": "vuk5pn2gj7v0eqxl29yr",
  "daemonset": "5kjxv0uricqc6tjhsf8g",
  "dismissed": "nyectmg4oxp3fpolp2hl",
  "namespace": "kmyqe7llai4dqyv25n4d",
  "alert_hash": "s0px900n1hihniusljnc",
  "prometheus": "6bw64b773t2gwq3oo9ip",
  "providerId": "gfgtxlxvgi9ycv3buguc",
  "summary": "8bgljgfuhg77k2b7fu86",
  "runbook_url": "kjch0vcmdle88pwzes8a",
  "description": "System or application update has failed.",
  "environment": "xt4wqpv5rszapyhctus8",
  "fingerprint": "gbwuhrr7",
  "isDuplicate": "hoxl55bd6z2rz0jfxiti",
  "dismissUntil": "pijx9p7mcytr776s1gm5",
  "lastReceived": "uzxch6jclj09hzqei3sx",
  "duplicateReason": "if82fi320lgqy4q23ljj"
}