{
  "id": "eyu3jn1wkcl1eibuoy6a",
  "env": "production",
  "job": "132fhc1updua3v4kpqb4",
  "pod": "4deka6kiq13an0ffklt2",
  "url": "tiqyhkvrujfd9hdgvcvu",
  "name": "GoogleCloudSpannerBackupFailed",
  "note": "mbo597cxg1guu8uw94pf",
  "group": "vjxm8rv6rqijz0ww6shf",
  "pushed": "uj9u0la2oo5x828pgofp",
  "region": "europe-west1",
  "source": "uoygm1fm9yvo9xuhmu9u",
  "status": "8e1r68z4t5r9zbl257x1",
  "deleted": "zcid6gg7cje64ksyttiw",
  "message": "txqg0dksq2odp76vr1j8",
  "endsAt": "2024-07-12T09:55:19Z",
  "generatorURL": "qi49ea50wv5dp8rvuf13",
  "project": "36gyrk3q3vv0rftzruf9",
  "service": "el3tcmahv8nkkd5vtxov",
  "assignee": "z7rtm8o9393hcgw0fplt",
  "endpoint": "ootg9yxyg0ktrvnkg8a9",
  "event_id": "lrcjz3vryv4ympfz4wi5",
  "instance": "59.246.255.1:5947",
  "severity": "high",
  "startsAt": "2024-07-12T09:48:27Z",
  "alertname": "1swr0mtif3pq0to0dgd3",
  "apiKeyRef": "g33yi4zuswaef43ho269",
  "container": "96b1rjxm6nqu6ee2m5vt",
  "daemonset": "2auo5zkn0vpi4hxjd3so",
  "dismissed": "whnsdckxf5jk6hl6vt9g",
  "namespace": "2q2lg0ezvek881r1ogeo",
  "alert_hash": "jacy0eirqp5ad5qfsfg2",
  "prometheus": "bhmokotmnrsjv7pz7smx",
  "providerId": "0mu8m0yk84nzc6r6v3qr",
  "summary": "rn1178h9t9jq1tigz01s",
  "runbook_url": "rwvgzgysvl5cuwjtdaqs",
  "description": "Scheduled backup has failed.",
  "environment": "ens7q84f1pkagwr5kmq6",
  "fingerprint": "8cg4wcfu",
  "isDuplicate": "z2sttgkczt0gz19870g9",
  "dismissUntil": "ltor8i3xlxx1pbxoorox",
  "lastReceived": "n00c37uuaf6009xkqx8r",
  "duplicateReason": "b6sxptot0acyc4tydkjp"
}