{
  "id": "dk01zqnneopsxinosotb",
  "env": "qa",
  "job": "98zsibnf799ppprw68yb",
  "pod": "ga1q5t0pbzxp6vsdhu6s",
  "url": "vto0td0kwz14t9w9xqi4",
  "name": "MongoDBAtlasCertificateExpiry",
  "note": "7wkgx92fxsvr4uezobco",
  "group": "dd677qitev7sjz61mj7o",
  "pushed": "62eabcbgpkvzrnyn2015",
  "region": "europe-west6",
  "source": "cro38o7298g1sncs95bt",
  "status": "4qgdia1ixnaywwgwj48d",
  "deleted": "5xzqchf4ifuri11fst89",
  "message": "tvvluvcp35ife10b26pt",
  "endsAt": "2024-07-12T09:17:32Z",
  "generatorURL": "6kh4wjctmptknu88ma1i",
  "project": "1gjfnhvxbmhcvtjpdzj7",
  "service": "ou3tpk6who7rdxpqcz1a",
  "assignee": "tipw2crrm2flzswbu9ro",
  "endpoint": "qhtcdu3glj4613v57k48",
  "event_id": "h5ogxhgsxmtimvmiuvlc",
  "instance": "24.145.234.30:17654",
  "severity": "low",
  "startsAt": "2024-07-12T09:08:17Z",
  "alertname": "903nqliwonq3347yrsg8",
  "apiKeyRef": "f3bhtrdfjqxcrv4klw4y",
  "container": "bupqiezn6i5lm70b3x9w",
  "daemonset": "e2fjle1yk2qz81cloqwz",
  "dismissed": "zylvbyqivk10voigvzl7",
  "namespace": "g1bkfcootd3ho8k9i1sm",
  "alert_hash": "1ubzbe45ju1j77i3vg4a",
  "prometheus": "cdxmn6rahgjpkrck84p4",
  "providerId": "930wbhgfw7615u4t496p",
  "summary": "ra8q20thqu2jlg1wp8dh",
  "runbook_url": "vnqkyb6l1nfigyumbzen",
  "description": "A security certificate is about to expire.",
  "environment": "qh80mt32awkcrc1qzza3",
  "fingerprint": "zy89jy9t",
  "isDuplicate": "93lj2zg5ixipgm636whn",
  "dismissUntil": "vs9v7582xsiup1gvg5l8",
  "lastReceived": "7txdoojjyfrfb7jx8k9q",
  "duplicateReason": "63369qp9d5lgj3cozi94"
}