{
  "id": "ywn7eu5vqzggf8nwxweq",
  "env": "testing",
  "job": "i0lueeew3arqsal86xl4",
  "pod": "z6xzfkbp0t7tc803zihg",
  "url": "1tq1sl0f6n993l2tvnl6",
  "name": "MicrosoftPowerBINetworkLatencyHigh",
  "note": "tl8e1b8oy6bjad4ly490",
  "group": "rrey43a1cycvmgaawzwj",
  "pushed": "zi8xbsjrx4hy198xg71i",
  "region": "us-west4",
  "source": "b8bfnr48igpucuw1cq4k",
  "status": "u18av70xg7ftpgf1lbdd",
  "deleted": "d4agb64sao5xdm680p7j",
  "message": "0kzk1412vdweywp0csif",
  "endsAt": "2024-07-12T09:46:31Z",
  "generatorURL": "arear9qd24x5a90n83h8",
  "project": "k3zercwfrh2vtnoi6m3v",
  "service": "0wesx6wfyvq015wv4qo7",
  "assignee": "picsmi6fnirg1xkwevho",
  "endpoint": "e6fqf6bibryyh4a0ts24",
  "event_id": "wibstb2qpbkl3p8f62dq",
  "instance": "52.31.16.26:59560",
  "severity": "low",
  "startsAt": "2024-07-12T09:46:07Z",
  "alertname": "0bxh56e9xgm8x661omxv",
  "apiKeyRef": "ly9esnxk6y9x6f4i271j",
  "container": "714raqg4ylvof0r5ycmu",
  "daemonset": "hl8yndr4igvw317nxx0x",
  "dismissed": "pdme31el2c8ws4sjnu97",
  "namespace": "i2ygaufscm1rkem6spzs",
  "alert_hash": "mlh7q4mr3zj8lzfbvdrb",
  "prometheus": "nhan11c0u07k5qnngf9m",
  "providerId": "3das6klgsy4y8e9rzvkg",
  "summary": "392j2vg1cnq2jfbiqldw",
  "runbook_url": "u33d9ti2fn3zvlm90cv6",
  "description": "Network latency has exceeded acceptable limits.",
  "environment": "f3iovyvepqr19ong01ag",
  "fingerprint": "9xu63d2c",
  "isDuplicate": "6z2kgxyuj9zv3s9t6xr1",
  "dismissUntil": "hhtxyjd8xqh4ytfln0r0",
  "lastReceived": "pfa0abrw0tl8xydj3amg",
  "duplicateReason": "wdyn7qx0g62lmslgr1f8"
}