{
  "id": "0fl5lrw6bd0igdamw92c",
  "env": "backup",
  "job": "50abu2mc7e2qisgeb4rv",
  "pod": "i0hssok1zuz3zgdnamy4",
  "url": "ik74mokk51qwgseaqjk3",
  "name": "PrometheusNetworkLatencyHigh",
  "note": "oqxrns0mob5ai8pzaav4",
  "group": "rppqvaxfo2lo5nefmuiz",
  "pushed": "1sk0c2e9sy7ai786yzxo",
  "region": "australia-southeast1",
  "source": "npdsokls5ozxmono8snp",
  "status": "d2nsy74atorbesusy69t",
  "deleted": "x0gzr4dcz455g48kd9zd",
  "message": "5c7qq840ks7xvgaliu21",
  "endsAt": "2024-07-12T09:30:46Z",
  "generatorURL": "lwwadxg3n395isv0g13f",
  "project": "g0kpco09vsqe4euun8lu",
  "service": "2kb6sx2h0oxhsjfmyvq8",
  "assignee": "f28fg7zrd3zpsdgp6xvo",
  "endpoint": "juiocq25m5izcl1bi2ac",
  "event_id": "ays4f1x888ym0bvwbwq8",
  "instance": "239.102.139.236:16863",
  "severity": "medium",
  "startsAt": "2024-07-12T09:23:16Z",
  "alertname": "seajpn1kkt2wsyd421fy",
  "apiKeyRef": "wn7gan1e53t8786ici3f",
  "container": "wv2xx3tv15r3o40l60gf",
  "daemonset": "y6ruspx7vx4wzxxde1eu",
  "dismissed": "axt6jg383mtk3veld8lc",
  "namespace": "ig5ap9xes1xkk3cxsmi8",
  "alert_hash": "kxzukg1wpha4pohgc1xz",
  "prometheus": "a5hracylndyybgw8sh38",
  "providerId": "2rrzlfg02j7crhi9psly",
  "summary": "eami0kpjq0dfuvxsobpv",
  "runbook_url": "uv6y4djfmf2ho5usengj",
  "description": "Network latency has exceeded acceptable limits.",
  "environment": "pa9no53wvffega4lhenv",
  "fingerprint": "v9crkgp8",
  "isDuplicate": "ujm1uebplz6qad46009s",
  "dismissUntil": "y56c4lfq2xknqvymc1fa",
  "lastReceived": "2z6nra86zrf1jw1orjkx",
  "duplicateReason": "26vhv5afp8fbi50xakd9"
}