{
  "id": "m4l0fmbaudvy5297dqzr",
  "env": "staging",
  "job": "8mm53w5tt8xpopw0vdly",
  "pod": "hzfu7q12q9l83vvoyxdy",
  "url": "e9hpj05p2eh3teer9x7r",
  "name": "TanzuKubernetesGridApplicationError",
  "note": "n4qnhqfyiqjg9p5qx9la",
  "group": "fgw14wb0g6gy5mhnwjul",
  "pushed": "bwobg2hqrkr1mvapvdt4",
  "region": "asia-south2",
  "source": "ao79ld4rv92uff3o25va",
  "status": "lklknan4ja6nxs0b0uk0",
  "deleted": "b9bm6rvxfn6trnvg6ndg",
  "message": "1xsbzr0ki3ch06v958md",
  "endsAt": "2024-07-12T08:54:21Z",
  "generatorURL": "sgucapac2nh0bm8heai7",
  "project": "joblo8zolblx3ih9ifa6",
  "service": "iuy4e6odb95e421w91du",
  "assignee": "awc7kiiizkxjkzcgp1cp",
  "endpoint": "r0xazmso92a3fg7hopx2",
  "event_id": "y3kwuk1wm2daa77hqouj",
  "instance": "134.74.134.103:50297",
  "severity": "low",
  "startsAt": "2024-07-12T08:49:41Z",
  "alertname": "o9m4h9eeldpenwxmlz3s",
  "apiKeyRef": "6ixijhn6tum4wp6kgyq5",
  "container": "1jhijp66za0kivmhrhwz",
  "daemonset": "d9d5mgl988qqtmqc84is",
  "dismissed": "you9r95rhvv9ney63bnc",
  "namespace": "3ofr93ms5glomsrg1tax",
  "alert_hash": "aojtihlzxmq0ygqehxxa",
  "prometheus": "n8cjy541u9qxs3hv3ns1",
  "providerId": "25b4k9ubtb4sx0z0qzif",
  "summary": "mhyoejznzi1kovduvswy",
  "runbook_url": "uyqkyal66jh5rh3htz84",
  "description": "An application error has occurred.",
  "environment": "wzvgafeouqp5kn1ivbw0",
  "fingerprint": "6r5r475t",
  "isDuplicate": "6r63oxqkneszyok9alg3",
  "dismissUntil": "92zt6fhmlzlf2bbgh2z1",
  "lastReceived": "ooh68b6imqnw7tf92e3v",
  "duplicateReason": "4go4ahve64yl5jhee6p1"
}