{
  "id": "tccp29t631fr13xrktn8",
  "env": "testing",
  "job": "n3qbwhgqc8ohj0d56xne",
  "pod": "cd2kdtiwstg611962po6",
  "url": "yrm2ujz4arr6dlyo2p5k",
  "name": "FastlyServiceRestarted",
  "note": "wuvlnq53frbnbd7s07nx",
  "group": "u3zio1nppdf3ng00em2i",
  "pushed": "aqh399f2cb2llepk4ewd",
  "region": "australia-southeast1",
  "source": "55dquywzr8j3eiupup8n",
  "status": "5njscmqo4fylyphw1ajs",
  "deleted": "hr9mcyvt3n3lv5tqe5mp",
  "message": "usezjoxsi608hc2u310q",
  "endsAt": "2024-07-12T08:14:17Z",
  "generatorURL": "3ojm36vehrsbsygzmy7m",
  "project": "xm80yzhtlmxhlzkfnypp",
  "service": "skfoy3hta3zmhtlidj3j",
  "assignee": "3178396l79bi1s2x9ucg",
  "endpoint": "p769xcyxcdu8gqzcfohm",
  "event_id": "cef2aufqfomlq7gemosm",
  "instance": "52.31.16.26:59560",
  "severity": "critical",
  "startsAt": "2024-07-12T08:07:04Z",
  "alertname": "oyju6e9ubrzedc4uqz7w",
  "apiKeyRef": "8b4s0n6prpax7old2h0g",
  "container": "v7qlh7open9jj1vkqhyj",
  "daemonset": "492xwm2wcjt0odce0sbu",
  "dismissed": "vncygi1he5funms3aobv",
  "namespace": "nfckb8dzy42a3mpa3nt0",
  "alert_hash": "mh3rierlzyjx6b306jwq",
  "prometheus": "815dwre724oewqwpqgzg",
  "providerId": "7bcu0tc7lzs7setw4ng3",
  "summary": "4649n0toje9f98wy9z77",
  "runbook_url": "eu14esvfo0nkfqcgmm4t",
  "description": "A service has been restarted unexpectedly.",
  "environment": "78y5k6ujrgfp4b0hsdnm",
  "fingerprint": "by219a78",
  "isDuplicate": "8z45bfy0d3ap363fx6cz",
  "dismissUntil": "i3ya6itna83vldvkpcyc",
  "lastReceived": "qzqduh1gtkynv7unqpba",
  "duplicateReason": "06f81nuwpnzm82tb777w"
}