{
  "id": "v9i8fth0zf7zc171prmw",
  "env": "pre-production",
  "job": "8b4hvbld6fep0oe627wc",
  "pod": "ktzm99utp5n0si71nlr8",
  "url": "8mxrd88aolrds150393j",
  "name": "KubernetesAuthenticationFailure",
  "note": "b0o9ogwsz80mvr7yoq2d",
  "group": "k3mcp78z3pkw2as42111",
  "pushed": "k5yadjzit9q8gqtauohq",
  "region": "asia-northeast1",
  "source": "xwmzghgw8q7qt9tfm5a1",
  "status": "u787rnfm3inywd84qdae",
  "deleted": "5zf5soohog2v9t4xjm7e",
  "message": "s0klc6roex7wgqd55g6d",
  "endsAt": "2024-07-12T09:40:56Z",
  "generatorURL": "hkcoydd50zn7nftuj01f",
  "project": "lw84dk6hjqydoj4vtj76",
  "service": "56fy2k9whjjpnef82wr0",
  "assignee": "xiacf7wlcy5skhxeuk8u",
  "endpoint": "t8e9cffxwnutcyuy1j4q",
  "event_id": "hvkecbom1laa52531g5l",
  "instance": "24.153.80.62:47829",
  "severity": "info",
  "startsAt": "2024-07-12T09:34:28Z",
  "alertname": "zg9tbxhlvmarvb2hxbku",
  "apiKeyRef": "oo970zjptrq33xe4y6k7",
  "container": "fg10tldzvrtbo4tneh43",
  "daemonset": "usakro98afzfsdceg02l",
  "dismissed": "h8yh1c9qy3gbq6ibmci5",
  "namespace": "sw71qp77sw5iyl0m14a2",
  "alert_hash": "70c2giqbey1l2muq5b2m",
  "prometheus": "fxozhfoo1d0gu3olir6g",
  "providerId": "e8lkjl58icbtz3n5fwfg",
  "summary": "utkahay9darzh0p90q1o",
  "runbook_url": "a901bmaecseius0dzndz",
  "description": "Authentication process has failed.",
  "environment": "e9n02qnvrbv01m58852t",
  "fingerprint": "aiv5rsw7",
  "isDuplicate": "s66e4f6nlh934x024kjt",
  "dismissUntil": "6952k0bhme9m1kmmdomd",
  "lastReceived": "6jol0x8cvcjc1o4olitj",
  "duplicateReason": "6pyrr6voz8t0dps3z4e1"
}