{
  "id": "kjo45xprn0dgn0xksjx7",
  "env": "staging",
  "job": "a4g43voyc1uti4h9wvqh",
  "pod": "hzhfriuv739swz7k7phm",
  "url": "m6180tjyerhg8kl4xhd9",
  "name": "CircleCIServiceDeploymentFailed",
  "note": "16a90miyah2ovvmigopu",
  "group": "pnpz1mr23dqy39td956c",
  "pushed": "ogt91300dv6emsgfcfew",
  "region": "us-west1",
  "source": "rnnp6qo12ref95xy7f4k",
  "status": "wt1z43gwai1y2tghkoi7",
  "deleted": "zhccc51vovsasb4crncc",
  "message": "q3uu4yaqqx57s1sizacr",
  "endsAt": "2024-07-12T09:15:29Z",
  "generatorURL": "56tcnqz3rcoexcls83of",
  "project": "7gl1rpzxxwm3xjjr0zl4",
  "service": "3gtt32a0mtuatdqykcjv",
  "assignee": "6031ealcmrw60dtxs814",
  "endpoint": "glyvoviphgkqzz89idwc",
  "event_id": "ewu0onhzxn9v9qiie5bi",
  "instance": "24.145.234.30:17654",
  "severity": "low",
  "startsAt": "2024-07-12T09:09:50Z",
  "alertname": "fizt8hc5wtlnyxu7zju6",
  "apiKeyRef": "pwul3rvqa2jnocal6e4z",
  "container": "qxkpgq5ictzifgg4fsvx",
  "daemonset": "j7l4d24ulbrgzirc5kr2",
  "dismissed": "s1djrdnkgm79i1f4n9nx",
  "namespace": "t4mz2q1bxf7nmqp31ffn",
  "alert_hash": "09qbw41syvx56dypqiu6",
  "prometheus": "ru83t1ujdq7p1ouk8nma",
  "providerId": "ccl73of8813nmawodajw",
  "summary": "ksdbc5vfnzap9u0piqhx",
  "runbook_url": "5g8i23vj0fe31c15m7c8",
  "description": "A service deployment has failed.",
  "environment": "ko9e4p0vytfo0i742a16",
  "fingerprint": "ssgxatxx",
  "isDuplicate": "39gh4t9n520kzxflguih",
  "dismissUntil": "9xpr7udd99by3yl4n1jq",
  "lastReceived": "nr9e45rx8gr1k8mfn6r2",
  "duplicateReason": "aa7xqa4qzkp3b08kn6ru"
}