{
  "id": "dsry5tqdgbxgdq9sdaos",
  "env": "production",
  "job": "7z44se5adcyrl9riwxjx",
  "pod": "ymnduw2to8sj2sb1cugf",
  "url": "557c9wcbpp07q8lqxh6h",
  "name": "MicrosoftAzureSQLDatabaseInsufficientPermissions",
  "note": "t16kg5xh4auipkqck17a",
  "group": "72fxta04ug90a249jh1u",
  "pushed": "ecos0qsltlv712cu1az2",
  "region": "europe-west6",
  "source": "d1k2u9ggmue4zr0sgyz4",
  "status": "itc0nhywvcsqg6e2l422",
  "deleted": "4pxtjl8bghcqehmxtdkj",
  "message": "b0ibe9cvvlz3zaerk5j4",
  "endsAt": "2024-07-12T09:34:18Z",
  "generatorURL": "dowe5nayij5f199v0qos",
  "project": "hmqhvbjvy9zo7y26v0nk",
  "service": "4ctimuxc9qyu0590azqj",
  "assignee": "kwmael65s4sew7fxsy7r",
  "endpoint": "w21zorm1n24dm275lvin",
  "event_id": "im7cl0p1bkcfsvrqn8b0",
  "instance": "124.247.240.118:4778",
  "severity": "debug",
  "startsAt": "2024-07-12T09:28:45Z",
  "alertname": "4xm1idixarqb4pcpa3ox",
  "apiKeyRef": "yv77s4x1vwaignbuyosu",
  "container": "cgw1ebv5sv9vov1hzykc",
  "daemonset": "1zqh5r4cw0rihg76h4xz",
  "dismissed": "kjjgnulwic1hdg169oxi",
  "namespace": "kl6i20b73egngf45bd9w",
  "alert_hash": "9x0z8zvhzi6qrfuku3yx",
  "prometheus": "q0cws4c9rmlk9kkri753",
  "providerId": "ty9dbock3gtpm0alhqwu",
  "summary": "2f5mlrqvvnb138wtuto9",
  "runbook_url": "bmfywgeqto8ziovet45d",
  "description": "A process or user lacks necessary permissions.",
  "environment": "zggkzhtr89povfrpnuyf",
  "fingerprint": "i2vdyenl",
  "isDuplicate": "7mi4zrpxe4hsl1suwxnx",
  "dismissUntil": "o7ewtzyk8scqbwhv2bkd",
  "lastReceived": "d1tosfiix5o7nxo2peng",
  "duplicateReason": "qg0w3y7nxh3b1da7hbdg"
}