{
  "id": "6bpgybn1eb3t0pm5zze9",
  "env": "backup",
  "job": "zu2nkhqz32gpyh2anuhi",
  "pod": "oindayh9k88ff96g6qq8",
  "url": "z146511jhb7ffoly2962",
  "name": "PaloAltoNetworksServiceDeploymentFailed",
  "note": "gqup208tqj7su7pamrtu",
  "group": "wt0tsjmpwi70jdenmhtg",
  "pushed": "fd8nhsay1iq50ajpwryu",
  "region": "europe-west6",
  "source": "dklr7xoolpingdkgq25k",
  "status": "pnd90w7t764nstycq4tp",
  "deleted": "toakakjk0wordrtvyqq7",
  "message": "2ctkpl266pvcs8q1mjv5",
  "endsAt": "2024-07-12T08:54:04Z",
  "generatorURL": "612htitjqi9zwal506i2",
  "project": "l13w3ien1h8hu35pfc3k",
  "service": "8smyj4af903065q6fxby",
  "assignee": "3nikkyaguxr0l9muh9lz",
  "endpoint": "a2g53gkn93cs7hfemugu",
  "event_id": "zw6xogl258d4xevmg5nm",
  "instance": "122.237.172.41:32811",
  "severity": "low",
  "startsAt": "2024-07-12T08:50:21Z",
  "alertname": "ma28udn32xva2me2bei1",
  "apiKeyRef": "g744wuxf0p6d29bwyh9b",
  "container": "zppwpl1hnoeh9fc9iy5g",
  "daemonset": "lg9nof0o74ir3w2vd65t",
  "dismissed": "hf3aslnfa8moqc5dakag",
  "namespace": "0auo4yy669exc307mqkb",
  "alert_hash": "qn9ce6jprqn7k7w0egoz",
  "prometheus": "c27hkfppwh5z6n7vdvih",
  "providerId": "s3oj7rmqzet0q349jf8l",
  "summary": "1czeiomw9k2v18dg2wmu",
  "runbook_url": "ve2wz9cgmau39rgppqfc",
  "description": "A service deployment has failed.",
  "environment": "jkvghhl6pbbdrkrbk4co",
  "fingerprint": "l89zgsl5",
  "isDuplicate": "vhkfzbraw02fiizdkfhx",
  "dismissUntil": "h646t37b48zx5o90cv2f",
  "lastReceived": "qi8xccr2ecix0s8dinuc",
  "duplicateReason": "jujx34i7go67rzatsv05"
}