{
  "id": "vfjd6ljerk984bkgtgz2",
  "env": "pre-production",
  "job": "qyvud69luhu5rbtbrh2v",
  "pod": "r7x8uy3dgo6hu26hluiv",
  "url": "xzc50aockrd1nciljssg",
  "name": "CircleCICertificateExpiry",
  "note": "nh0u2qghu8wdr2qk5jti",
  "group": "7igl8rm24uc2lf2omfbr",
  "pushed": "juod46xegpokhlzch7fs",
  "region": "asia-east2",
  "source": "xt3okkkvyuvp3i36m048",
  "status": "f8oq3eyuiqh2ny7bi2ly",
  "deleted": "fys81jybhks1np0ouvly",
  "message": "uhvgebqi8xewvkoqny53",
  "endsAt": "2024-07-12T08:32:32Z",
  "generatorURL": "w29xmej4gb0w5q1xrurm",
  "project": "ra3bq9ew8wz4tyave6iv",
  "service": "q14l7xz2a1mfprwe77ip",
  "assignee": "k7i271dobcsxsy4ql1zc",
  "endpoint": "3kluc571n3f87x9ikr2b",
  "event_id": "uj7s7df9vxmpj724hq6o",
  "instance": "53.145.86.9:46832",
  "severity": "high",
  "startsAt": "2024-07-12T08:30:55Z",
  "alertname": "6z4rp3k65undraj0jxaw",
  "apiKeyRef": "bjpwo1inawpl9knun5js",
  "container": "fkelz6vun1e2vflp5v15",
  "daemonset": "340euql46wu0iangfzmt",
  "dismissed": "88zoryhmjbng6cskh2l3",
  "namespace": "2dlrt291fwzlnoefencl",
  "alert_hash": "3e9m0cs29docyg5u1ijp",
  "prometheus": "2vav4jwr280kndgfgx82",
  "providerId": "rsqa5b4m5vwycabu8rg6",
  "summary": "6rolzwm2ssv2rewwdb9h",
  "runbook_url": "gn0uh5plm3nk00yl32kx",
  "description": "A security certificate is about to expire.",
  "environment": "do2ql4s9l7b0tds356vo",
  "fingerprint": "lrip5tef",
  "isDuplicate": "35lnthgwatg7oownzktk",
  "dismissUntil": "3qde4nxw9ebqd44tpw9v",
  "lastReceived": "s7686kgp7m4lxe602n38",
  "duplicateReason": "qnm9ptovi7n1pdy68g44"
}