{
  "id": "zryo0oyxraqjal5rqtou",
  "env": "qa",
  "job": "q7jjq7dctwpj9uvnawbj",
  "pod": "raqzlrxc4qtiblkr3mkb",
  "url": "uaewbdj7x9xcgk2h5e3x",
  "name": "CiscoSecureQueueDepthHigh",
  "note": "j2ha5lcgt40vcp6btbhp",
  "group": "opv7slqsifvxh5q8qz86",
  "pushed": "61k0onvpqy43djw7te9i",
  "region": "europe-west1",
  "source": "psjuhkwl0a1upni08ox7",
  "status": "anktet5tqgolav93jiaj",
  "deleted": "7vlj1weem49xyde815gk",
  "message": "b1i3870zt3ygbcy8izov",
  "endsAt": "2024-07-12T09:54:43Z",
  "generatorURL": "fz7nys9exitxiel74x1u",
  "project": "24nrmntcnbx01y2tfbbp",
  "service": "wbeoau7ot10esqf8krq3",
  "assignee": "cfjla8u1hil70dnly84a",
  "endpoint": "vk61t61r50wdm10ku84e",
  "event_id": "xjy5n3lkf9ximnm4xfbo",
  "instance": "54.32.112.227:18293",
  "severity": "debug",
  "startsAt": "2024-07-12T09:48:07Z",
  "alertname": "6mpi996piopuqvqmarkf",
  "apiKeyRef": "zyldl31n7eop35pjyspy",
  "container": "2zlaaljow0ofybwrln98",
  "daemonset": "fzs11jqr53uqwirmykpf",
  "dismissed": "w3kl09wrwi9hnvu6dmdb",
  "namespace": "yhknm0qb2qjzedqbrpd8",
  "alert_hash": "gn1r6xgbg6zt9yao6fdk",
  "prometheus": "kvog3c5n7vfsl4wf9xzl",
  "providerId": "2wzpvagpje1p73rm3re2",
  "summary": "a1lj5o5mhozjv2r5toe5",
  "runbook_url": "s8i9jb8av2wydzxadly1",
  "description": "The depth of a queue has exceeded a threshold.",
  "environment": "9c6fctyi25fbfnblwgml",
  "fingerprint": "r87p8tdo",
  "isDuplicate": "nfs3e6yqn0bvarlws7k7",
  "dismissUntil": "xz54dyjodp7jqxyfes1m",
  "lastReceived": "689ckjuc8q1qvgpfqp39",
  "duplicateReason": "e6710fe44mb0e3hed8cb"
}