{
  "id": "rqbjml0k5kc67o54obyz",
  "env": "qa",
  "job": "ilfcxzivx2v0wc72m13k",
  "pod": "klejm7vyntapiul68snt",
  "url": "lmje8ijr2v46g61f4dt5",
  "name": "AzureActiveDirectoryTimeoutError",
  "note": "hn09kp9e21sv5revvrhb",
  "group": "pv4rbc8fe5x3a64ygp5l",
  "pushed": "dfc8q93if1wy40sol11e",
  "region": "europe-west4",
  "source": "alkaga3loesahm903217",
  "status": "wij4utphby8txa4zlaxf",
  "deleted": "4cvfjxcmrxspu0z979wg",
  "message": "36qjptjxq4azjgidril2",
  "endsAt": "2024-07-12T09:04:26Z",
  "generatorURL": "yf2d7fwqiuvog0u5f8ow",
  "project": "wu0792iarrzqs2kf1q17",
  "service": "rwyeetbk2m1b258tri3y",
  "assignee": "y9rsi5kk0lmdysbqhzf2",
  "endpoint": "iiq6cn2zmqq5yg4mmliz",
  "event_id": "llhqex97fk28qi94v8ec",
  "instance": "91.41.198.131:46729",
  "severity": "medium",
  "startsAt": "2024-07-12T08:59:32Z",
  "alertname": "l0fthq2qyg4mnmhai0wa",
  "apiKeyRef": "6f74nuhm18qwz2yc0j27",
  "container": "pegp8ztsvyk1yfd4z2wf",
  "daemonset": "k0i0ocje4e0kiku2twq7",
  "dismissed": "lda2nt8kyfy8jficpqa1",
  "namespace": "yyr0odx112ahqmixstd8",
  "alert_hash": "my38qy2cm8dtuzdvtqhy",
  "prometheus": "rw707d9jmxppqhzscfdc",
  "providerId": "102v6uzunh7036cgpy3z",
  "summary": "ld9pczg3wkqzkqw6pdaq",
  "runbook_url": "j6h1xy2n3nssnxdbw565",
  "description": "A request or process has timed out.",
  "environment": "irqb4p1r6lg4c4oeh6ow",
  "fingerprint": "wy9k0bkw",
  "isDuplicate": "5agc75gi1k7xv54nljtd",
  "dismissUntil": "txy4asj3q999kvvldw9v",
  "lastReceived": "92vywjnhrjtmqt7al09y",
  "duplicateReason": "wbiynrpg4dburrfnrndg"
}