{
  "id": "42ifw2wxivptjnu6kx7g",
  "env": "backup",
  "job": "0su2461pzjs6hysxt0so",
  "pod": "tncphlssk94cak0pleb0",
  "url": "3cy1r3yair2qw49qj7ly",
  "name": "MongoDBAtlasUnauthorizedAccess",
  "note": "f49rbe8y3upggm3hv1y8",
  "group": "idb2oqxwxrqsrj53u9dq",
  "pushed": "7c1nehj0vl2fbi4g6qi6",
  "region": "asia-northeast2",
  "source": "ih61p6iai3gxy45kozb0",
  "status": "oqlx3ezdfkxb31ino6l2",
  "deleted": "abs7fe74bzitd0bhw0cf",
  "message": "iga8qhxvjtajc5zp1hjw",
  "endsAt": "2024-07-12T09:34:16Z",
  "generatorURL": "k63gbhit6vtnmg5vrhtm",
  "project": "36xgfzklllos4kqi877x",
  "service": "ycez7tuqmpend8ui7xp3",
  "assignee": "vqt68x84hccq45h76y6d",
  "endpoint": "df2lr2s1r9nl5tlgxnxf",
  "event_id": "rht4c9mmg3xzacdbxjtf",
  "instance": "169.231.235.31:5119",
  "severity": "warning",
  "startsAt": "2024-07-12T09:31:43Z",
  "alertname": "jc9abij22vihiioi0hwn",
  "apiKeyRef": "b0ny9b5ogb5jbxbmnvbf",
  "container": "441x4ml3eojj6ui03j0f",
  "daemonset": "5h15ia9hjd7bucti66k6",
  "dismissed": "3pjqpoo7ynol7jr2qvpp",
  "namespace": "pmg8adx9msel6x66gcsn",
  "alert_hash": "qp3y7h7eq4vuh8o5ti41",
  "prometheus": "3lqrukiidkhsi8my1y76",
  "providerId": "fbrutx5ormgadqbryx0y",
  "summary": "avbk7n031gqdy6rnyn81",
  "runbook_url": "wj06s1kqo4bfuktayrkl",
  "description": "Unauthorized access attempt detected.",
  "environment": "xscf5ohcrla8i5dlc96j",
  "fingerprint": "cs4ohme1",
  "isDuplicate": "n62wantr0birfkuyamau",
  "dismissUntil": "v13zlvz7bkq0zjl6e5um",
  "lastReceived": "1uii3apmk8cc3d8xhnb4",
  "duplicateReason": "qndpzw7eziyeneimuc67"
}