{
  "id": "xjop0k9yin6dqvssr7hw",
  "env": "backup",
  "job": "p8997m7najn153yba8sd",
  "pod": "mufmuv7ct55r9r4ok1ie",
  "url": "gk28523s87chuo4bgjy5",
  "name": "MicrosoftPowerBINetworkCongestion",
  "note": "37jycu7pneye7dsmwf8e",
  "group": "izuasbaof7rpihex9zwd",
  "pushed": "kf4bapzjt5qsyxriperw",
  "region": "europe-west3",
  "source": "cysbrrhe4cbroc288ttg",
  "status": "75x0e1aty3q3ovz3dnzm",
  "deleted": "vtpk0pb6aqxo6ur1dfwo",
  "message": "3uu43m82sivvjmjl8d2e",
  "endsAt": "2024-07-12T08:25:59Z",
  "generatorURL": "gi9d362wdmrve7ru5z7g",
  "project": "3ebkc32fbcw4lh60ui3q",
  "service": "8d948v79gfbhm4n12fgw",
  "assignee": "w26we9hkiw80s9xe8lau",
  "endpoint": "k4kjtxtlg5sv8maslaiw",
  "event_id": "t60utl14ws8jtvcsyg9k",
  "instance": "148.27.182.137:38272",
  "severity": "medium",
  "startsAt": "2024-07-12T08:18:58Z",
  "alertname": "hnhfmdvcf7hao44hsd9n",
  "apiKeyRef": "7xdxck1t5ei1i5m3nh5o",
  "container": "m3ttsy55iv7a0f16tpdo",
  "daemonset": "nibc4tir1nw125imjtoq",
  "dismissed": "qy19zbqn9ftkgrrf24l2",
  "namespace": "kb1hse9ml8bq69hnlv31",
  "alert_hash": "7nrv2lg3sp6qs547bohi",
  "prometheus": "7su481uyzfpbzl7ajo7w",
  "providerId": "bje3geu9xbip0gfphm1s",
  "summary": "qf92w8xbbltd5q5vortp",
  "runbook_url": "lqp8s374hpd52jlnaoqv",
  "description": "Network is experiencing congestion.",
  "environment": "qezhkbtz97t1138zds9s",
  "fingerprint": "iqjn10p2",
  "isDuplicate": "bcngetlu9i37taceqxsf",
  "dismissUntil": "tqzulh5qgoj6i3m52r3h",
  "lastReceived": "el0q3ekz3weibzqo4c3a",
  "duplicateReason": "3imogcayk9g4i2tn4ibj"
}