{
  "id": "n2g40vxuvor3mz1t6aog",
  "env": "integration",
  "job": "3yevardr5klizfar4dvt",
  "pod": "sba8l0w38wgiaxvlhbet",
  "url": "tsfjsy8830zuc380e1yy",
  "name": "CloudflareInsufficientPermissions",
  "note": "4uhoqdyk2u4ftjphcwlu",
  "group": "5pym3zgwg5wu2y8to0l4",
  "pushed": "13bakkdp03mi3vs5kcpd",
  "region": "northamerica-northeast1",
  "source": "4r3genoj0riimyxjf6vb",
  "status": "tmo50k39hfhg6upkp8kd",
  "deleted": "cweqnfqrtx9ddwubse72",
  "message": "r9wx880b4y9mnqsr96wf",
  "endsAt": "2024-07-12T09:44:11Z",
  "generatorURL": "59ea4c7n5ydecezs2ira",
  "project": "r4n7j682a4c3egp1jgj6",
  "service": "oo5d006vxstlb210t4pw",
  "assignee": "vlw8s23n7qtfttctx3g4",
  "endpoint": "1jq2ecgyxe5b4m47y8rw",
  "event_id": "yw5orcty8w95t6df3bpm",
  "instance": "26.204.99.161:17002",
  "severity": "debug",
  "startsAt": "2024-07-12T09:40:13Z",
  "alertname": "rdm8ff4vhslnoxdkiyt2",
  "apiKeyRef": "y5o5e2fpumk50qhcnrhl",
  "container": "ekomuotzb3we2c1i5elt",
  "daemonset": "rx0yosy0b2y94b0wm70w",
  "dismissed": "xa5t9gw9c161em9ok29t",
  "namespace": "as0n2a62s4vevw42jcq7",
  "alert_hash": "izbprb0fhj7sj8gkbwxi",
  "prometheus": "lje9yeonx4y0fi0onu1a",
  "providerId": "9mdzbjrxir19oavckk1r",
  "summary": "gi2k5blkws2cuofea083",
  "runbook_url": "x4po1un9um6r6bkgas69",
  "description": "A process or user lacks necessary permissions.",
  "environment": "3yqhg323j42r3u0o92a4",
  "fingerprint": "ig2o4z60",
  "isDuplicate": "wr0qtwe2bs7f7n0tjha9",
  "dismissUntil": "ugeqfa31q17im2i6dxia",
  "lastReceived": "5b0o5m4o85rgpo4ls0hy",
  "duplicateReason": "dbs6gpqbchqo6gyh83ia"
}