{
  "id": "34puxv0h9v7jecwaidkz",
  "env": "demo",
  "job": "6frnotbfjprtpsd0bk48",
  "pod": "ge78ruezgrp8mcrhiu7c",
  "url": "70gt478bb2cwchaqzkm3",
  "name": "BambooAuthenticationFailure",
  "note": "6jwpdvexshh8wylyelb2",
  "group": "fef43wj0r3octacbxn4t",
  "pushed": "lxe97xo7avwdatb1ga4a",
  "region": "europe-west6",
  "source": "d0ylbtuqnyagizy7mj4n",
  "status": "swk0q6yvlo8wuiall13o",
  "deleted": "zfm4zp3lev8ucop33zzp",
  "message": "sr4wjnybsyucfe7zt0n1",
  "endsAt": "2024-07-12T08:39:58Z",
  "generatorURL": "opxjkd4qirjkf7evmlwh",
  "project": "d7czvdops7860a2m18yq",
  "service": "yhpsjgmft2i5d8j1cui0",
  "assignee": "2qosjbuwxkelmuy4xyol",
  "endpoint": "3ezl0y2fapff2kwlmehv",
  "event_id": "8pzgi4og3rc3qy0vh93n",
  "instance": "119.104.134.245:24340",
  "severity": "critical",
  "startsAt": "2024-07-12T08:37:48Z",
  "alertname": "r4kfv1hxw5in77eioina",
  "apiKeyRef": "2fxvnjivkwqmoj55od03",
  "container": "obphl812d6ldd08je42f",
  "daemonset": "sto4kon2u8fsj7svmnh9",
  "dismissed": "b6ml0rmv8luybnafzm93",
  "namespace": "73jh6t566czdoanstv8p",
  "alert_hash": "9dinnncz926slcbbsxui",
  "prometheus": "ddwygo2saoqmfbxpjng5",
  "providerId": "jo4fxupzm1nh49969vpn",
  "summary": "07l0247sjt72w39sxtfe",
  "runbook_url": "9nyxfnzm8i8vajgi9opp",
  "description": "Authentication process has failed.",
  "environment": "rt3k58pmlnfg25x22u0u",
  "fingerprint": "qeg09wlx",
  "isDuplicate": "qzt5sbgtav61qsi3xiqu",
  "dismissUntil": "l6rbwcyssssbwqw32z8t",
  "lastReceived": "kl1keoiyadjlrlphtk0z",
  "duplicateReason": "50ecijnlv1m1eh1og1ww"
}