{
  "id": "di72ro0fqetmbct4k2qw",
  "env": "pre-production",
  "job": "hjkfd00mkv049g6y02ii",
  "pod": "mj7tkagltxgnaeyz6vmi",
  "url": "woab6p5yc37ushhp8vwf",
  "name": "AcronisBackupStorageIOError",
  "note": "i58w5c0rl5opphlh9rnj",
  "group": "h309axuurrz7i2s2xy8h",
  "pushed": "5abrvri48mt1pw4z9nb9",
  "region": "europe-north1",
  "source": "dzuu8q66ihg1n67tywwe",
  "status": "xj303ohhxe7j9jrivwor",
  "deleted": "rc49km8aqa3lg1t9qamu",
  "message": "po08la5mdrdoc3s29185",
  "endsAt": "2024-07-12T08:11:40Z",
  "generatorURL": "qfb4rkdwkdidvmuftq7p",
  "project": "gzg1c4w8ql47ojdkxtw6",
  "service": "wyx8o1m69khxl74bsy23",
  "assignee": "c4v1h8jp2aavfdcuqfsp",
  "endpoint": "ruw9ahnkbaf6knrndzo0",
  "event_id": "l0gpba3mj3r9hikdqaqk",
  "instance": "116.181.185.155:18361",
  "severity": "high",
  "startsAt": "2024-07-12T08:02:39Z",
  "alertname": "fid9mezqld761mq16m05",
  "apiKeyRef": "ax5bxu5fvm95jr412wvb",
  "container": "m2e6bnrloikqhzp1kbx3",
  "daemonset": "dusauqf89t7tiafi7lxw",
  "dismissed": "cwavzueo2rbq5dlip365",
  "namespace": "p4hrsle9dkhi3oqzpnit",
  "alert_hash": "str4gnaxkfxi2ly6kbxr",
  "prometheus": "d8z0z9rsymy54jivulth",
  "providerId": "cuusqhltup2dakjfrhmi",
  "summary": "1juf1w70j4o0jh51y0f6",
  "runbook_url": "1zrnlc1xi3cpf2lr1dcr",
  "description": "I/O error on a storage device.",
  "environment": "ihrqu1il70fcwu254gpg",
  "fingerprint": "orlrue0u",
  "isDuplicate": "jqsfseh2g8nu8f9dj3lf",
  "dismissUntil": "gr0e3e5qxgtx7pchi976",
  "lastReceived": "5sl99hbttk358lgkkg5g",
  "duplicateReason": "kq4ftds2inbpm3wdmeq1"
}