{
  "id": "a0xtaboqimcgwpdt7x4u",
  "env": "demo",
  "job": "pm5k93xmu3ggdjqdpcfw",
  "pod": "rzopdkgq8iaba6cogaxe",
  "url": "g0vobu0o0blvdvztybjg",
  "name": "AmazonRedshiftCPUUsageHigh",
  "note": "pnvgwijkafut367bx9wv",
  "group": "po5nhy41ers0dw8dkxco",
  "pushed": "itqcsldl1q1vltpv0mbx",
  "region": "europe-west3",
  "source": "40u79ydmyh1c3ev087cv",
  "status": "r1qqhvrlhbs97lhv9lxh",
  "deleted": "q5hry1ehlqqf1n9ct2ds",
  "message": "y6bzw4tnc3yphwwtiji0",
  "endsAt": "2024-07-12T09:21:44Z",
  "generatorURL": "dwitt65qxhe3d11zudu6",
  "project": "nhb0vpumchv62o6og43k",
  "service": "w42o3xmrk9i4z4selke1",
  "assignee": "wrw4bfky1hhbq2nwr4qj",
  "endpoint": "aw4s3a5zaqlgv2unq8wg",
  "event_id": "5ox6j9h3smufrult39it",
  "instance": "66.144.112.110:29695",
  "severity": "high",
  "startsAt": "2024-07-12T09:15:45Z",
  "alertname": "4g3ez4eagf3en2vtzhlo",
  "apiKeyRef": "wg4tiye5mp8m0fqfk0y8",
  "container": "278bavp4f1j7pgjwd6vw",
  "daemonset": "85x2oefw8e5c0vi2pfvo",
  "dismissed": "4q339mlli5mmoeuvx5sf",
  "namespace": "nauwddh6g7niebhgiep1",
  "alert_hash": "b4c196hhrohpq4culmxp",
  "prometheus": "dkqnxwdidnolzr86cqh2",
  "providerId": "ongc9c5ujvtslhdq2w6v",
  "summary": "f9jg4vabe04095xh83pi",
  "runbook_url": "4idm08gbb65h4q3lo1i8",
  "description": "The CPU usage has exceeded a defined threshold.",
  "environment": "y67xihfzoujeg1f4ghft",
  "fingerprint": "f7enffkh",
  "isDuplicate": "1jqwdh1guejkkc6fqknz",
  "dismissUntil": "cqnic5v9xsvgp2ojc9k9",
  "lastReceived": "m9bjfvos4dskci001isl",
  "duplicateReason": "85axmqqxh9qydcss9jdt"
}