{
  "id": "gfw9qbvunjsqwvixqny0",
  "env": "qa",
  "job": "dx3vfv0x20jnp1d3s7gw",
  "pod": "4psap47if814ohxbku4v",
  "url": "fjdoqpkj0nxg7lub1anl",
  "name": "GrafanaHighLoadAverage",
  "note": "xda7z4xrlnpmaiu1ctrp",
  "group": "vlx1e5lydlare2n3ki0m",
  "pushed": "9t13ao81138zrx4j7nrt",
  "region": "europe-west6",
  "source": "njgr4uiwfyc3he4ocp9z",
  "status": "aelhxeuamqte0c7ew4rg",
  "deleted": "jszvit6wbb47fj4k9bo9",
  "message": "viie84bzv7hv40lw5xuf",
  "endsAt": "2024-07-12T08:22:31Z",
  "generatorURL": "wbce7nwhwin2he4ogqgp",
  "project": "a6vh7p76z5hghdf1eqma",
  "service": "50z39ap5dqd6tfh32zkl",
  "assignee": "mk0boepcm0ka8xiyvz3h",
  "endpoint": "oe2bn6jy0e2yjp13oyu9",
  "event_id": "p8jt35cs5x6560h4wmhr",
  "instance": "122.237.172.41:32811",
  "severity": "high",
  "startsAt": "2024-07-12T08:21:27Z",
  "alertname": "eyixb641cy3yrijqme4w",
  "apiKeyRef": "i9k0lo18doj9mdzbwaef",
  "container": "ih8dmqa84hsi7yby6m7b",
  "daemonset": "fnhv21waq9r6hbcr1g0p",
  "dismissed": "kmo9lnpjib32gwerp89t",
  "namespace": "0r0utglxvma2r9opi8u2",
  "alert_hash": "bbazsbw870hqz6aak2yq",
  "prometheus": "d9yryusx8mca6pui6r9z",
  "providerId": "iu46mpe9k0jo4k0icbh3",
  "summary": "7lxeuvvqv6xe8ouud69f",
  "runbook_url": "5j0pja7b9zlqk9vyc739",
  "description": "System load average is high.",
  "environment": "vvjl1cqilmelsuvr98br",
  "fingerprint": "6kb5qbsj",
  "isDuplicate": "23u2vlqo2ftryql6wskh",
  "dismissUntil": "2lu7lew65vusef2udh33",
  "lastReceived": "3fpgm810vzasu1q61if5",
  "duplicateReason": "jclfoliiinjlag6skjfd"
}