{
  "id": "13u6drsjsblv0d7s4mwp",
  "env": "staging",
  "job": "nzi7d42kfqpv6b2egmxa",
  "pod": "n7qa63vkss45paxnzjli",
  "url": "moqfo6cjhe1tr0zmk7zz",
  "name": "GoogleCloudStorageApplicationError",
  "note": "zvrm6i0zoojh64rmetrj",
  "group": "ah1e43hxj3py3ptyfe9b",
  "pushed": "ji9d2m8omk2dcpx7ss5h",
  "region": "us-west1",
  "source": "qh8jw8cx5poqm2mu2t1p",
  "status": "qltav9baqkvqjeia2wel",
  "deleted": "quri1474m7me1mskaypy",
  "message": "qtfbt5gcjjaopa0slrz6",
  "endsAt": "2024-07-12T09:30:45Z",
  "generatorURL": "zn0tgr5eowsoglkmkkj6",
  "project": "s3l8o4ad40qs9ngi5dl8",
  "service": "8jh4myq8zd03pycsq51v",
  "assignee": "7ayxzyiuo3ig22mqi8ak",
  "endpoint": "onz1azyqfwj38b0d4tjc",
  "event_id": "j9f1e1i3hd6tr3clhy13",
  "instance": "59.246.255.1:5947",
  "severity": "critical",
  "startsAt": "2024-07-12T09:26:18Z",
  "alertname": "6qv8yactrduljj63hdqt",
  "apiKeyRef": "thg19w15sshy4usm7uai",
  "container": "xluh31qgjpw07zvroch4",
  "daemonset": "e3pg4q649cogg25ukkv5",
  "dismissed": "81j1var3vdl3y0qsln3p",
  "namespace": "rncb8k9rsbe9rxij913l",
  "alert_hash": "58lu5y6smiretzpx1gam",
  "prometheus": "f6q1qxvaiv6d37jw014i",
  "providerId": "4bgk1ncsw794n2lvnp7q",
  "summary": "35fmxhg04frvggg4ijfq",
  "runbook_url": "su2zpkrvk0wdmb4pv023",
  "description": "An application error has occurred.",
  "environment": "4o0f6rq8mxowzja4x541",
  "fingerprint": "jy91651p",
  "isDuplicate": "nj3npqben9fyqe5wejnn",
  "dismissUntil": "rbnqkhxn0p5l5ferx0qa",
  "lastReceived": "zvrc7bicvq2e43y2v7x9",
  "duplicateReason": "48huvd01qxud6f2o54jq"
}