{
  "id": "liaq83nk8mwqcvbj0aqh",
  "env": "production",
  "job": "gf3rdx1o4rd8pbpupvfj",
  "pod": "3nmhai7n7d2gorhq0q6g",
  "url": "4mf25rvp9bcr91nhhu5q",
  "name": "AmazonRDSNetworkLatencyHigh",
  "note": "8ew6nj3rne7udh2uwkkf",
  "group": "ez082rlu6fome22sw018",
  "pushed": "s25zvbmnys7bn76jg374",
  "region": "europe-west4",
  "source": "qdkx2lmkkjkzc4r68qe1",
  "status": "gvh7abcj8hqnfs52w35r",
  "deleted": "vnbwiogi04lm7pcd9rei",
  "message": "bvk5n5q2h48k6ii4sxrz",
  "endsAt": "2024-07-12T09:31:48Z",
  "generatorURL": "pb0ks7srx6om6c7objd8",
  "project": "4b1ea5jkobg6kxrzl3u3",
  "service": "mst5vu0oo9n6mpne2ovu",
  "assignee": "v4fajg5t28ck79nqlb6r",
  "endpoint": "qj5m7v3lufjrkqf1neyx",
  "event_id": "pthmkn1vaktud78v403w",
  "instance": "246.246.60.160:42570",
  "severity": "low",
  "startsAt": "2024-07-12T09:28:30Z",
  "alertname": "9o0wgfzay7k7toriei5g",
  "apiKeyRef": "15bitiimky7p35ebqpzt",
  "container": "zjbkhqfab85k2eco3ade",
  "daemonset": "7uyojgdtrehk885fs5so",
  "dismissed": "99393u2oqrw74a3rdit2",
  "namespace": "3y3tyymk4fgs8rlulpjz",
  "alert_hash": "8z5fe7vh4adb2bxzm4qx",
  "prometheus": "or5p8e4iqujqar92o4o2",
  "providerId": "jhhcz9hf075yc2t6uahj",
  "summary": "jhv7xzsuxsavl8u436o6",
  "runbook_url": "0itpuzdu8qcg0u6ljb38",
  "description": "Network latency has exceeded acceptable limits.",
  "environment": "7zuofp7d4cp6l5ae6oky",
  "fingerprint": "j80gkz7o",
  "isDuplicate": "l17d3eyzdwqongd5lc08",
  "dismissUntil": "p5ozuz3wontnwixs6t0k",
  "lastReceived": "tl8u5x1tviqq2vxyr51r",
  "duplicateReason": "dz0r62yzj3sq079hnjfw"
}