{
  "id": "i3kn18f373tdz8xa8j8j",
  "env": "demo",
  "job": "ihct814l76g3fo6ew4wh",
  "pod": "v5n0snkpzmesbxv726lb",
  "url": "ybvmq4ipcq6v4f3vwgs5",
  "name": "MicrosoftTeamsMemoryUsageHigh",
  "note": "nsvlwz4z6gyk2t52bc2g",
  "group": "tmxuri0zdes5op920p0y",
  "pushed": "r7glmjvosppk7trrcc4u",
  "region": "southamerica-west1",
  "source": "sezf8kggrveudz380xqu",
  "status": "5hfbilxqky4aztkklwha",
  "deleted": "eu1g52i7700mi81tom4f",
  "message": "3736jkem4bq4xqei8v4m",
  "endsAt": "2024-07-12T09:47:25Z",
  "generatorURL": "gj0qaywmjpnlrs7zokl5",
  "project": "54111othfcgolwrw99t6",
  "service": "r6odrca4iabpcfkziysz",
  "assignee": "5xpl0gju6cdeqki9szui",
  "endpoint": "gy2hee0buedrzqz6denv",
  "event_id": "nniale8hkqqtweql8eus",
  "instance": "122.237.172.41:32811",
  "severity": "debug",
  "startsAt": "2024-07-12T09:42:40Z",
  "alertname": "etecy0plzimlkr0neooo",
  "apiKeyRef": "edy5714wh7uj0kyophfj",
  "container": "9v9rggp61rcovvzs1eur",
  "daemonset": "gk0oum8jt0azxiq3uxs6",
  "dismissed": "z6xq0w2olvsenn3wyg7c",
  "namespace": "gji8ce0i6bojoyr4v3q4",
  "alert_hash": "r02k9c6z1v0ocmm83rla",
  "prometheus": "xdfixlt47m2vipc66sfs",
  "providerId": "zrd9l8d8ynmhotq1nei9",
  "summary": "4bhs9avermqfxau00iru",
  "runbook_url": "92je0bvfzi0f7mgsmsdb",
  "description": "The memory usage has exceeded a defined threshold.",
  "environment": "omylehs1cjbbmjavm8o6",
  "fingerprint": "ufvbiu7c",
  "isDuplicate": "yhowgmroulkxjzos9of7",
  "dismissUntil": "35z3qg8y0idb1ag2r6zt",
  "lastReceived": "c5fqxwbweoej8hz4fpdd",
  "duplicateReason": "r10f5fhiqydldqa8u950"
}