{
  "id": "scnn6iky0fz973fryysi",
  "env": "demo",
  "job": "oq6nxxg6s74hm7gr1j6r",
  "pod": "rkxbp9k4ztpofw8ie8vd",
  "url": "9oblncrv9mnpksj3i6g1",
  "name": "AWSIAMDatabaseConnectionError",
  "note": "6m20xydsmmbx0nz9pu1o",
  "group": "tdsaofi627jcnvuiyhni",
  "pushed": "oy45ky2zvfwxo4myo1y8",
  "region": "us-west2",
  "source": "cxunvwz0yocrig6ab950",
  "status": "f1yfzao0htg8yhhk7847",
  "deleted": "6a0j63fb2xbdwd0hew2t",
  "message": "t03ipze7yh37vhvu9psw",
  "endsAt": "2024-07-12T08:46:00Z",
  "generatorURL": "wcxdfnucmgbyk37y741m",
  "project": "jyi6qa8j9svhggj8mum2",
  "service": "wcuh9m2zt59hoo2h4eh3",
  "assignee": "bemezlmq4xfd3ytmx5kh",
  "endpoint": "u2odpu21zbfo422lehni",
  "event_id": "hph21x8eszzeli8h1327",
  "instance": "66.144.112.110:29695",
  "severity": "medium",
  "startsAt": "2024-07-12T08:45:05Z",
  "alertname": "zvw90w7xepd7zdmshait",
  "apiKeyRef": "ruai280iptrvprnkjfjk",
  "container": "nv48t06v0ucv0f3kbgal",
  "daemonset": "ui9ixce4m22ztfy97ioq",
  "dismissed": "lxabvjn4l1glh2ijit7x",
  "namespace": "xqer05d0x7u3zsjvjvl4",
  "alert_hash": "xjpmd9upsr0rjf56eyjj",
  "prometheus": "xi980iozvns6r19z71gu",
  "providerId": "x9uccfqbvsfphcrqfjio",
  "summary": "0kw2h6smu62rdi32pzmp",
  "runbook_url": "pd8y6ksgsg81fzqjwmqd",
  "description": "Unable to connect to the database.",
  "environment": "i9g0qworyz8zckmquiup",
  "fingerprint": "q6wjo7lk",
  "isDuplicate": "4x9rd85dh4jbbd0od7p8",
  "dismissUntil": "wo7mm2u0qbizahu82dhk",
  "lastReceived": "21174urbp5qiht1yodae",
  "duplicateReason": "hpi73xj68o74do7a3gy1"
}