{
  "id": "oxsfmm92uk5jt27tnx4p",
  "env": "testing",
  "job": "1r90itoad4t4okyyzflf",
  "pod": "vjndah6d21ut5mgmwpj1",
  "url": "ug651hbmpozlp3t2537s",
  "name": "PrometheusHardwareOverheating",
  "note": "diu1sxp4kv1tvj575cua",
  "group": "aa7mgn5qh7vx2jan5d6v",
  "pushed": "p8o2r5vlxvc2wbqtnkr4",
  "region": "europe-west4",
  "source": "ckllw9pzhr65fysxl126",
  "status": "70b9wok8d3qlquirwq47",
  "deleted": "3gx8lihc3vbrxufvkwyz",
  "message": "b7fzasvfh16itd5dumxn",
  "endsAt": "2024-07-12T08:37:27Z",
  "generatorURL": "5v1ya2xb84cj5qn0hauc",
  "project": "auzqdohgosylcjeihn52",
  "service": "1xpt24c3ps470zv2ovly",
  "assignee": "in4ytqugfkrnwfxxan1q",
  "endpoint": "qcq534u57e5qfx3uaaif",
  "event_id": "5vilr1ehken39kcl54hh",
  "instance": "153.108.105.82:16249",
  "severity": "info",
  "startsAt": "2024-07-12T08:34:14Z",
  "alertname": "q67yuadfhj6myqo7u7qw",
  "apiKeyRef": "6cz2a3xbo7hcqzh5hkae",
  "container": "34wv1svznzteaqs2b8qf",
  "daemonset": "bz4ee84bo3wqthv0s9if",
  "dismissed": "z41ub2vah9ptcqbneo6r",
  "namespace": "y034l9vxb5taky20ccot",
  "alert_hash": "bpsy5t2zl82s38gzl1dy",
  "prometheus": "upqvplt0z7zz4dwcoo7c",
  "providerId": "93b4t6vzbftpl3un9z1g",
  "summary": "1i1jhqmljyrk9a6tpuef",
  "runbook_url": "gk5nf0aczs8p3xevorso",
  "description": "Hardware component is overheating.",
  "environment": "e7a7y7v9a5pidpbk3zfj",
  "fingerprint": "xkw6mf60",
  "isDuplicate": "dzq9v2ak0nfbehpgnydq",
  "dismissUntil": "616jglyydgsaebx8nfrw",
  "lastReceived": "gict5mv41gpn535uefwu",
  "duplicateReason": "s6ubvntjtpxdc4tfv97o"
}