{
  "id": "qyg0fznur9th58eeingj",
  "env": "backup",
  "job": "vks2f8ai2b5l9jmjsatp",
  "pod": "fsu2nq2p5qqmywp4w752",
  "url": "2qakk55va5n1pap07iic",
  "name": "DatadogApplicationError",
  "note": "g45i4zewnsy9666e8gam",
  "group": "l1la6obepazb1bes3kf4",
  "pushed": "8ait8hsf6zefe2okztgr",
  "region": "asia-south1",
  "source": "41ilurr08ff7vypd2fbh",
  "status": "ldzvdnpzqqh014u9ovpb",
  "deleted": "gn2568ddb04k20v8thjv",
  "message": "h4e7opigeq9sz2mpkjsh",
  "endsAt": "2024-07-12T08:27:18Z",
  "generatorURL": "n71hr58bfvfrtk4t5mrd",
  "project": "83wecggu0elg5c1ie36h",
  "service": "nafggrq8jf5vpx2f1d5x",
  "assignee": "byzq8e1y6dqby55swrqd",
  "endpoint": "7s24ol3ctzyruyh1ali7",
  "event_id": "spmeibj57weab1hn7ajo",
  "instance": "59.82.167.140:51937",
  "severity": "debug",
  "startsAt": "2024-07-12T08:19:21Z",
  "alertname": "xvd33coeb7y9py66kjd8",
  "apiKeyRef": "5ggkj05rcm4nb2rlzvpv",
  "container": "gelyhatl4de46ywmumxx",
  "daemonset": "5oqciikwku8aninli9vz",
  "dismissed": "rw2o4yy30u99aooycmc6",
  "namespace": "aqqpc85aoqzeylsh3ugq",
  "alert_hash": "b3rn5gjfqdg0gnm1590h",
  "prometheus": "kbeo9ytmzixfv7fu8ha4",
  "providerId": "45iu2cgcmdkn5x1bhzxd",
  "summary": "85dyvombgh4bwo6v15l1",
  "runbook_url": "ihjc81bwnehzkloomkwo",
  "description": "An application error has occurred.",
  "environment": "fz20izx123qr1zs63st5",
  "fingerprint": "38ujacnj",
  "isDuplicate": "w1apfvout7lj68p12uue",
  "dismissUntil": "slwqj30eqp26c3mev7il",
  "lastReceived": "il8wwzst8b5u3qon1me6",
  "duplicateReason": "gh2nfry4rubz4hddyq12"
}