{
  "id": "mkfdbi8fup56uiadwbxj",
  "env": "production",
  "job": "ib8pa0i9z6qfja5npafx",
  "pod": "v01j5oo2gjbwddd60x5j",
  "url": "nsmujcwontv0z2gqg36k",
  "name": "FirebaseRealtimeDatabaseStorageIOError",
  "note": "8kt7mm26ve3oywq8nbmn",
  "group": "auj898rp64nwfa48pooo",
  "pushed": "pnnbok93hrcg08b6dc62",
  "region": "europe-west3",
  "source": "wpvjkn8jzin741o592us",
  "status": "g42rxdpct6r2wscbch5w",
  "deleted": "1zq6msehon6hsif16ogu",
  "message": "wtmjsrgvha6s6claf6n1",
  "endsAt": "2024-07-12T09:22:41Z",
  "generatorURL": "t2q52k54p9iioh79u4v8",
  "project": "lhqcyhehwok3a1gd8bs8",
  "service": "js1vl86qd76os1jylu87",
  "assignee": "w9o1qzyr9y8p8vm37fxn",
  "endpoint": "wpgwqfcjl4rrlhtyzbji",
  "event_id": "38u0cy60p9j8fusfb6ea",
  "instance": "122.122.166.184:55741",
  "severity": "debug",
  "startsAt": "2024-07-12T09:12:45Z",
  "alertname": "rbtbzk9celvf0tj5i3sw",
  "apiKeyRef": "6wj1sukk3toy9ulos23x",
  "container": "xm6b1u3boasmqmdwxwev",
  "daemonset": "khu8s090lvbhn67gzwvj",
  "dismissed": "dmfmf8xm700clhvz4kzj",
  "namespace": "t70p735n4xy1r1i2wcsi",
  "alert_hash": "g0489xw6w9t098yudto1",
  "prometheus": "gvgjpxpo9vlo03m3pl23",
  "providerId": "fmznrvhvetcs3rgwj7ei",
  "summary": "lxwm9v5tp8qegde2uygf",
  "runbook_url": "2i2lpbtlh65688i6z36z",
  "description": "I/O error on a storage device.",
  "environment": "lcf5p46erclsgw3uf7lo",
  "fingerprint": "9cd4fn9n",
  "isDuplicate": "4ddw18g3z052rpq7a7wo",
  "dismissUntil": "gfc72yzbrdug00pj7b0p",
  "lastReceived": "du0m3wnswylwf9sxb004",
  "duplicateReason": "6jxlux86voajydr4pj3c"
}