{
  "id": "itofth3r7wmngoq1oimm",
  "env": "sandbox",
  "job": "qfnjchy3hgum88shmpx6",
  "pod": "kkke90ge5pbbnsdlx8q2",
  "url": "bjj1z7vecycrfddwyuc4",
  "name": "CloudflareServiceMemoryLeak",
  "note": "gc7ieu6gxdccnchqxxjk",
  "group": "9oqo5tlnybg9t6sdw18j",
  "pushed": "cjn795nuv2kyri31j1kl",
  "region": "europe-north1",
  "source": "m85qi2375ex0uexx0k19",
  "status": "ib32k7dvtiiy19zgquub",
  "deleted": "ihjys2z657syxp2ebdqr",
  "message": "rkcqcnvgh7lup0ywnac3",
  "endsAt": "2024-07-12T09:47:41Z",
  "generatorURL": "xhfonj1l7tojtxztpn7p",
  "project": "mvcelmrpusdmyrsnndib",
  "service": "zvviu5ovmxgke3j9914r",
  "assignee": "5sdtry617mc07bqnaqt3",
  "endpoint": "w4iysi0x2c1m7y8bgn24",
  "event_id": "pfn81mdhlua7ncrxasp3",
  "instance": "221.171.52.31:55423",
  "severity": "low",
  "startsAt": "2024-07-12T09:40:28Z",
  "alertname": "zjzykdc231ja6yr4kgcs",
  "apiKeyRef": "edsjp26gvjx7opnd7l47",
  "container": "v3z85pvlq7984p47xa1g",
  "daemonset": "6156kzzwz2te6ytm1q0a",
  "dismissed": "ufmd7twsei4lwqqkiefp",
  "namespace": "ffwtz62vfdf5sfxy6s3v",
  "alert_hash": "qhftsswdau64ajm2wgv6",
  "prometheus": "9utls79lx5voz3s4j32q",
  "providerId": "ousg3hkkkj4asx3jizja",
  "summary": "x537hbv5jxnhoh476qvm",
  "runbook_url": "5cfrvgm308plwq4y841x",
  "description": "A service is experiencing a memory leak.",
  "environment": "1uw0g7nnb4hc4w0kzq5a",
  "fingerprint": "aiv5rsw7",
  "isDuplicate": "mw2431l3j4y4bifdpa4s",
  "dismissUntil": "nhcctzcu4r64g2ri0ouf",
  "lastReceived": "n8flowxvbo3zgvq0rnn4",
  "duplicateReason": "bczhv2adauu118g01b44"
}