{
  "id": "qo6s4wz8g3z5lqox25fe",
  "env": "staging",
  "job": "vcriw57ck73y8vibsngh",
  "pod": "55mdg2iedufq6d66d1fg",
  "url": "8ga7bxc0sgw6pzpf2jx4",
  "name": "BambooProcessCrash",
  "note": "8b6osv8oti82i8m6r26k",
  "group": "3m28w0q1ak68uhoneiiq",
  "pushed": "9xb4cgrbjf7hhg5g6bks",
  "region": "us-east1",
  "source": "h02d59somz1xm967y7xa",
  "status": "lauraqbtfrqfw6p6u3o2",
  "deleted": "rc412ytw9ur22rcnzdrk",
  "message": "1xki49lmxboyxotmo1u4",
  "endsAt": "2024-07-12T08:22:55Z",
  "generatorURL": "ht3wvscs9o6h51l4ldit",
  "project": "cabyys96yfe4t1oxub25",
  "service": "e9yp4xf77v8ddzwftred",
  "assignee": "43xp7xfgvmjqscckr6co",
  "endpoint": "6q14nn0b97mzin8r6aai",
  "event_id": "ul3iy4izbeapnxvd20gp",
  "instance": "32.140.13.109:9557",
  "severity": "high",
  "startsAt": "2024-07-12T08:16:24Z",
  "alertname": "s6pfhmugpiynjte19i9p",
  "apiKeyRef": "uucxb30gu9238oiupyva",
  "container": "x3rynozwxh5za0eao12d",
  "daemonset": "dtpie4x3silo4st5whny",
  "dismissed": "jbfh25uu1ef5paeu9jm4",
  "namespace": "u0istypie5c5ecf8awc8",
  "alert_hash": "x10jfnwgvxq678f4fxac",
  "prometheus": "9oj1ysrb83itc6dczc21",
  "providerId": "bc2p2zth1kg03hqm8z4t",
  "summary": "n9j2kah41l87fb3e79gd",
  "runbook_url": "1rov2t5n8lw4r0ej7zqu",
  "description": "A critical process has crashed.",
  "environment": "09uatqz1qkkc8jd0vjog",
  "fingerprint": "ig2o4z60",
  "isDuplicate": "4esizy2wjgkl3zzigteb",
  "dismissUntil": "k1v16kmvg0au5nmoami9",
  "lastReceived": "ruugxv5ba4vn1n6jkg6d",
  "duplicateReason": "7er5og9vcnotwij1ku7z"
}