{
  "id": "fowfjv2vu5z16z7ribpo",
  "env": "pre-production",
  "job": "qwm5l5g3hjphm4i0shmx",
  "pod": "5ri1irnhllr0lgyj9q5q",
  "url": "k4g0g8olbdxi956bww1p",
  "name": "KubernetesPowerFailure",
  "note": "vih45d2qlpwrbelx9rt0",
  "group": "sufb5stqgkt3g5cpholm",
  "pushed": "cnohxwzvxbzjlrbt3h2k",
  "region": "australia-southeast2",
  "source": "jzbx8rlmmx7ijt6efa0g",
  "status": "0w59a6q1e9zn8nv8mbkz",
  "deleted": "yc7detxvjv5x8dfjrdb7",
  "message": "wqf2j2cl1gbf6w5wp4l3",
  "endsAt": "2024-07-12T08:57:57Z",
  "generatorURL": "j9v3fkqrnt9o1lg7ptkx",
  "project": "z6bms9u5arythxthhph9",
  "service": "13jj6gw42aqvtd1ld7gh",
  "assignee": "eledkc20ik4fvwhjf0no",
  "endpoint": "h1v2jxqa8vqwm41k224e",
  "event_id": "jw2bc3ios7e0b8ksc66i",
  "instance": "106.87.238.247:38774",
  "severity": "critical",
  "startsAt": "2024-07-12T08:57:26Z",
  "alertname": "e0qlnnyv2nl3hayuh3k2",
  "apiKeyRef": "89d83gktg7ijpeofkjt1",
  "container": "mfowb8vp8o63jj73qw9q",
  "daemonset": "y8of0t1fcsbwqp5tqxur",
  "dismissed": "ofnx1pdmqutm6xek24yk",
  "namespace": "kk8zihwnnmx6xqdp76ds",
  "alert_hash": "8v2fh9t15and5g5xjxlc",
  "prometheus": "b1foso9ba7cogpaksm1r",
  "providerId": "mcma30qfhdmlobvx9xsz",
  "summary": "dbaj6w0wov8r4k79xg5i",
  "runbook_url": "ym5af4te1irokai7o9ce",
  "description": "A power failure or outage has occurred.",
  "environment": "ohcz8j4lvkl9ibm0lr0k",
  "fingerprint": "6kyrn8jb",
  "isDuplicate": "kaulr5lmt43z9oa8vcx3",
  "dismissUntil": "b1kphbaqb54xf6wmy0qi",
  "lastReceived": "iy95ts2jflft0jr81ui3",
  "duplicateReason": "879qs8ep9dttazfiie6h"
}