{
  "id": "wg6fy625lkgbhips3ccq",
  "env": "staging",
  "job": "ug4r72i39azyy5izpamx",
  "pod": "qlf6z0ys39s03d1q5uo9",
  "url": "d0pu7w1v6yy2an5pxvcy",
  "name": "FastlyCertificateExpiry",
  "note": "1xpwy1abvntanl3k55m2",
  "group": "3wbl5qlnn2fjioq423a6",
  "pushed": "lxlkoh2xn3z402nih3ls",
  "region": "southamerica-west1",
  "source": "2203e2qxnn13bhsl4u8z",
  "status": "cbz4kwsr9zf56d1oucfa",
  "deleted": "awaely07be7qicjq40yf",
  "message": "dxn06sts0sxdrth76ljk",
  "endsAt": "2024-07-12T08:26:27Z",
  "generatorURL": "k7jtvtvpokcdj09dfhck",
  "project": "58tz6tk84fbxapjtf8aj",
  "service": "ejuttomwn4n2hpjbd1uq",
  "assignee": "o5pq207y0bet25cuytzq",
  "endpoint": "ml7f9noxndjzshexj9mz",
  "event_id": "8i7pu7uprrl7qi6vjupy",
  "instance": "221.171.52.31:55423",
  "severity": "high",
  "startsAt": "2024-07-12T08:24:28Z",
  "alertname": "gn0pr0o8tn0mvmm7684f",
  "apiKeyRef": "2tcjgeh5a2cavq96ibzr",
  "container": "xnfahv33gjee09ssggz4",
  "daemonset": "cle69k7cc22sau65pkga",
  "dismissed": "dmhcjxf77rjl5t5n0vlu",
  "namespace": "t2aq5vb6x61lydlizlt6",
  "alert_hash": "1b5y034l6r2ijbkiw6o9",
  "prometheus": "3fqg8ra8jcv35egdkazt",
  "providerId": "91ck90i2ri7omzq6b1op",
  "summary": "ft56metn58megp2k00wp",
  "runbook_url": "qavdizzy781aeb7xjg33",
  "description": "A security certificate is about to expire.",
  "environment": "xxrje8ku0ovzrf3pqxiv",
  "fingerprint": "ddy9opje",
  "isDuplicate": "yudt79ya8bhe458cmifx",
  "dismissUntil": "w2l9cuafedufll6feps1",
  "lastReceived": "4rweibboyu332t7hd1ue",
  "duplicateReason": "yky573ffh69y9y6zd9kp"
}