{
  "id": "3afg7x0gtw4fklnmctee",
  "env": "production",
  "job": "idqzbk80bxokrgvlt0bt",
  "pod": "3xz2nzopjgkjdye13dks",
  "url": "d800v2p8dkwvaibc02e4",
  "name": "DatadogSecurityBreach",
  "note": "tpgdxubfqwsav8q1c5hr",
  "group": "v5ssdtybkhd4ruu4gvrm",
  "pushed": "g13eyr4sllvlvgk9ruwv",
  "region": "asia-south2",
  "source": "0u5z1hvb0atuzk4yyuuk",
  "status": "5cqn67hynluxgllnlryo",
  "deleted": "xdwc2lr7ntvnbvky97jw",
  "message": "reegymb23zbfjpdeiksg",
  "endsAt": "2024-07-12T09:06:15Z",
  "generatorURL": "4dccnnzfv9r4h0vtgkvt",
  "project": "lcjnjnd84oty1veumoum",
  "service": "psq0kos4xgz998s475sj",
  "assignee": "m26ivdbb5j058lamdidc",
  "endpoint": "l7qvkowovxrvpn9trjvx",
  "event_id": "5hgtowps7qau4b5br5fc",
  "instance": "240.83.87.126:21420",
  "severity": "debug",
  "startsAt": "2024-07-12T09:01:27Z",
  "alertname": "cbblhn50kswjtufxk0pn",
  "apiKeyRef": "ckepit98uvdjfhqde3wu",
  "container": "wi42wwnnhnzek8mhotxa",
  "daemonset": "hosy0pb1k6pd75qxbznq",
  "dismissed": "rgsszhhjfze1a888jm6t",
  "namespace": "84dbcv3ucmehoy03iag2",
  "alert_hash": "72nuo5y5ip1tgz3qn1vw",
  "prometheus": "9incpto9g5x5qmwadthb",
  "providerId": "alfmyg0fijei6ul7opcp",
  "summary": "5c7t4gye22migktt9k47",
  "runbook_url": "6zz5zpc663ursddoku7f",
  "description": "A potential security breach has been detected.",
  "environment": "j16bqr7wj44kbiq4z7lw",
  "fingerprint": "nlf9w24d",
  "isDuplicate": "30rnuicei3yqmdckmhc0",
  "dismissUntil": "edbmz57b7v9uzgy57zz8",
  "lastReceived": "57uepie113cl3oyqs0dk",
  "duplicateReason": "qjv8i4l0syav525jrnoq"
}