{
  "id": "mbtsg461ijfodwg3lwqc",
  "env": "development",
  "job": "g4ulky0h9g2jcqj4qkjf",
  "pod": "um02oatzkabhkf6tvvj7",
  "url": "8uc2mmctu3yp2bg8ri3v",
  "name": "ApacheMesosBackupFailed",
  "note": "fm2s8boo2wy0bum3tqx6",
  "group": "8pq4jv7l71wq1xwbup56",
  "pushed": "o761cia1jsdr91r4fr07",
  "region": "asia-south2",
  "source": "356srysex0eouk2a2qa2",
  "status": "vd7bfqfa3eo6t0axcgr4",
  "deleted": "dto337jpwutkwqb4jb5p",
  "message": "d728li39ezu7rorzf2bn",
  "endsAt": "2024-07-12T08:22:33Z",
  "generatorURL": "ypznzbyt1imyll6dawwj",
  "project": "ghg8h06suopgebvgaodh",
  "service": "syvlg5mipbk4pw3niqjp",
  "assignee": "ljrwbm8vnicdve1edxqb",
  "endpoint": "9dxkixjhu8trti8371q8",
  "event_id": "744h6g6fx54jshgd9d35",
  "instance": "59.246.255.1:5947",
  "severity": "debug",
  "startsAt": "2024-07-12T08:18:51Z",
  "alertname": "vj9v1u6anfotxgpi121c",
  "apiKeyRef": "fkvorogir91wnsuo2nqo",
  "container": "8di3acdm9aj2acx1glg5",
  "daemonset": "by77k98v6p8sw04uma3k",
  "dismissed": "9s5iqj78qvsku871ozth",
  "namespace": "yh3fa53rfb95ouxq3xeg",
  "alert_hash": "hfjdppcju6dfxamxbbjl",
  "prometheus": "1t12ugg3iz9dzy3i45as",
  "providerId": "n4jepca22ch3eusdwxqi",
  "summary": "wjt8s0dhdmpf0twau6ov",
  "runbook_url": "he38m37pwvnogvhl65sy",
  "description": "Scheduled backup has failed.",
  "environment": "rbyxku5sfb1tx0oq8ymx",
  "fingerprint": "qvhy3ycj",
  "isDuplicate": "v3rz1sq3rd5c2ibhoxjr",
  "dismissUntil": "idwrf0rco063bvobeg4o",
  "lastReceived": "kbqwcinpc66f1c6yabw1",
  "duplicateReason": "055z0ukn9bgc0fmavroo"
}