{
  "id": "jdfphxel47m8egqlhc98",
  "env": "development",
  "job": "esj0k9d0tqtuq9fmbo41",
  "pod": "hh0cc53k46wh40vxzcul",
  "url": "h7if09nu8e4et9at8gmc",
  "name": "CarboniteQueueDepthHigh",
  "note": "odm02itcomz1xwxc4zct",
  "group": "sx027cd4rr71e8azwyfq",
  "pushed": "85kj2yut3boy94yovhq7",
  "region": "australia-southeast1",
  "source": "g1pf1kcgi6m5xv7rytf4",
  "status": "2968pnvx7hgiuzcaexoy",
  "deleted": "7xcenoswso91e77mn2l3",
  "message": "2z14zlj8vsgj89g970qp",
  "endsAt": "2024-07-12T08:23:17Z",
  "generatorURL": "5tjvvuw99cta7wtbapxg",
  "project": "cf7gnf556894c6g69ixo",
  "service": "lob8xyajzg2hgqftivwx",
  "assignee": "xl9tzbtzywjsxgrigkbm",
  "endpoint": "bs78kxw8f8t29vgh424c",
  "event_id": "t1kvf8zg7o2tk05k7akj",
  "instance": "239.102.139.236:16863",
  "severity": "warning",
  "startsAt": "2024-07-12T08:19:58Z",
  "alertname": "whra37qp7mqqvcujmxqd",
  "apiKeyRef": "iwld441jz0wgpxss5qjq",
  "container": "rxkurbxgwdg36v7qsge3",
  "daemonset": "d4bx2njundmlvwv6vc51",
  "dismissed": "g1sact2hgcfhbh423iqg",
  "namespace": "uhh1rvhcjxriyi8e9hcb",
  "alert_hash": "0pgxe6xi3m81m6d8t0al",
  "prometheus": "kjutnnwolhhv3as604sa",
  "providerId": "kxt61ddea700soubmkwb",
  "summary": "1pfxonlevuaiyhlg8iqx",
  "runbook_url": "swdr2v5vxy65s0msd9tp",
  "description": "The depth of a queue has exceeded a threshold.",
  "environment": "97cozua68epw60g6iyrq",
  "fingerprint": "fxuv186c",
  "isDuplicate": "hcesi9j4gkwg8gw0fqru",
  "dismissUntil": "ziolem06q3v2q44kjuhz",
  "lastReceived": "mkljcznxxrijtbqn4em1",
  "duplicateReason": "ojn9vn8wdasbxufwktyn"
}