{
  "id": "jgadjmwsijnd59poclma",
  "env": "demo",
  "job": "ajfu9jcntj49pdcfu68n",
  "pod": "ukodlmkqhoy43sry1z2m",
  "url": "lo2yqfktucjy48pq6n8g",
  "name": "RancherServiceDeploymentFailed",
  "note": "7ikhdldsd2m7fnofo2fb",
  "group": "l1luhzy9l7qie8y819hr",
  "pushed": "r9n29fnirl6z52fzqh0j",
  "region": "asia-south2",
  "source": "wwrguoyxb1f0didwn0ug",
  "status": "82ftkdnv3pnd7eqjsmv0",
  "deleted": "pz9cqdugqhpi2r19uti2",
  "message": "tr5w3bci5gsvbwlqfo1v",
  "endsAt": "2024-07-12T08:36:31Z",
  "generatorURL": "efg0pjddds38kq5dseod",
  "project": "30s9fzeezybxefyxkbjw",
  "service": "jpg8oi8pb5ugt13bq8f5",
  "assignee": "o0nf4vvvuacyy0q522xh",
  "endpoint": "9szwdi67lg9mip0iemxg",
  "event_id": "oj6chj71iptnkqw55qwh",
  "instance": "203.220.181.212:36917",
  "severity": "info",
  "startsAt": "2024-07-12T08:26:32Z",
  "alertname": "kejk3w9atfikoff6pp8m",
  "apiKeyRef": "5bzajwkbyrzlhe05vspa",
  "container": "yi1l23q3vrqb5cypvtz3",
  "daemonset": "evzk7nuxr8avudijupv9",
  "dismissed": "ik7fiard2kb6lnvrghji",
  "namespace": "ca4qozwvgdpvia7f0ghy",
  "alert_hash": "kv66nsowq8n3ixpanojv",
  "prometheus": "umh55ragamolwp9mwwgs",
  "providerId": "6mxr3skk8dioki57pk5n",
  "summary": "fmeedv84q90n1ua7n15p",
  "runbook_url": "ruasxw8oz9ybidn2bgmh",
  "description": "A service deployment has failed.",
  "environment": "hdg4pm31ypjyhf56bh58",
  "fingerprint": "xkw6mf60",
  "isDuplicate": "e01y9blgnv77ie31x9fo",
  "dismissUntil": "cwvwe9155m11vl3sq1sw",
  "lastReceived": "pg2h05u27enchpitwf3j",
  "duplicateReason": "72fsbzhvqrligpmdny5p"
}