{
  "id": "x9wlxytxt93j3ib88bzs",
  "env": "qa",
  "job": "usvs752hqjsj3x0rkhxp",
  "pod": "kljbamm28ob8qjfi4lkj",
  "url": "bmc657az18cgkflqldf7",
  "name": "GrafanaApplicationError",
  "note": "5fbfbr6iz4dp5pyeiu2o",
  "group": "p829ih4xdifl8ywva549",
  "pushed": "wln97afhbymzpsm3rt44",
  "region": "europe-north1",
  "source": "naqn4zl0mefthl6m7cry",
  "status": "wcpcwsop3wavqox4yqhn",
  "deleted": "1medmau7khk1cmuszqq5",
  "message": "rsaunx3cwzx7ng86gdz8",
  "endsAt": "2024-07-12T09:05:14Z",
  "generatorURL": "8uw1c2v5m5xb6l530pfo",
  "project": "loqq39paym52vmp54yxk",
  "service": "7moa8xk4jx8ynbibn1q6",
  "assignee": "vha8rxt9f2eptud836ik",
  "endpoint": "ev7alfikk5htodnfuxsw",
  "event_id": "baeb4oeitkk4ims3ec61",
  "instance": "155.134.50.157:9960",
  "severity": "medium",
  "startsAt": "2024-07-12T08:57:34Z",
  "alertname": "v6fgc4ln5xkxsusihs16",
  "apiKeyRef": "t46i8j9tnwts4ofbyoc5",
  "container": "1btzaj43fp9hos0ti6fp",
  "daemonset": "mtcg0vh0ntvqrctsmtt2",
  "dismissed": "j8w561r9n9qxsv8syxg9",
  "namespace": "sz34qwc9c0mz6idyuxhz",
  "alert_hash": "4mme8cvchq19ku22n8ko",
  "prometheus": "wizmd7plnrvoe8v7faz9",
  "providerId": "umkr1ti7kxm5ieb9hwz0",
  "summary": "775r9ryjap2y54h8233i",
  "runbook_url": "558ttk83n6w4nc4jn43k",
  "description": "An application error has occurred.",
  "environment": "0wvsqrkigq01xtsabitm",
  "fingerprint": "fy7yqt2p",
  "isDuplicate": "4vqfwmsen7sa6rfkvsqv",
  "dismissUntil": "o0v79n9q8eae2zbjs4pi",
  "lastReceived": "rmk5c5ampr1m5069plt5",
  "duplicateReason": "bjwb8suec99ym0zp1b40"
}