{
  "id": "zddywvk9lhpfuhcu41es",
  "env": "sandbox",
  "job": "yxpug6xvrdtb7735xy0p",
  "pod": "tr7zb8q9myczmy3foti3",
  "url": "37dgwszr23uur4kb78qe",
  "name": "OneLoginPowerFailure",
  "note": "9ko6n32ou7bbjv6ltr82",
  "group": "vmdve6wkoxfiphrchifr",
  "pushed": "zbr5eahym18ygbkgvjrw",
  "region": "us-east1",
  "source": "izzfu5lk4z01hvups8cw",
  "status": "w9gboystwj0anl6gchej",
  "deleted": "672xkxpi8jk2j19egsbz",
  "message": "eagie1cglwfg5i1xs427",
  "endsAt": "2024-07-12T09:22:49Z",
  "generatorURL": "c8ojnt0cjat45pkuncry",
  "project": "otjrdjur0x89n6mgaatn",
  "service": "v007r8n1got4umhesiff",
  "assignee": "0rn1t00k7bxt5tt8qwcd",
  "endpoint": "jps49j04z3lkq1shtce7",
  "event_id": "aiyebalrup2ekbvpv79b",
  "instance": "239.102.139.236:16863",
  "severity": "warning",
  "startsAt": "2024-07-12T09:21:29Z",
  "alertname": "cimn6vwfl1aghfs7k1e0",
  "apiKeyRef": "ioiguhbcsz0yhojobqla",
  "container": "ai3q2iqo82j6mq5qp7sz",
  "daemonset": "t06g99osy18rhtj9m3zp",
  "dismissed": "2k57c5zr2443dgylvfzz",
  "namespace": "9hlqkc006masc0depne1",
  "alert_hash": "42jcurmakewrct4ryhv7",
  "prometheus": "dt79i434rj1mn5t460e8",
  "providerId": "f6hbxpe3resjmg4a5t4v",
  "summary": "5iah8f0m1ojnuxsr2c69",
  "runbook_url": "mn3ba6xm0zjh2vva51bo",
  "description": "A power failure or outage has occurred.",
  "environment": "ewkz1szijdm9t0m7gmct",
  "fingerprint": "nwz32v1c",
  "isDuplicate": "c08ols1npz6kkrdqera3",
  "dismissUntil": "cexw6kqavlesep27eg05",
  "lastReceived": "eejupj1ek5ywilknmslw",
  "duplicateReason": "80h39cs1socxm99yulv3"
}