{
  "id": "oa60wkwsl0cxopu7v9dg",
  "env": "pre-production",
  "job": "kxnfuy8u9vg70b3cqmei",
  "pod": "wfcdfnyi4rosw53i95su",
  "url": "yqzvdf7650677mn3oili",
  "name": "MicrosoftAzureSQLDatabasePowerFailure",
  "note": "xtut9tg5dgz1uhmopb1h",
  "group": "lsvp87mmfp7h8jteictw",
  "pushed": "ktcamk95ptbshfbcjujf",
  "region": "asia-south2",
  "source": "n5g5jub7eebt2q5pggnq",
  "status": "ypwjxve694vo86ozwzso",
  "deleted": "8s3p1xibfh7gtjvj1mie",
  "message": "ow8dwol3ab60nhknglda",
  "endsAt": "2024-07-12T08:17:57Z",
  "generatorURL": "micwwsct5da8r4s8yfmv",
  "project": "8wkrkxoxluxqi3r0d46p",
  "service": "ru6tce6r39efjoxl9qy3",
  "assignee": "zipip0e5kfs885np3jqj",
  "endpoint": "fak96j04u71kjqrbwgg8",
  "event_id": "ig9q2po3l6r55zm2nv0f",
  "instance": "91.41.198.131:46729",
  "severity": "critical",
  "startsAt": "2024-07-12T08:14:11Z",
  "alertname": "ce86u9vummhulpruot3e",
  "apiKeyRef": "vifn6ntelwbe871beati",
  "container": "yog70gu9r4hn5ljzlrnq",
  "daemonset": "0gecbtv27gwy6saqjqk8",
  "dismissed": "jpaqg7wkb71qxazz6vyo",
  "namespace": "382x9g9i5l882gnjp250",
  "alert_hash": "dctnkdt65o6gababhsqp",
  "prometheus": "6bxp5ve9dqsc1h91gc4g",
  "providerId": "362rtxvsbjp283ibfdv4",
  "summary": "fc12rit2ignvbgjb2iuf",
  "runbook_url": "40te2pmcqfpemu3wwjko",
  "description": "A power failure or outage has occurred.",
  "environment": "vh1e8mqua78st6k27714",
  "fingerprint": "hrrghwks",
  "isDuplicate": "xzz1q724obieygli5kmx",
  "dismissUntil": "og7le6tkok44hji6phbt",
  "lastReceived": "lxv9n8m7lme04mksm9a2",
  "duplicateReason": "4r69lzxdlo1rjwpjvf1v"
}