{
  "id": "wtna8uc9e5hpa9jecbxf",
  "env": "testing",
  "job": "kuyxmngaeoyscrv1ajo2",
  "pod": "qz547w9konpodd29owoq",
  "url": "zwcg1pf4b8f0i45annhy",
  "name": "JenkinsDataIntegrityError",
  "note": "mvag0h7j5r6c1u6xj5vg",
  "group": "rfi7en2o9gmo77pz4i5a",
  "pushed": "zmwac6my1izhaj7j2s0f",
  "region": "asia-northeast3",
  "source": "gij1ojqfc3n391ppvxn4",
  "status": "12tr1ks1aofxq7hbf97c",
  "deleted": "9hcfic0j6wvp14mmg00u",
  "message": "om9l10vb6083xak92ms3",
  "endsAt": "2024-07-12T09:30:45Z",
  "generatorURL": "n588o1raggfppo0onavn",
  "project": "i5923yqz9ng7hp16ybsw",
  "service": "7qq9vf3wkb4d2h2qgjdr",
  "assignee": "xx4ocjdwc1qkvswemjz7",
  "endpoint": "1htg60d10r7au2k1s35w",
  "event_id": "y6yll7512bkadjvufwcz",
  "instance": "222.217.67.204:20807",
  "severity": "high",
  "startsAt": "2024-07-12T09:25:14Z",
  "alertname": "v1l5jnuhy3y8ijqibwri",
  "apiKeyRef": "fzskwaha6w795r9i24rh",
  "container": "r70lyw5so751v1gy991d",
  "daemonset": "63utfmjh9ua06pby6pf8",
  "dismissed": "5bml6dbf4b6nihozw2v5",
  "namespace": "ab6763y6xqaquzk3typq",
  "alert_hash": "hkb854xkc1onv4y4wykz",
  "prometheus": "rar3uw3v2afi7o93bi44",
  "providerId": "5zxqh1b653zq2goybynf",
  "summary": "hqfa5gw4m2886255yhm1",
  "runbook_url": "6xtynu2eod7aag1xhs3w",
  "description": "Data integrity check failed.",
  "environment": "awqeydijj9vfnwgoq23c",
  "fingerprint": "3yupwbdn",
  "isDuplicate": "3kioc6vevhctxpf0o81m",
  "dismissUntil": "y6b00nkviimzscikwkoo",
  "lastReceived": "87ro3rjtzoit0m44a1u3",
  "duplicateReason": "jn8fbqqvqxq2c7hiawtk"
}