{
  "id": "ywelub1ufnyjzx9dtm8u",
  "env": "testing",
  "job": "g0lu8jc6f7mpnyg0kro0",
  "pod": "3n8u1o77msangxa6cqj0",
  "url": "ww9dxdzczjwwnx5f4jmw",
  "name": "SnowflakeDNSResolutionFailed",
  "note": "meciprksr0jju0gkk53j",
  "group": "u9adxqxycveot66gnz28",
  "pushed": "546ybewxsp5f8ei4sx39",
  "region": "us-west1",
  "source": "u3hzb5txb02x9pr8inpd",
  "status": "rg3dm4a670dn2s9o0vm7",
  "deleted": "fv59wi5fzybodbrp5hzu",
  "message": "9ifvslqax5u9pw29h9ys",
  "endsAt": "2024-07-12T09:50:27Z",
  "generatorURL": "9iz38flvk5b2g5sm2whp",
  "project": "mleuo2tcx2aq36627ppr",
  "service": "39x1lwuulj7yeetxrcey",
  "assignee": "k824x8svse7ksjua6m8g",
  "endpoint": "u8i3lidk2m1jwqf13hin",
  "event_id": "ejsk21oweko524ncmf2z",
  "instance": "153.108.105.82:16249",
  "severity": "medium",
  "startsAt": "2024-07-12T09:45:13Z",
  "alertname": "27fqi3sckrggkp2qh93m",
  "apiKeyRef": "58d3vlhggyvz1yxkfp9q",
  "container": "6ognq3cc7hssd2gy3xaz",
  "daemonset": "rtiwgk81ro9gr62xp8aw",
  "dismissed": "sc7s72nyphusqb9qr6gq",
  "namespace": "uatflsa1lcqdcswe3wuk",
  "alert_hash": "as3019ya3eixo3qu7e07",
  "prometheus": "n5lt513muo72m9wjrel7",
  "providerId": "e75en1a056x724dhxi7q",
  "summary": "sl9ged5i34xo1ec3cwg6",
  "runbook_url": "44z20gizahflq272u7uv",
  "description": "DNS resolution is failing.",
  "environment": "3esih4tw3c2o1ndpi02h",
  "fingerprint": "9ld5g0qc",
  "isDuplicate": "icjcy6m9ke8orr0vsuwh",
  "dismissUntil": "j9bh0y619yazxzkbx94k",
  "lastReceived": "xez4yfkzajcuv5eeoudc",
  "duplicateReason": "2qjew4ncqxiiq3k3x3zl"
}