{
  "id": "86mb011294hlch84eu0a",
  "env": "demo",
  "job": "7t5ay6mxeordyvdkl67q",
  "pod": "bkq3klh1ktqoo4nuxq5b",
  "url": "0a6f85qt8bxvrkkdtxh9",
  "name": "DropboxCPUUsageHigh",
  "note": "83yly99v1kq0gtgdo2am",
  "group": "gnb3f5bp7l263mpafrs8",
  "pushed": "l1z7lqdtnb3i4hatvc0l",
  "region": "africa-south1",
  "source": "cwpewwy6haxfmnyp5080",
  "status": "94lxh7t903lnvgco4lnh",
  "deleted": "x3ndq2bnqg27v1nbfhsb",
  "message": "hwz9ziyr22qqzhb7xs04",
  "endsAt": "2024-07-12T09:42:51Z",
  "generatorURL": "n4t4p6y73easrl6eoc8k",
  "project": "hp4v5i7444137ia89esm",
  "service": "96m2dy26xs957eirlzdw",
  "assignee": "uzuxjatiwp482y9q1luf",
  "endpoint": "j19rfstlxdzr59y8u0ti",
  "event_id": "njdy0vzd70m1n9p0pkst",
  "instance": "54.32.112.227:18293",
  "severity": "critical",
  "startsAt": "2024-07-12T09:42:18Z",
  "alertname": "dibwj828awnm677uwyyv",
  "apiKeyRef": "yjoc0wy6z1jiwjn60a43",
  "container": "ukpd8jg7avymzovyz8tf",
  "daemonset": "h2fyluws70keb7b3rrq8",
  "dismissed": "gki27arlbgznn7mtcmzi",
  "namespace": "9d9htxgxs5131xukg5re",
  "alert_hash": "tqkgqpwl1tozmn8aqtpb",
  "prometheus": "fo9cnd8el9npzdtzglt1",
  "providerId": "djhwdy21hkcsbve0jgrh",
  "summary": "mamyhno4dad81c2ro6jb",
  "runbook_url": "vedcewaqj8fww6n842dc",
  "description": "The CPU usage has exceeded a defined threshold.",
  "environment": "knzcq79iwypskg88sko9",
  "fingerprint": "j80gkz7o",
  "isDuplicate": "7pepb3ehr7t3dqsz9z1i",
  "dismissUntil": "bn4aaftju13wkh0thikj",
  "lastReceived": "ru871be56dzu1od2ulag",
  "duplicateReason": "esijd2084hhdp3971u18"
}