{
  "id": "km6g4k2ztnpi5xca69mz",
  "env": "qa",
  "job": "lek3oo1hpa7iiwd3htpt",
  "pod": "5llvbfscl2w86igm53sy",
  "url": "hapvcdhufa5ctydcr44l",
  "name": "TravisCIFileSystemCorruption",
  "note": "xe2izb7rwhfr7t1uxf1l",
  "group": "nuys29um62hzxeh1o86t",
  "pushed": "7gu05zy4u5oqhfu3zff7",
  "region": "europe-central2",
  "source": "uj0kbwjnfw6revjq6i08",
  "status": "bl9al6iddb0bk3ox50sv",
  "deleted": "ltgtjd7ibger4jt4728a",
  "message": "0kalttn8dommodf7gwxk",
  "endsAt": "2024-07-12T08:07:38Z",
  "generatorURL": "5hz1ivahhjrm30gtyc82",
  "project": "whl8iqig5tgfp1lpg384",
  "service": "aktnh0nzmzxjdzb5inv2",
  "assignee": "ii3stpbzrt8b8anqtfvt",
  "endpoint": "sypvu3cvugl9nji0z8kw",
  "event_id": "8hdoj2m4h3cl7yn2wpjc",
  "instance": "253.43.16.127:33243",
  "severity": "warning",
  "startsAt": "2024-07-12T08:04:14Z",
  "alertname": "4zudx01tve1k0zkzrmd4",
  "apiKeyRef": "o02l3yxn7zgroauq0o1s",
  "container": "ckpw85xhesa7s532fn1i",
  "daemonset": "40zpvkn3formuyzliz1v",
  "dismissed": "k8a8dejj551pun7r1vhj",
  "namespace": "0qnsreiv7tlgzegeus9b",
  "alert_hash": "u686sjyasx3y0x1ssokk",
  "prometheus": "24yd94s4u43vzub6rvc7",
  "providerId": "mu1ygrika8gaz5epla5a",
  "summary": "1cl8fb14h0kw6gtg2yh1",
  "runbook_url": "z0f3oa0cmrqe928xz17d",
  "description": "File system corruption detected.",
  "environment": "a0gjj8d964arvg0k16xm",
  "fingerprint": "mgtlkgn1",
  "isDuplicate": "jhlqkpfqs34effe6t9f5",
  "dismissUntil": "lnn9wsyl5odthje8h5sb",
  "lastReceived": "7o97p9xt39s08vb3sonu",
  "duplicateReason": "il2vl81osxnr12ao98ml"
}