{
  "id": "fkw7wk6xlrahl3hk1345",
  "env": "demo",
  "job": "gcdhfwfv307rk2tu5u2c",
  "pod": "y0d255qam9tnl3bfhz95",
  "url": "3o9mbtofdodkj117u5q2",
  "name": "SplunkDNSResolutionFailed",
  "note": "c8uvado4pxs7dojopn73",
  "group": "7lb0ruypizi3520ccjzm",
  "pushed": "aol8eafzker61wzk510k",
  "region": "asia-east2",
  "source": "5gbptwwuitqetpllpp0k",
  "status": "r0gylbdpl7e6o63ywjzt",
  "deleted": "maiszc5943lis3ejygts",
  "message": "1ky0io3hfswe5lf1mpsn",
  "endsAt": "2024-07-12T08:18:16Z",
  "generatorURL": "xnn0oj3gdjdyxyowuq24",
  "project": "8v5rcbepgjjnrg6q66ty",
  "service": "6u6s8opd4uy5vwnqtdug",
  "assignee": "einy11c58zdmriff0iuq",
  "endpoint": "g0zo3rbcyh2qsqyxxs38",
  "event_id": "kkg40iag9zypp3zmvsyu",
  "instance": "153.148.82.111:53876",
  "severity": "high",
  "startsAt": "2024-07-12T08:08:46Z",
  "alertname": "l051knojtzisi3lrmm80",
  "apiKeyRef": "iwhxsjb8v5yf55il3vot",
  "container": "a4974f0htimmwxoxpfdn",
  "daemonset": "bqx761hlgrlftxio84g5",
  "dismissed": "ix08kyjy8pg8ohjkl0oz",
  "namespace": "z61lxoxcrmm2awiarl78",
  "alert_hash": "ofhwhrfvkjsz6ja0xkfc",
  "prometheus": "am3pc7ryo0nvrt7wzi85",
  "providerId": "khefpbaljnrnocxqfbeg",
  "summary": "ux8gsqftrvqknaeu237s",
  "runbook_url": "2oslm0y37iqbrz8ibmjj",
  "description": "DNS resolution is failing.",
  "environment": "rh61577lz3epsgsmvvc4",
  "fingerprint": "d386viuu",
  "isDuplicate": "hyk5ypwr50uqphl0a23t",
  "dismissUntil": "0tu75hf0e64ft0q7osxd",
  "lastReceived": "xfr3w9wd4agd3y2mvzoz",
  "duplicateReason": "j8u1w07ozxi9gpqmq8ah"
}