{
  "id": "n2uzy3kmhfvj646cbcan",
  "env": "backup",
  "job": "0mztltf3c0wsxnhluw7r",
  "pod": "ogfals4eeksz0v3zkx1l",
  "url": "ysnnw7nxugrp0qh47zns",
  "name": "MicrosoftPowerBITemperatureHigh",
  "note": "raodeohrkiu3pzs7ltfy",
  "group": "e5o7ef3yr3kc7hfpkdtz",
  "pushed": "89zuk9gzdtaxx0nrcund",
  "region": "europe-west1",
  "source": "xxyg1teyd36lzuhpem4n",
  "status": "rkxmi88jm77znf6ixwyq",
  "deleted": "rrjy67tl3atko3tpd2qm",
  "message": "fph7ripl6msuu9wfhfgy",
  "endsAt": "2024-07-12T09:46:15Z",
  "generatorURL": "54h7wqsx040j7kk7mxje",
  "project": "i3j6l4xszaaq0kf1v5bb",
  "service": "lmdg1l7rmdk5ykeu0frd",
  "assignee": "c4vc8h96ew8bv0obpmkt",
  "endpoint": "6q3dianzemmlr3mmmnz9",
  "event_id": "8dm9ayhbmjqxs75wgpuf",
  "instance": "153.148.82.111:53876",
  "severity": "warning",
  "startsAt": "2024-07-12T09:41:52Z",
  "alertname": "5q9qulyrvt6poiu8cpyx",
  "apiKeyRef": "2sk6bkxxt6ptfiszkyj3",
  "container": "54l4ctx2l1z9h4lfpykl",
  "daemonset": "x6mh7pbl1al82a76jtbo",
  "dismissed": "rz285elk8omxomhzoamb",
  "namespace": "8cesmx1un2be025hmdrm",
  "alert_hash": "rstflh24v76r86tbjulz",
  "prometheus": "vo9pe0lalvspp6hkyu58",
  "providerId": "1s0u5gqm4co56b9hri5k",
  "summary": "hzi8kfel1i4ldyvv1jb3",
  "runbook_url": "a21z9gnymz4socy2zhjj",
  "description": "The temperature of a component or system is too high.",
  "environment": "i02hcex30egpu3gww5pa",
  "fingerprint": "4e5711ra",
  "isDuplicate": "luhuk3j55m7oanelzplf",
  "dismissUntil": "dafzzyvsooyfq5riak5z",
  "lastReceived": "ecqg20b2cdpqv9vp9yfl",
  "duplicateReason": "9msvqce1s84doun3cy6b"
}