{
  "id": "30cqexttbz2kt9bifmux",
  "env": "backup",
  "job": "w3l1vut87xbhrrx71k9n",
  "pod": "a2aqqvlly5e1syv43bmr",
  "url": "zusf4xuide46py9b7oep",
  "name": "MicrosoftPowerBIServiceRestarted",
  "note": "ih7cj6rovhxsjwyjvnga",
  "group": "wamxeervvw6m2jlczvx1",
  "pushed": "yhycdevsp1kd7x6ai7l8",
  "region": "asia-south1",
  "source": "6tjf6m13csb6del1ii58",
  "status": "l1vby76wbxopxp0wgfmn",
  "deleted": "ej14fpblc48ghgp7a7fr",
  "message": "p8996y8vi4d14395bv0p",
  "endsAt": "2024-07-12T09:07:53Z",
  "generatorURL": "bh99kzcot4kbs3cwpuen",
  "project": "pqt5v6hbm6nugpg4myp3",
  "service": "hwy3leacz0jnjucdpyi5",
  "assignee": "z8teelhtwzhw5zu3dthl",
  "endpoint": "zld7k1w51qzyakoqsfz8",
  "event_id": "00b2y5qfr8j41d94hr08",
  "instance": "164.231.154.138:1187",
  "severity": "medium",
  "startsAt": "2024-07-12T09:04:50Z",
  "alertname": "gi0gelqgmn7goss4glwj",
  "apiKeyRef": "yj8lejpkr84tdhe3kh5o",
  "container": "crxreee9jv4lu5uwizpp",
  "daemonset": "bbstu94z5kn69rz5z2bf",
  "dismissed": "a1kr6t4bs7tuo420isgn",
  "namespace": "iefjsflxcjsfn1ltq87y",
  "alert_hash": "3fihpb8qegmyzk7x7fyd",
  "prometheus": "cnc8ynhwtoaqbw06cy0w",
  "providerId": "n6kwyxnfab6hwo1qrtue",
  "summary": "3hywjdxglkybumczuijd",
  "runbook_url": "66eors5pzrtwj87g03u7",
  "description": "A service has been restarted unexpectedly.",
  "environment": "f8ghcnm2fx9kk520fiqk",
  "fingerprint": "hk1won3p",
  "isDuplicate": "61q99swpka6x4c6jh88u",
  "dismissUntil": "rznr8mxenxemgkz4d920",
  "lastReceived": "i7sg9p195gom9q0cpq5z",
  "duplicateReason": "gh3ztuffu5uoov32wowt"
}