{
  "id": "0264xd09f2ogcljtddcl",
  "env": "development",
  "job": "jbmyw9mi5ygm8wtabzhy",
  "pod": "npr1lzo9rzqfknektkre",
  "url": "kdmzq870yxl18cilhfvp",
  "name": "AkamaiSecurityBreach",
  "note": "4ef55hbqiz6vtj0q6sgg",
  "group": "c6zataj25dpyo962l4sn",
  "pushed": "1nq1kq6trkq4grcoquxq",
  "region": "southamerica-west1",
  "source": "tmmvmos4l610clji3z3i",
  "status": "lpo6ib7xqk3dp9h0rcwg",
  "deleted": "ci2tgrlo9t9jwttzap1h",
  "message": "mp80nq2wlxn52pd6iu6f",
  "endsAt": "2024-07-12T08:11:36Z",
  "generatorURL": "4d43hjj4e12orbwry2p9",
  "project": "2emlhygddg4smwjfzic4",
  "service": "z3j5ep1v55maypv9c7bt",
  "assignee": "45cmsd6n8cpupqdvu3nz",
  "endpoint": "1oue0y6jfblc5xunb8u6",
  "event_id": "hrql9ubr1qmdbwz2lc3v",
  "instance": "201.27.99.60:29131",
  "severity": "debug",
  "startsAt": "2024-07-12T08:08:38Z",
  "alertname": "nb7z7gtxjn2ccmpcn1wn",
  "apiKeyRef": "qo9b0buof4gmvdueaxid",
  "container": "sq9hqinw3rsml5mm4zdi",
  "daemonset": "70ykie8hgtlo9arsjnm8",
  "dismissed": "47ebpsik97afvbogwrwp",
  "namespace": "4qwrkhe4g7y2gtyclo52",
  "alert_hash": "agk0eydgohf9c3szhnfa",
  "prometheus": "cjg7vg6ob5zei3qwipog",
  "providerId": "ckd9i72lzdmjvtbfrw4i",
  "summary": "vgo3vqmzu5m091samft7",
  "runbook_url": "63dqs3m5aovknc6s0uva",
  "description": "A potential security breach has been detected.",
  "environment": "w6rij8k3jc6k04lo3k01",
  "fingerprint": "z2ml9rfw",
  "isDuplicate": "7ox64wnhrxwonbpahssu",
  "dismissUntil": "nx9u57hqftetjub3eukc",
  "lastReceived": "bk5ak4l3n318i6g1rm5n",
  "duplicateReason": "7u99hkfqjkkvc5mvq9jk"
}