{
  "id": "zbj9hapab2zyuy6s1trb",
  "env": "qa",
  "job": "1guqc364oz05u1hamxyn",
  "pod": "pxqno6xt9id2fdnal2dr",
  "url": "3i28cppz5dpebjkw59kn",
  "name": "GrafanaDatabaseConnectionError",
  "note": "hlpuss9dq3yji176s4qg",
  "group": "578tvlwv2yxj7y9v51lr",
  "pushed": "1yafs4t85vqwqhsp0vgm",
  "region": "europe-central2",
  "source": "d1tseriqzfys8wlsguay",
  "status": "bbmox02mnv7axn49vrmm",
  "deleted": "iim4dn9m4g1hxv6jhkx7",
  "message": "ykz12u6ue8u5z9jlbf0b",
  "endsAt": "2024-07-12T09:21:26Z",
  "generatorURL": "hcak4ymstyurh9l7irtq",
  "project": "97zfwd5xlsnn0g60kfk3",
  "service": "cqqamm2dn7s0bo834y6x",
  "assignee": "erhfrl9wz8v7fta91add",
  "endpoint": "exk24x3u2lqb4yj9s0bg",
  "event_id": "xfqyx7glaxga4a410o81",
  "instance": "53.145.86.9:46832",
  "severity": "medium",
  "startsAt": "2024-07-12T09:13:05Z",
  "alertname": "5217dhshtq1qingiuicl",
  "apiKeyRef": "tshjtauy17vwydhp3h74",
  "container": "nm7ef32zxqe63lotl60k",
  "daemonset": "fl6rcu32d6ljfredwbk4",
  "dismissed": "rqxfalxc00ncekiwy3i2",
  "namespace": "qel0s0cown84kyranqe0",
  "alert_hash": "rw61uox1zfdytytamxnt",
  "prometheus": "5zbqiqs4dgznbtk42qv9",
  "providerId": "6q1ei5ehiqfmhed21tvj",
  "summary": "yu030ho7zatii22y6qn3",
  "runbook_url": "w5ar31zvuasdgibwi7x6",
  "description": "Unable to connect to the database.",
  "environment": "67rs3rjgw1brsld3ghjf",
  "fingerprint": "bm0n65xx",
  "isDuplicate": "fl07vzlzbzko0h0yv8rr",
  "dismissUntil": "wkskcdx65iku1d4zdd0n",
  "lastReceived": "0imk68dvt5df1ogrnsyb",
  "duplicateReason": "btl1x1u6e3qwajt53apr"
}