{
  "id": "63pytemzfucyr7g7nhq4",
  "env": "development",
  "job": "e3eo8y9mc3tb0bmjt5rv",
  "pod": "p57canjdkr91zaibvjv0",
  "url": "up83rr0deiqgsvt2urgc",
  "name": "AzureActiveDirectoryDNSResolutionFailed",
  "note": "x2ghvoaziwca0t0mlwbq",
  "group": "i193v6m5t8bcguwn2x9e",
  "pushed": "4rw5lunfssvgzsfkyw02",
  "region": "europe-north1",
  "source": "hth7dvknvusxszspgpx1",
  "status": "oohc22qlyg2afv2cbapw",
  "deleted": "yls5j0k8nqnb51zeo8ul",
  "message": "ojuzypyf0v6r6wc37ejf",
  "endsAt": "2024-07-12T09:35:28Z",
  "generatorURL": "dwb4pj17ldsu6440akow",
  "project": "q0cku56ooomytlmofa0z",
  "service": "8v28n2mcsnyrfcure2v7",
  "assignee": "93npw2vao3eb9cp2o6wl",
  "endpoint": "prwd0e78h8kengs7hssq",
  "event_id": "qnkepxqrgc3ps0c1nylk",
  "instance": "78.198.217.88:59545",
  "severity": "debug",
  "startsAt": "2024-07-12T09:28:25Z",
  "alertname": "etlul9wl0o6qza1mak28",
  "apiKeyRef": "dmeh0ftghvp36szaf2c6",
  "container": "n4kt1okwcvbfby98vkxd",
  "daemonset": "c9tkqax7ejab77zspove",
  "dismissed": "c2grhanhikqhg5srx3dx",
  "namespace": "yhdjcme8gby3m5s01wb5",
  "alert_hash": "feipq2d54vkstrpjq7gv",
  "prometheus": "ayos071bt0kg8052gdu3",
  "providerId": "8chgsxacpe2vsmv5wiwb",
  "summary": "uxgxi2hsijpvgvyzs2tv",
  "runbook_url": "zzvj0od5e47c6bsoo79e",
  "description": "DNS resolution is failing.",
  "environment": "fnsbnt8wxczgx7dibpvh",
  "fingerprint": "52p6y1km",
  "isDuplicate": "9gi3ld208m5ksq0dm6kt",
  "dismissUntil": "4duw8xl0y9pgdgxb183k",
  "lastReceived": "3vibhia1nyx5wxk82a8f",
  "duplicateReason": "7qugzehwjwk6tpbp81f4"
}