{
  "id": "ifjgiujb1gftapmhapyo",
  "env": "staging",
  "job": "yh4pmqm2htvt11dl462z",
  "pod": "thxo5p6h1yd7m1lqb2a9",
  "url": "ubd6gfgp0kc0e5hcgtf8",
  "name": "MicrosoftAzureSQLDatabaseServiceRestarted",
  "note": "0qt9ct4pbhheu4hdzojg",
  "group": "yhtyqgoo6nvxrdg997ye",
  "pushed": "zzb75rs6uh39a2e5cata",
  "region": "europe-west1",
  "source": "xw4fqg4ofb20q7800wn4",
  "status": "71s6rr0ctpdht3kfhc3r",
  "deleted": "0b2y7azn6rlsl5boruls",
  "message": "p3lldhat0cehea3dyylp",
  "endsAt": "2024-07-12T09:01:04Z",
  "generatorURL": "oitdxu3u3lfvcrk9g7vu",
  "project": "6ns4yhtjpovls2qr14y6",
  "service": "g6me9nudiu0sbzksfvlz",
  "assignee": "fpgqusu6o46avvul593s",
  "endpoint": "e2sdp922nhvlyn79zgaj",
  "event_id": "esx1ng96n0qmq21lk9ju",
  "instance": "85.22.155.164:17268",
  "severity": "medium",
  "startsAt": "2024-07-12T08:57:06Z",
  "alertname": "l1pryrw028pz70rxes6b",
  "apiKeyRef": "fjpjf4wo1j3pezpwfa15",
  "container": "2bphxckclizy8tmvltpv",
  "daemonset": "6gc8gkw2tfzhbuwabqh6",
  "dismissed": "3theyctv678ds33u19wm",
  "namespace": "ege26ujjgfcgkb1dqf5p",
  "alert_hash": "djzdayaydvmdzfcmhzwj",
  "prometheus": "z8zln8qylnfhfqte60yf",
  "providerId": "h6kd9fihascm6m79bk2b",
  "summary": "pvrxlbaura327h9qqptm",
  "runbook_url": "wx606bd1bhvyrw31xtc2",
  "description": "A service has been restarted unexpectedly.",
  "environment": "kldkryio1tu2mivteory",
  "fingerprint": "slg3py78",
  "isDuplicate": "jmg81gd14uhtw4jzo29o",
  "dismissUntil": "finj11bbny2i27o3hjv7",
  "lastReceived": "ura9yca84khha73ul0wl",
  "duplicateReason": "6xev93aw5kc8pz9ljx0m"
}