{
  "id": "ntzrrusz26pfxqry3md8",
  "env": "sandbox",
  "job": "9305mxkfilghzlua4a2y",
  "pod": "nj9tzxzv7c689qemn6dq",
  "url": "ug2qfwrg5qri5sa9jn9r",
  "name": "GoogleMeetServiceDeploymentFailed",
  "note": "o6s45p05u7ofrj73lzwo",
  "group": "qko9kithikd52mq84r54",
  "pushed": "ft5igsis9ht1dzafjcfs",
  "region": "southamerica-west1",
  "source": "whvhw483ldunmody4zvp",
  "status": "m9ez3c8hmgeydyaun5yh",
  "deleted": "j7ljp5a6edc3qv773h3d",
  "message": "o6kgj2ay54053rd2v6wh",
  "endsAt": "2024-07-12T09:14:36Z",
  "generatorURL": "yiqxsdkgh14ll6ge0fci",
  "project": "y9np0g5kkrhr846627h8",
  "service": "dw60wnsrxf4aqmkx9txy",
  "assignee": "yitmfgqhqzhvchecmkva",
  "endpoint": "wasspox4p30jw15sir35",
  "event_id": "mm55madu2uovululcwa8",
  "instance": "133.179.204.82:29554",
  "severity": "warning",
  "startsAt": "2024-07-12T09:06:40Z",
  "alertname": "mfd9r952dtovxi5pbh9p",
  "apiKeyRef": "avimixk4v5irz7cacndw",
  "container": "tnrjpy8sp7u8kwvp394e",
  "daemonset": "z9rd2o8bgdxc2ad68o7l",
  "dismissed": "kb7zxyk3tc5adnqjtwox",
  "namespace": "1wprxnwl7gtmp70b51d0",
  "alert_hash": "yns8u7utsohzfj76qneg",
  "prometheus": "7lr2548kcab9wxnj06ge",
  "providerId": "8wclyw8h4byyv6pszxtb",
  "summary": "rdhvbfr2bal6f1jrlcxt",
  "runbook_url": "qfvqv0gbs98hbwjdhd68",
  "description": "A service deployment has failed.",
  "environment": "olks129vqg34zo1aonb8",
  "fingerprint": "j8k5l5sq",
  "isDuplicate": "x297mi76nrzmao4t80zj",
  "dismissUntil": "e0ys843dmvjap6th6om6",
  "lastReceived": "k21m2xxm7s4set1rmkg4",
  "duplicateReason": "yky6ibrn5t69enoudmr8"
}