{
  "id": "je4c41bsr0iquerguvnb",
  "env": "qa",
  "job": "wvxj9adyzccoeaolsos1",
  "pod": "a9w14ih2l43fcel5mnvc",
  "url": "9y81svqpuwcpo0o9spqi",
  "name": "AzureKubernetes ServiceDNSResolutionFailed",
  "note": "342bka5jo5u5k3b0hx9u",
  "group": "uktlzhbg5ybfrvufm34t",
  "pushed": "mfbnpj75kyfpg08y2sa6",
  "region": "africa-south1",
  "source": "r5jhmizl167bseopwhpq",
  "status": "72lrkq0geh5zt52uh1ew",
  "deleted": "2ep8cdni4vc4iuwowim5",
  "message": "y64gp9o4ll180fwdogsu",
  "endsAt": "2024-07-12T09:04:10Z",
  "generatorURL": "pf7plncr5u8ghfsyodta",
  "project": "vlb4g0z8ifzwqgscpjiq",
  "service": "vikp61bgdn76epi3tzbg",
  "assignee": "27jce34qqmhyjan44wmy",
  "endpoint": "ji9gldw16u3jps2hr2e6",
  "event_id": "w4k35xt2zywcepdbx3hr",
  "instance": "24.145.234.30:17654",
  "severity": "info",
  "startsAt": "2024-07-12T08:57:42Z",
  "alertname": "hpbsslx64cgrumb02xvs",
  "apiKeyRef": "ji655fweg17kd9az3p45",
  "container": "gsckocpmk8yxy4c5qwua",
  "daemonset": "78n7xrxkprtage145eoi",
  "dismissed": "b4iiw9cauurgt6ra38ok",
  "namespace": "dm3qfyd5yrw5vf3z5fq6",
  "alert_hash": "ycqz2u39aeneftm1sb2p",
  "prometheus": "p4idy929hlyku6270k8j",
  "providerId": "4hzx4xc7ul1nn0xxtz35",
  "summary": "b1kzvsizaikw7yo9j4v5",
  "runbook_url": "3hdjvabi45jg075tde7j",
  "description": "DNS resolution is failing.",
  "environment": "24dxetpsk6virs8pnhv3",
  "fingerprint": "orlrue0u",
  "isDuplicate": "u2hbomv7jw1qbgjr0slu",
  "dismissUntil": "3ysemps6zogl4bbqbknr",
  "lastReceived": "lcx3iu4cuxv1l0pc4hdg",
  "duplicateReason": "3k8lfqwzdyggl71qotg5"
}