{
  "id": "kmvoe4wdvn0da61hl4ij",
  "env": "qa",
  "job": "b45mb2x0ywqvbx4myjoe",
  "pod": "s34qne425mhq4bso4g7s",
  "url": "07zxy9c3ml4rwxrji9mw",
  "name": "CarboniteServiceMemoryLeak",
  "note": "o3upp9keyvj16c2u81mr",
  "group": "owkmc8hkvm4hp1hwtox2",
  "pushed": "mkltj019n89ajqq8q1ld",
  "region": "europe-north1",
  "source": "7zdu9l3mbm0udh3nt74a",
  "status": "sz5fgl9so2iv62mde51l",
  "deleted": "ogt7zx0ilb4o2zhu1hup",
  "message": "opj87gpe012n97257bly",
  "endsAt": "2024-07-12T08:39:54Z",
  "generatorURL": "d9sp0d2fclybsmo6ka6c",
  "project": "mey4ye3089j86l20733o",
  "service": "c42wjtmxxpmz2hk3ycj5",
  "assignee": "awp5idxe6p32dso3bezs",
  "endpoint": "imbjupdx1vb2ga745btt",
  "event_id": "kxb7kqbcdu7b7wigg222",
  "instance": "116.181.185.155:18361",
  "severity": "info",
  "startsAt": "2024-07-12T08:38:13Z",
  "alertname": "vud5qvdfz0337jbft0c9",
  "apiKeyRef": "ssm4e0qre2latb0v9sgo",
  "container": "kl7r6mgfew20niq10xfa",
  "daemonset": "dfa6r0o2e8t0cpdxw9hn",
  "dismissed": "4ybjng89i7f9lxauubpe",
  "namespace": "2jm2wvmkd6ug6c3nfuos",
  "alert_hash": "vvba10oqgfzpgwu3k8ig",
  "prometheus": "0006qcbe42ci4iu94t1j",
  "providerId": "zcbne7clwo1oyex7xucm",
  "summary": "5mcfn7tan6kmyrws3j66",
  "runbook_url": "9gr6q0zvm9lbfu6z2acl",
  "description": "A service is experiencing a memory leak.",
  "environment": "wn5rkp0x91aped66tj2i",
  "fingerprint": "jxukkjt6",
  "isDuplicate": "xqdnqkkvuzv7saw5md2d",
  "dismissUntil": "0d40jj5iyor6233s7jo1",
  "lastReceived": "3ltqyieq0pg7xzy3s3v2",
  "duplicateReason": "f1cj0mo8src8wk76nwuj"
}