{
  "id": "4gc3mv6o4hfx0mjijd6n",
  "env": "staging",
  "job": "rhloovlkjgprspea1lnp",
  "pod": "yppilfl55dsqjua554hk",
  "url": "zknxxiiftg6qxr7d81p4",
  "name": "CiscoSecureConfigurationChange",
  "note": "clo9lb7mk6wgcxmbi47i",
  "group": "oq17l3d6gcgudera32ir",
  "pushed": "xt2x7nz6bylu2hwg8cya",
  "region": "africa-south1",
  "source": "ut0vn6tu0tntrx9qp2rz",
  "status": "kr6rqzu6c0am279inasi",
  "deleted": "b02qaa6sf34n8hs257gh",
  "message": "wecjuggsbryp49egw6oo",
  "endsAt": "2024-07-12T09:50:37Z",
  "generatorURL": "fmupknh31lxb21sc3oh4",
  "project": "mxwzm6fmg1qqawnsv06x",
  "service": "8vr0fa4v1sglw7t2t1wy",
  "assignee": "gkh33d2zso80ctfp9okx",
  "endpoint": "g626p58qmqg91sgc5ptk",
  "event_id": "hck1amfmnfv9yhsd7bpq",
  "instance": "1.169.226.207:55692",
  "severity": "critical",
  "startsAt": "2024-07-12T09:43:15Z",
  "alertname": "306lqbnuh0d9io12m8zk",
  "apiKeyRef": "zbg37dvej3xl5fagtebo",
  "container": "zdz2n3ycztvtem7m7pkr",
  "daemonset": "0ocjjrtcf9lj6jtgaqmg",
  "dismissed": "ywobr1d2fvbia1d4e1c3",
  "namespace": "6ejiqc2spxq3b1ickun5",
  "alert_hash": "1wzvcgk3nivwyfxn2a32",
  "prometheus": "2jkpg4uptwklj2imqzj4",
  "providerId": "y3ictkvig32f4hqfp4fo",
  "summary": "wdxf6cpovemlvxpilxds",
  "runbook_url": "oscypieojl5dg7chm4jl",
  "description": "A critical configuration has been changed.",
  "environment": "b3d5uhbafpagz2f2ulck",
  "fingerprint": "23spc43y",
  "isDuplicate": "llkf8danztc6k6qk1idz",
  "dismissUntil": "67nm707632dn52tsavrg",
  "lastReceived": "lapl0c943m1xjhz8jujl",
  "duplicateReason": "g0oft28n3sfw1xfu2qqu"
}