{
  "id": "7a610qzfkbj6ekz0cjuq",
  "env": "backup",
  "job": "ewljxh3zf7vd9zq5ua1w",
  "pod": "jvz2pzhd2eamos7756zq",
  "url": "bcwyp7cjtwysv4rtbjep",
  "name": "PrometheusSecurityBreach",
  "note": "gkapb665iriizeda4g29",
  "group": "h1rct6inpowjmvtaqvr9",
  "pushed": "jh45l7olv8o19w8qmblm",
  "region": "asia-southeast2",
  "source": "jzc49ze8h9esv2hwh30c",
  "status": "2vhy5hxfy1entq1sfg70",
  "deleted": "p1o2gvghsptlbnmhjc6w",
  "message": "1nnhypq64qtzhse6d4ku",
  "endsAt": "2024-07-12T08:27:15Z",
  "generatorURL": "npsbf085x2t35w2en18t",
  "project": "rnh16tuox6m1xr9cevkg",
  "service": "3melggjbd1414q69kawn",
  "assignee": "xqehfywcr4bbzswfzdsi",
  "endpoint": "i23n8ktjgpzuzf9et1gd",
  "event_id": "dyeckh6dmrpdbdb7dtik",
  "instance": "148.27.182.137:38272",
  "severity": "critical",
  "startsAt": "2024-07-12T08:26:12Z",
  "alertname": "oknr171qsd8re3arbmhy",
  "apiKeyRef": "vnri3akjppe1rpw9nold",
  "container": "9zeuemwfsq5h1cgoiw4m",
  "daemonset": "1zvddpwtiqnquqlui53g",
  "dismissed": "2so0l7x62fsf927w8rj5",
  "namespace": "vneqp7k95recmdwp39ms",
  "alert_hash": "xai0jb24x3aa5z2gjxmm",
  "prometheus": "fws6cq3xtkpylad6vehs",
  "providerId": "b5ko9y5370fyec2pi8dn",
  "summary": "v5ozyplroh3i64ea23vr",
  "runbook_url": "7ynfdeclz33cybat9ke1",
  "description": "A potential security breach has been detected.",
  "environment": "v11d6asiwbf1fmvaikv7",
  "fingerprint": "8gfuuqgf",
  "isDuplicate": "kp7bkn3z50cvgfj6a8z0",
  "dismissUntil": "y38knlqpp9x4yr9jp8vz",
  "lastReceived": "8784og7a84phrqjeiw06",
  "duplicateReason": "c0ld0f3gpwi0qauqwggj"
}