{
  "id": "nqig3p7b75eu4b8ez34x",
  "env": "staging",
  "job": "rs01zazhneo4p36m6uqx",
  "pod": "3wh0qr0rux6s1unxdk9b",
  "url": "xihbvyms7qwb7zj9bdq4",
  "name": "PrometheusBackupFailed",
  "note": "p5xgp840c7wphaapnd1e",
  "group": "7yrbgkyqjlu2vs29b4gr",
  "pushed": "cu31k0eio5t5vkrtl1df",
  "region": "asia-southeast1",
  "source": "7dmx09h0mgrmxcp4muuk",
  "status": "q15coc30bpzeq55m9r9j",
  "deleted": "kynupbjakwnvqmxxynp9",
  "message": "wd2nvmtglpdldyt1u1m2",
  "endsAt": "2024-07-12T08:46:05Z",
  "generatorURL": "3ce0m2bvt598idspmw9e",
  "project": "yzw8440ayynz0nyaqer1",
  "service": "htcoomgsqhg0ocx159dg",
  "assignee": "m6fkfsxsbe05y1p680ns",
  "endpoint": "4s9kqjxf00eqgm3fc3bb",
  "event_id": "5xkkvsnwiopmduzqwp6m",
  "instance": "240.83.87.126:21420",
  "severity": "medium",
  "startsAt": "2024-07-12T08:45:59Z",
  "alertname": "ij0vuaaznxpag4dpclqo",
  "apiKeyRef": "7koeho25adyka4zo131q",
  "container": "zhj26493l3nit9y22sa8",
  "daemonset": "yc36t5wbtpahz32qdmk7",
  "dismissed": "9oqfo4alrayhitwtt8g5",
  "namespace": "n9xm1tiguonqgi5s2986",
  "alert_hash": "hjcp05jo2ifpsn77x193",
  "prometheus": "14coxtyytd8z8uv5xn0m",
  "providerId": "tzev7h91h8dh98n656zw",
  "summary": "rt2a0yrrn05kqx9hvsne",
  "runbook_url": "f5iyhv4vo4lmgfly7fsb",
  "description": "Scheduled backup has failed.",
  "environment": "b7qsbu37t8k7zdy3nwnp",
  "fingerprint": "jq1uqz83",
  "isDuplicate": "kf3t917kb652oxkapn97",
  "dismissUntil": "kydksrc82ypuc4cx0b81",
  "lastReceived": "zfv2cmcogget4d3hsptz",
  "duplicateReason": "wuzwq10rdz55swckyjae"
}