{
  "id": "lcoitxbpo46yfo6mbfva",
  "env": "integration",
  "job": "ctigmodr4s6zkfpyq7ca",
  "pod": "82rzzpnp32asg6d2u93h",
  "url": "znslv6cnwy877na3dzum",
  "name": "GoogleKubernetesEngineServiceRestarted",
  "note": "sygmxaiwj690mwhi9fks",
  "group": "xh9bahvnbaa7ykc61mdp",
  "pushed": "x3fefg9qr7iutogm1zum",
  "region": "europe-west2",
  "source": "vv43z4oz37gdbbyuz882",
  "status": "j02bt4i4lkd4c0nk2f1g",
  "deleted": "gxqkb5pun72ewo2d80nk",
  "message": "35bcbefoc71pc5ucip9i",
  "endsAt": "2024-07-12T09:52:13Z",
  "generatorURL": "k4aq20mx6ld7rq7dx5eu",
  "project": "d89gqnzplmsv45q0nufw",
  "service": "g2rqf5izicz4fnmljs3l",
  "assignee": "hnxnkpbvexh346myjw6e",
  "endpoint": "hkng2rrrv5dio6pjwc68",
  "event_id": "y1g5ui1seiikv4z5z56n",
  "instance": "239.102.139.236:16863",
  "severity": "info",
  "startsAt": "2024-07-12T09:48:41Z",
  "alertname": "bd6zxd3tlr3zhjrzhl9v",
  "apiKeyRef": "fmpvy9lpucvzkyt5w2bl",
  "container": "tqigf20kq8sulx63p5xh",
  "daemonset": "b1gdj2pu2l1m7gkyhbyk",
  "dismissed": "zm9h0tn6o1k557bgqv0p",
  "namespace": "v18ib2ls1e1xaoi9ozrv",
  "alert_hash": "d04nt47tzfoy2n1wp5mp",
  "prometheus": "orvbbfjm4fetseacupjl",
  "providerId": "xb2kno2vxfp6vdxo51r1",
  "summary": "d7h58olvhbefgu0inh27",
  "runbook_url": "mdf7fc0nbbzmk9xb1s1i",
  "description": "A service has been restarted unexpectedly.",
  "environment": "5208h4mngpn4ju57xeu8",
  "fingerprint": "2n644pu1",
  "isDuplicate": "lpsozr95wbzyozdoz0it",
  "dismissUntil": "4ist1fvg28v7j4y7sagn",
  "lastReceived": "1n4zuulkrflhkmkeyhef",
  "duplicateReason": "z1dw8m7nxg56tzbjvo4j"
}