{
  "id": "3v2r3w9i2x0tqqq4xkir",
  "env": "pre-production",
  "job": "x6btlkdor0juvhqt47i8",
  "pod": "zsnrbvfpw4xzrvo1h03h",
  "url": "lv6q6tcjhppu1zwpjrlj",
  "name": "AkamaiFileSystemCorruption",
  "note": "qe2g1iyvvadzllf1v2ia",
  "group": "uyd2p7y10j8ulx9fknls",
  "pushed": "fsrij3p03x4a0mdwunbq",
  "region": "asia-northeast2",
  "source": "0zsoc7d8hn1dmuc91nhw",
  "status": "9wwed6m8hniru3z624eh",
  "deleted": "m8vm92hlsyxucnph7pn0",
  "message": "kpgx45nf7bmbkfcq69q4",
  "endsAt": "2024-07-12T08:18:08Z",
  "generatorURL": "hiwazsq1udi6dys9hj57",
  "project": "7i7mug1ocrl6l8dpgozy",
  "service": "z5ss36gukoiw3zis6upu",
  "assignee": "3fvc7o2ktskep8c6gjii",
  "endpoint": "56wsnu3pfmitlzw8grft",
  "event_id": "phfqywdld1ywnt5ijd13",
  "instance": "59.82.167.140:51937",
  "severity": "critical",
  "startsAt": "2024-07-12T08:11:58Z",
  "alertname": "0qwdvlln4qu6idjvseuv",
  "apiKeyRef": "kafui44i40fo1iazf0ri",
  "container": "vo1x04wti8kmhfn4lje1",
  "daemonset": "a399mzkjh6mvbcdevvjo",
  "dismissed": "ocei0ntoicdxywdxl1fu",
  "namespace": "3n0b36a08h2hrmy2o4z1",
  "alert_hash": "subsi4f4w501n4ozixlf",
  "prometheus": "z00ug7n41nid23ievae8",
  "providerId": "3kv1pi86te3k2pzwdxlb",
  "summary": "owqztjf4jzmndwbpsa9u",
  "runbook_url": "a177fn8ue0lyz6deqerz",
  "description": "File system corruption detected.",
  "environment": "uzy17qq2l85i44srdaof",
  "fingerprint": "aiv5rsw7",
  "isDuplicate": "2crtkzuy5srysjqejvck",
  "dismissUntil": "hj7vdpva91101534gjrd",
  "lastReceived": "208nei3e4hejvgf2fmn9",
  "duplicateReason": "tfweqsdjxv7vzxequt4s"
}