{
  "id": "t61aimxkk45jkpyz743z",
  "env": "backup",
  "job": "gr4vghscm9xt4io2w7w9",
  "pod": "r583wp6eidmjb8lcz1ua",
  "url": "vmmxzcrxi95ka07t7hvf",
  "name": "AkamaiBackupFailed",
  "note": "3bztdhj40enfyrelspw5",
  "group": "96hsnkrkgdqywng74fk9",
  "pushed": "h2kx95t9vithmqvjmzil",
  "region": "europe-west4",
  "source": "4606kvvyxrx20l3pykjk",
  "status": "988zzzkkmdqbjhw22sdd",
  "deleted": "bf7dodnjunp4a1x9srs9",
  "message": "rvqfy9s4jf8zs3z94x5c",
  "endsAt": "2024-07-12T09:45:47Z",
  "generatorURL": "rn1eu49bl0yc0mv0j2up",
  "project": "q1177wl40t8ismgbpxr8",
  "service": "o9pgsgbx127ct3q9b4au",
  "assignee": "nvod31tahjojdnhtlm4y",
  "endpoint": "9tv5zvgn7e7o0v38slvp",
  "event_id": "eti0hqshcdnjd91pr63s",
  "instance": "122.237.172.41:32811",
  "severity": "medium",
  "startsAt": "2024-07-12T09:40:36Z",
  "alertname": "ehnjen0mcfnpxumpwj8m",
  "apiKeyRef": "0pmaqdh12mbcvgq9fdf0",
  "container": "px0g5nr4f9ybexipsy85",
  "daemonset": "fvy31wany5bwr50qgjaw",
  "dismissed": "flqdgz0y8t3uv2pabap2",
  "namespace": "4jj1mv3f35gg159om0wk",
  "alert_hash": "b6lrdcogjpq9u3hbwdoo",
  "prometheus": "eo8oad7j1ol3dwhir5g5",
  "providerId": "qqu892m4jqrh6p414prg",
  "summary": "l6r7d381ilinb7lxloyl",
  "runbook_url": "v7hd9avqwcktbu3o9zj7",
  "description": "Scheduled backup has failed.",
  "environment": "kf9yga7g4fe497t4zgnk",
  "fingerprint": "gh4ol6e9",
  "isDuplicate": "6vjynfjgm6355fds8a1w",
  "dismissUntil": "x6p8nhpskgtwa8oo69lw",
  "lastReceived": "2yeu3kuiem7diekjzfsu",
  "duplicateReason": "0whagsjawah3acz9q3wj"
}