{
  "id": "xkedpptnerz202vu21rr",
  "env": "production",
  "job": "41ob4hiu7qf4d48m9lai",
  "pod": "f566baeapi8ph65di2n0",
  "url": "u2ytr5pphwpygyv9gphk",
  "name": "AmazonCloudFrontHardwareOverheating",
  "note": "9iohmi2hdbv21eqy2thf",
  "group": "hsfviqp8od97gwxrhpwe",
  "pushed": "388dm1g0fwvrru0cxuxj",
  "region": "europe-west6",
  "source": "gjt5ogfcs87sbsryhivg",
  "status": "fg87ae189c0pct11qql3",
  "deleted": "13zsef31zswl5w53u5pr",
  "message": "jnf9h5nkzq5hpfuadjt3",
  "endsAt": "2024-07-12T08:26:13Z",
  "generatorURL": "vk5encyar5cao2ks6mkg",
  "project": "75b2bpgxdk3uqfc0koob",
  "service": "awad8548xe2rss11fnb9",
  "assignee": "9ekci8jytyc6ujvurhvo",
  "endpoint": "gxrdtnl1pf82ovnzhklj",
  "event_id": "bnwmkzfqzi3yi41njsvl",
  "instance": "59.82.167.140:51937",
  "severity": "critical",
  "startsAt": "2024-07-12T08:23:23Z",
  "alertname": "vy2lhv7eyb012yerhd5j",
  "apiKeyRef": "c7huqkyul687oglskx1q",
  "container": "nav66t17nikj09c1xc7w",
  "daemonset": "depom4ctt6wqvlb5gtsd",
  "dismissed": "n3ewgcbzx3pdufdb6d5a",
  "namespace": "ref44mskijgt39n7fab5",
  "alert_hash": "1egn466qu8v5yka9cv5u",
  "prometheus": "rreyjehn7jt2tu4thhxt",
  "providerId": "js43hwsftzo28oowebo7",
  "summary": "k5spqx92h64mictqot62",
  "runbook_url": "acvi2y7cfjfuw3fpedk3",
  "description": "Hardware component is overheating.",
  "environment": "d8pinenyde9e47bsc3q7",
  "fingerprint": "e06hkcav",
  "isDuplicate": "a88eq805nw8yh91pgec7",
  "dismissUntil": "bcpln66nr8zeqpb80d2u",
  "lastReceived": "qee0v6t66ylidl1875wg",
  "duplicateReason": "oya3gj6xhl320kae63vw"
}