{
  "id": "94cbec02x8qb16rju3f1",
  "env": "development",
  "job": "l1mmlwx8rb1cqiskgl1n",
  "pod": "e2k91y4obixbak0x6wo1",
  "url": "9vk683m5alrcbj2i3y5d",
  "name": "AWSIAMSlowQuery",
  "note": "ppho3vuupuotnbxevlgw",
  "group": "4fdduui2bdm9izcwqxfg",
  "pushed": "1r45ts5b720j06mqugiq",
  "region": "asia-east2",
  "source": "1q2f050rwr42evsbq5bp",
  "status": "jg164y4alanzgwpftopz",
  "deleted": "2jbp624sg7ijqnl037p9",
  "message": "82czns0kdyrxji4f3yvq",
  "endsAt": "2024-07-12T08:04:08Z",
  "generatorURL": "5hm0ohlwk92nil29a2z8",
  "project": "yozbxbr97t1unp689di3",
  "service": "vh8r0ra00pt9qkl1grjc",
  "assignee": "di7r0ou6g2c0gwug1m6u",
  "endpoint": "ctlgf5in6h53prv30sxb",
  "event_id": "cb6298u4zwiz42o7xuo9",
  "instance": "153.108.105.82:16249",
  "severity": "high",
  "startsAt": "2024-07-12T08:02:18Z",
  "alertname": "mezfmwzfy6yvi4mjithy",
  "apiKeyRef": "tk3bw6xdnpt0xg2j3ztm",
  "container": "innagyvkiu3eqwtpfikj",
  "daemonset": "6ecpp4w4hupq8ja5s2tg",
  "dismissed": "h95ratz1e20u9cdlolwm",
  "namespace": "fxmbvymv80orrth3q1pu",
  "alert_hash": "kipe9y9m1xg43zni5d0j",
  "prometheus": "rksa464m2bg8zldtwfxl",
  "providerId": "bkbzs1hdw5c3ph49tocc",
  "summary": "ljmqld8y21sahpxcqo1n",
  "runbook_url": "jnfonhw1t20bzktxudrl",
  "description": "A database query is taking too long to execute.",
  "environment": "kdbwq2fdto8ckxkz1oxf",
  "fingerprint": "ruutymhy",
  "isDuplicate": "yrm7yw4jr86dlc4wurhy",
  "dismissUntil": "hid5ryte8w9v1fq4yvre",
  "lastReceived": "t7948u21a8ptdacj0m8f",
  "duplicateReason": "7b4es8t4764nfkfnf96l"
}