{
  "id": "obcn8ftjcj9ghx2q9ov0",
  "env": "sandbox",
  "job": "5sw4yb10w5z9cnpx1w1c",
  "pod": "mbr9ddyrmifbsp4bdxy1",
  "url": "fm6drvn2rj1bjvaepus9",
  "name": "LastPassNetworkCongestion",
  "note": "itoudtvwad2f98fd7b15",
  "group": "ey1qnw045i7wbf1q18a1",
  "pushed": "shiz6h8ytyj17ev05pqv",
  "region": "asia-northeast3",
  "source": "731waszo3xh744h2xh4m",
  "status": "1gpu8oe42y74icb09xlh",
  "deleted": "ndabmc53ts2klczxgvvt",
  "message": "cfb9xav8udzn8w8c19me",
  "endsAt": "2024-07-12T08:12:47Z",
  "generatorURL": "twtqhj8mym1nb3knmr23",
  "project": "aseiuldulrhwx60sojky",
  "service": "bnsxrkk1psgywlimu2jk",
  "assignee": "upxp05v1o0cpzzvbzvrz",
  "endpoint": "nn37jm26157709i8smgs",
  "event_id": "lewmylepvhrfqq8e3irq",
  "instance": "119.104.134.245:24340",
  "severity": "medium",
  "startsAt": "2024-07-12T08:10:08Z",
  "alertname": "aoxmoe0ohuef1e99pvhd",
  "apiKeyRef": "994aex21t0kxoo3cjmcs",
  "container": "skzgzscup5kq6ox8dhrl",
  "daemonset": "q9wldgsrw2rs8bkq27w0",
  "dismissed": "kmqhs947y3tiv2azirel",
  "namespace": "rqkgryhe2whuptaw9euu",
  "alert_hash": "86pvi4ssl0ygop4d5yh9",
  "prometheus": "0oufgailxj2d1e3b5e0l",
  "providerId": "wbd8pylax5xasg1781a8",
  "summary": "4eycqg71v7s7fqvbdhmr",
  "runbook_url": "n5g06sxx9biw9zp32br0",
  "description": "Network is experiencing congestion.",
  "environment": "5ufmof3oxbnwju9u1ftp",
  "fingerprint": "8uk5kuho",
  "isDuplicate": "moy2tu8v4ttmh46b00nn",
  "dismissUntil": "f519c1r8hdaj72vpyknz",
  "lastReceived": "dj2783i5h8x78kyuils2",
  "duplicateReason": "mpot6m5lqmf3d587wery"
}