{
  "id": "hn0wq6cyptw2qssqenni",
  "env": "staging",
  "job": "h170qboxc6brf4td5fea",
  "pod": "90walhui5u93yjxeuwnc",
  "url": "invxf4okeg2fqx2ca3ft",
  "name": "DockerSwarmFileSystemCorruption",
  "note": "7883l9l49ogovotjqe42",
  "group": "byrv7htytjab8oktpdsl",
  "pushed": "r6cofvsn6l46nio9ls0n",
  "region": "australia-southeast1",
  "source": "0fon7b7rszu540qkicuh",
  "status": "shqokmvlds0p9597ipu5",
  "deleted": "x5ab0wgc74ultbuuz4fb",
  "message": "gg2juj1l02zkaocrxlhc",
  "endsAt": "2024-07-12T09:24:14Z",
  "generatorURL": "sa6p3ebhx7y2ftofeg4u",
  "project": "9l82q284rzawsez96114",
  "service": "98t2jb8g7xgmcnnjy5bt",
  "assignee": "o78mn3x9yjk50f61426m",
  "endpoint": "2bfri87o93fmdxq270mr",
  "event_id": "2mnoybwvj5pob7r3k2yg",
  "instance": "23.135.53.28:22008",
  "severity": "warning",
  "startsAt": "2024-07-12T09:15:21Z",
  "alertname": "94qf3687ezmepauc6l3x",
  "apiKeyRef": "vyyf69vlkc1jjidr9w5d",
  "container": "6yuiq6easuylhd5cfzi3",
  "daemonset": "vptjhzxirwfcog7bs8da",
  "dismissed": "mtnqxxzh5e15nw77t2g9",
  "namespace": "cllcnp7de7taelmhvy08",
  "alert_hash": "wvyys45lzrp0sc6xgegg",
  "prometheus": "x51ergui48ay0u96a2p2",
  "providerId": "fgsz72n0nbwrm4aci0yq",
  "summary": "t108q8xbvpofoe1oyiev",
  "runbook_url": "32jqbrvwetuclagp292z",
  "description": "File system corruption detected.",
  "environment": "uzbdjqptzmw2mffluni0",
  "fingerprint": "0tbbdllm",
  "isDuplicate": "ny73kbmd5ffrqfkk2hd1",
  "dismissUntil": "r4o09osluklnb9bc8egm",
  "lastReceived": "cckemq09e2qukjqmrzbo",
  "duplicateReason": "xbdp4r3468b7sta4nml5"
}