{
  "id": "ucrl04i73cjttd5x17oo",
  "env": "development",
  "job": "z8j600c9ggylpriwffuh",
  "pod": "0g9f6vkd4jc5t0xrcscm",
  "url": "tgzc50wsdfprdesys8na",
  "name": "VeeamBackupServiceRestarted",
  "note": "h3faqwt0bkpm16r92gi7",
  "group": "kqgu52gxlexa0q28g95t",
  "pushed": "gisfx6ki9lx98b01i2mc",
  "region": "us-east1",
  "source": "zy0ogr0d2jfq527svf9v",
  "status": "ga5862dhyqx2qysr3548",
  "deleted": "pq6ky5cpxjf6vy8u2obp",
  "message": "19o6n788fyzvk7k2r9vf",
  "endsAt": "2024-07-12T08:12:14Z",
  "generatorURL": "2dgscu8vn89yl0int758",
  "project": "9iiw7a9byum75g5xukgn",
  "service": "wuz5947m15pku27jhf3e",
  "assignee": "104ul0aerw0c9kss1rmh",
  "endpoint": "s89x6m19q3wn6iyjw1gu",
  "event_id": "9pgdv2gmicsu1fls6tyi",
  "instance": "133.179.204.82:29554",
  "severity": "warning",
  "startsAt": "2024-07-12T08:09:50Z",
  "alertname": "40s8fnp9utznvh51jpam",
  "apiKeyRef": "hh8unrxmbo5kiytpunad",
  "container": "eyut2hm1ed6bxpver2o5",
  "daemonset": "u12tu39gt1uc6ud75amv",
  "dismissed": "5t0yq1d0r90z5lv04zi4",
  "namespace": "ue8h70knho3ew4gsal0b",
  "alert_hash": "45bkvl4mc3bhogvk4ka6",
  "prometheus": "hje764ez3imecgo4xv3m",
  "providerId": "7zwzjr6iaqrqrag73shs",
  "summary": "7v9uknzcrdsszkae51st",
  "runbook_url": "7n08kp943i7ppauhdf4d",
  "description": "A service has been restarted unexpectedly.",
  "environment": "098wl288gkc5ms45pdy3",
  "fingerprint": "qeg09wlx",
  "isDuplicate": "spr77uoavoopqeqf9xwv",
  "dismissUntil": "or4c7on5brkbdbg258q9",
  "lastReceived": "e9wenshr142as8iqnw98",
  "duplicateReason": "ce3vguzj3dlsefve1086"
}