{
  "id": "no4z7907p1wo1zfhugat",
  "env": "production",
  "job": "bktfnieiejpm5p6x064b",
  "pod": "9923sfjf3edt6fgtnpxj",
  "url": "kvrrutopeqatna3xa8n8",
  "name": "TanzuKubernetesGridNetworkCongestion",
  "note": "c4mhoq9ovmev3br0yoy2",
  "group": "pba6wcfa0hw2u0cftbkg",
  "pushed": "523ufx8mw0dlhq59wksm",
  "region": "southamerica-west1",
  "source": "k0tmyzgd9vbmm8puxtw0",
  "status": "mwc2i7vsaqhjjsix9czj",
  "deleted": "o3rasz46iuu2qlv51ukj",
  "message": "kbufr2getf13x0zh8gaj",
  "endsAt": "2024-07-12T09:00:19Z",
  "generatorURL": "337emfy3u6r1ryj998ej",
  "project": "dcbsb4zy12s5hj2fp8sb",
  "service": "y5vmn1gufj7e8h8zd65u",
  "assignee": "a6tfusawls2bl9py5jnb",
  "endpoint": "yulbpr1uh3wlk0bkkccf",
  "event_id": "tfk16a3ue0xzlmpy9ywv",
  "instance": "26.204.99.161:17002",
  "severity": "medium",
  "startsAt": "2024-07-12T08:56:30Z",
  "alertname": "z6dqyj5brda91x0ouhxg",
  "apiKeyRef": "u3uyp8o8g6ngeer88hnm",
  "container": "16lg6glvualftrw75b86",
  "daemonset": "dbi5h3xu4ipc25nvahp7",
  "dismissed": "vay3v1nwk2kw9wnwyibi",
  "namespace": "3rt0so43f1pz6z9rqyqn",
  "alert_hash": "ox65ujiqog847yolwyc1",
  "prometheus": "x47l4o5zylok2b28r7k3",
  "providerId": "bq1v6eiy0v5r6ufnmxes",
  "summary": "cnsiq5sd0q5gmvmbme8h",
  "runbook_url": "gz9o5869cjz6mg1vj7o7",
  "description": "Network is experiencing congestion.",
  "environment": "a9o3tn76kch6ljoy1jh1",
  "fingerprint": "7ladajpo",
  "isDuplicate": "u19r1e1ahctz85p2y2b0",
  "dismissUntil": "w4x77r45qm46cn9545rb",
  "lastReceived": "q1olbx7c6vb1nsfz6311",
  "duplicateReason": "6zox4da7894meqh4td1k"
}