{
  "id": "18xzkgs1h1trnzfjpcbe",
  "env": "staging",
  "job": "dqitqnytph0czv58u30l",
  "pod": "a5zfdb7oj6zogm175587",
  "url": "9pj31o0mibw2ad51x0ot",
  "name": "MicrosoftAzureBlobStorageCertificateExpiry",
  "note": "764sgnbrvpuq2q46zldr",
  "group": "bgrplq4ew4kg680shlpw",
  "pushed": "zi8dkdb4dwcbd51yrcsi",
  "region": "us-central1",
  "source": "03ngjliywdpbfa44m7ck",
  "status": "g5kag71krcw4zo7tokdi",
  "deleted": "r5vz72wd5ufsr78f61cn",
  "message": "bpbb66r51thpxgu46qs3",
  "endsAt": "2024-07-12T08:16:27Z",
  "generatorURL": "l5qno3r2kgj87yxxkojn",
  "project": "tc1tsfh920dcq1n4j45c",
  "service": "cizmydjjgee1f3rbuj0j",
  "assignee": "dcgb4wvau05kv4g5dyh9",
  "endpoint": "59jra28a833gxgvu96nd",
  "event_id": "z6xhnn6885sdcqpl61tl",
  "instance": "226.63.171.227:17782",
  "severity": "medium",
  "startsAt": "2024-07-12T08:13:42Z",
  "alertname": "f9z7u1umqje8jejiohmy",
  "apiKeyRef": "mir82rfmmhtadjzljl3x",
  "container": "y6l74g9lh8hpibwhfwqi",
  "daemonset": "cz0dyq7netxwv0lf4lo2",
  "dismissed": "08i1j9c1zktb8bfgbizp",
  "namespace": "n0q1nea38twbr4e21fqb",
  "alert_hash": "l2ek67qigocgiwk5z35z",
  "prometheus": "47d84i9taemgttrx8glq",
  "providerId": "icj3vrcd094y57bnes1t",
  "summary": "0lvt0dniegkb0kvh1pa8",
  "runbook_url": "015byck4mtkl585porvy",
  "description": "A security certificate is about to expire.",
  "environment": "gncn3upsgct6h663n35q",
  "fingerprint": "3c2v0u6u",
  "isDuplicate": "8dyay0wmukbnf0iufvk2",
  "dismissUntil": "debfxpi5k677xj2g6a0u",
  "lastReceived": "123fwdxtvbdtngzmmjg6",
  "duplicateReason": "m28afo62yfw2wdmzt5ag"
}