{
  "id": "ik66h44gsx7bzyq1xcl7",
  "env": "backup",
  "job": "256opbouum2ggxx3du4f",
  "pod": "6ukh0xwdx2nsthhslfcr",
  "url": "icmvjx3pv1xswoflub8p",
  "name": "RedHatOpenShiftNetworkCongestion",
  "note": "hhe6zl6zakhimvvltvh9",
  "group": "pruiwsld54yjpf9bycqg",
  "pushed": "3bwqg9ocbxfkem1x23g2",
  "region": "asia-southeast1",
  "source": "y47dtw7a02y4mjscm51i",
  "status": "3optmjcrjiow74moec91",
  "deleted": "80ufoeaqsmqbow522p8r",
  "message": "yibc3exgpcqm576kmmla",
  "endsAt": "2024-07-12T09:08:36Z",
  "generatorURL": "zvwab7t8ciaj6uuf48oc",
  "project": "xd97wf5ufsdpwzmpyfrc",
  "service": "hz5431kj8wiexblntvsi",
  "assignee": "399y0kdb3zme43con43t",
  "endpoint": "g0kh854gekrbhtfylawx",
  "event_id": "lap56qabzss0cafaxg3g",
  "instance": "23.135.53.28:22008",
  "severity": "warning",
  "startsAt": "2024-07-12T09:02:48Z",
  "alertname": "1e2eid2xemj80bm4x9g7",
  "apiKeyRef": "dulrox7s0naj49qq6irf",
  "container": "n2c8a93frl2nqmm24l97",
  "daemonset": "wgf3jvmaqp503ydaf0d5",
  "dismissed": "gzkcqx80esppx8ct5d76",
  "namespace": "e61iz2qvfp4eded196ik",
  "alert_hash": "ubt35mg5re7h9dtygqfc",
  "prometheus": "4bmdghndsouwk5erh30f",
  "providerId": "dzbreuy3sjb2foee0jmq",
  "summary": "pcwuz6tor2uosgpdjs52",
  "runbook_url": "t7u4b056ol21preo56j8",
  "description": "Network is experiencing congestion.",
  "environment": "bsm7r3u29dj74ogjw3dd",
  "fingerprint": "3evsi3rt",
  "isDuplicate": "iy2ifvs2zltl37w7d8i8",
  "dismissUntil": "fkzicfphdvthvjio627e",
  "lastReceived": "r3u41a9rj7pxpa57pbwi",
  "duplicateReason": "rv3sl43xb6odesjktqcs"
}