{
  "id": "f2ah0eq21bi2q33gd6xc",
  "env": "integration",
  "job": "6l93nb57b3cog56rfzbd",
  "pod": "ifjthx7nyaqk17c6lund",
  "url": "fk76n27zrht4fb7rjbn7",
  "name": "MicrosoftTeamsNetworkCongestion",
  "note": "rl856hzdz37k9cmkcp2r",
  "group": "ku8t1flp7ly4c2t5o8vn",
  "pushed": "999ilwhmu35rqwvkcc27",
  "region": "southamerica-east1",
  "source": "lr2ujf6a7uqwywqohm44",
  "status": "yw8r9ywwhmmw7vuqj7c7",
  "deleted": "a7l6wchyn5lpzxcajp9p",
  "message": "mh2j7ddadfj960gqicgf",
  "endsAt": "2024-07-12T09:32:58Z",
  "generatorURL": "b5akepnfbhbvgcdennb1",
  "project": "i96gzrtmnpwb8mwnntna",
  "service": "tl75n9b339sd8b3ioolb",
  "assignee": "2ahcqtkv90r918z2jqin",
  "endpoint": "d4c3ksrl2saynx8vpjie",
  "event_id": "kekl8nkks7xjgjx2i5l4",
  "instance": "227.173.62.197:22339",
  "severity": "critical",
  "startsAt": "2024-07-12T09:32:29Z",
  "alertname": "ksbzyjtlwesvflzp0lah",
  "apiKeyRef": "s1fszl5coje5ll6qfdxh",
  "container": "185mvo1mjt8unr6drnqh",
  "daemonset": "xbdqmki4khdix9wutdx0",
  "dismissed": "0o76qzwv0krv6rnktowd",
  "namespace": "6jc9legh5cq3x8mceq22",
  "alert_hash": "lb880cibslkwpg1ayh0a",
  "prometheus": "t7ksov0slvnurazruvdf",
  "providerId": "qtykuy8rtt54d9bvi9qn",
  "summary": "qvl8rahf36dl4h32cam9",
  "runbook_url": "vmi02wxc1pk425wxcp9a",
  "description": "Network is experiencing congestion.",
  "environment": "3udo5kmayaiqykzz58a9",
  "fingerprint": "ssgxatxx",
  "isDuplicate": "552kbvpzlvkeo4dzr8s8",
  "dismissUntil": "zsp8csmwdcw6z3xwvouo",
  "lastReceived": "yzq09kcgayac3jcj8klj",
  "duplicateReason": "y184q9b75l5mozxdz3v8"
}