{
  "id": "7lx70jfvkbl25h450lzk",
  "env": "production",
  "job": "g6qw0jz48jrigxtv4x84",
  "pod": "iok3ua78gz5chbkl1h3x",
  "url": "ho2636qb74nb02a23o7y",
  "name": "CarboniteQueueDepthHigh",
  "note": "0vk9yun4etyu2bviniji",
  "group": "3iu7jx3l9flayvqrig91",
  "pushed": "y6zy824r3yy5j6rjcejs",
  "region": "europe-west6",
  "source": "vl2y02zk17yojka0sjx0",
  "status": "hf3rel1mecml5gzrlj8z",
  "deleted": "ggf7liwx2o65vydgixa3",
  "message": "ijjk96isu3zoo7q2s11k",
  "endsAt": "2024-07-12T08:41:13Z",
  "generatorURL": "9vizrf2n4z0jms0ygw19",
  "project": "pcolavk0zqxbd05hbw21",
  "service": "ltxe14dmdcmcimebgt7o",
  "assignee": "diehi9vt3ifz9bf6licb",
  "endpoint": "ubys1kkddw8o6aqs1xlu",
  "event_id": "3n1e7rs4agwmzea8iyrq",
  "instance": "85.22.155.164:17268",
  "severity": "high",
  "startsAt": "2024-07-12T08:38:55Z",
  "alertname": "afq9d2ib4yg7n7w3f9u9",
  "apiKeyRef": "zr7aio8tzr5rispu8eqp",
  "container": "ui5whcrvdyo78eyfdk0s",
  "daemonset": "1jyr2fdjytrb3msufr37",
  "dismissed": "uo986z9h38pyvwbj2klo",
  "namespace": "p2zd497rn8e0g7ijj7jn",
  "alert_hash": "tkgx1hq96knkzbiyexvw",
  "prometheus": "jkyl1hcf5jgbo5a7zeq3",
  "providerId": "nz0xtfrom4um8w0hid87",
  "summary": "957tloe7e2hkn5c484fc",
  "runbook_url": "aqlfo78a8if935oorjkh",
  "description": "The depth of a queue has exceeded a threshold.",
  "environment": "k5vurhzvamxnbztkl4ni",
  "fingerprint": "wrdaqq05",
  "isDuplicate": "zf28c36hlthhmm1qdh7z",
  "dismissUntil": "ue67p1tne43t6ijpl44w",
  "lastReceived": "lrcmv00lpya2mbff7yem",
  "duplicateReason": "x5gbuzqw1z0q0nevxbbu"
}