{
  "id": "kp0a7mmwgqejf83nsmig",
  "env": "production",
  "job": "1vtrr28vypmnayy1njik",
  "pod": "5jffknds3mc55cy2258j",
  "url": "qbj8zjsu14q1494b9e4d",
  "name": "AmazonS3InsufficientPermissions",
  "note": "ncamkr62bpsgs439dg0y",
  "group": "2ku8buhw491r15bkv0mg",
  "pushed": "nuic6xlhmrtw17t9atc3",
  "region": "us-east4",
  "source": "i6naly0z86tgwxax3lvw",
  "status": "r7f4wjubm3roki7w5u97",
  "deleted": "1duu1pklx0ub9asxup0b",
  "message": "uxbe7a9zqofbqfm6bo23",
  "endsAt": "2024-07-12T08:37:00Z",
  "generatorURL": "207lgdmtnb0c15rfmqy8",
  "project": "697u8u21v0euiizwv09b",
  "service": "m6av45s1uwyra60idgot",
  "assignee": "v9dag5z5qgsdce0l2tnj",
  "endpoint": "o6eptd3ygoytwya836sv",
  "event_id": "6f545jo7ybsxqx41hfip",
  "instance": "68.159.242.68:17213",
  "severity": "critical",
  "startsAt": "2024-07-12T08:36:13Z",
  "alertname": "r45jkn7odonodsx0m3z2",
  "apiKeyRef": "mht3uadiiy3dwtg0nkex",
  "container": "36dyl5p3pz18s3oh1oor",
  "daemonset": "s7qpoq82etiricxy9bqo",
  "dismissed": "2lazd8u1serg6fk36hxk",
  "namespace": "p5dp98z956tjzhncrhq9",
  "alert_hash": "5g5eqzydnr623wxcw5us",
  "prometheus": "bp0hlvisr553wu8nj5ul",
  "providerId": "v4r9ojzgwhqtlunpe3u3",
  "summary": "w647mgxf5iydxo0hu7cp",
  "runbook_url": "z8nyvt3qnx0n1xkwm5q9",
  "description": "A process or user lacks necessary permissions.",
  "environment": "x8hu25h2wkj5i6mpmc1z",
  "fingerprint": "pdzt8ar2",
  "isDuplicate": "4bnapwaj9famwvw373xa",
  "dismissUntil": "wcs7tbjd88psl9450wvx",
  "lastReceived": "r62bx8cqkjtjv9isv7sr",
  "duplicateReason": "wktm1kscfsqd7srkj3n5"
}