{
  "id": "axaw48p217es02jv1mpa",
  "env": "integration",
  "job": "285mi3t7nsg6db7t2722",
  "pod": "zk7fpnr66w237hp5f0ba",
  "url": "f41dps7t8i2ix49jtz3t",
  "name": "GoogleCloudStorageServiceDependencyDown",
  "note": "ylkk18yhnow5f5g4ygzr",
  "group": "oo0g69umachnvytfzyl2",
  "pushed": "jqjua8epkw30qmezd5h0",
  "region": "us-west3",
  "source": "b7st3wb6xmn314z505rr",
  "status": "ks7o9dn5ypij5ejnv06r",
  "deleted": "6lu1qrki77hx9k747c87",
  "message": "qnw6vdyg6gfyp1dzpam7",
  "endsAt": "2024-07-12T08:31:41Z",
  "generatorURL": "0g8z3v9xr8sg2dhvmg0v",
  "project": "tupn2039pcq7qubvcfcd",
  "service": "y8ess5lb7qnvju0tvefv",
  "assignee": "94wvkemo4w9kp32cwbqv",
  "endpoint": "62ka86afhlwjqhf5a8vw",
  "event_id": "wvxq9gnjzam31a16it6c",
  "instance": "134.74.134.103:50297",
  "severity": "low",
  "startsAt": "2024-07-12T08:23:44Z",
  "alertname": "u9gqcppmgeb4r6iv7lyt",
  "apiKeyRef": "x6ou534r7yfv6vl0sjiy",
  "container": "lwx6dgr1m3i8we8o288y",
  "daemonset": "xjmopi3bl7bj63er298f",
  "dismissed": "m84m3dp2asdv18zqx8b2",
  "namespace": "gjbssj10ieq7fggigyn7",
  "alert_hash": "we6qusd10ljbcc3f8jqc",
  "prometheus": "fz6ophe6rwraqzvjz9gj",
  "providerId": "rkvh0p68x3v9k2v6mjxs",
  "summary": "hqfshtide3w6vf6wtean",
  "runbook_url": "qgk69r3ezng2xkn1prqk",
  "description": "A service dependency is down or unresponsive.",
  "environment": "w3dj9e5w9ki95ukjhl0n",
  "fingerprint": "hrrghwks",
  "isDuplicate": "ishj1cx0yee2rv2kllsi",
  "dismissUntil": "zrdxoa99h5tq1ve2o4yb",
  "lastReceived": "c3e8smoqbz0vespq97if",
  "duplicateReason": "agoxou185czxavlxccwu"
}