{
  "id": "m3r4yiiaj91uonjlgrph",
  "env": "qa",
  "job": "7arl0mbzzxwxe9v5wwg3",
  "pod": "y2z6qwju8t3axsf7tiob",
  "url": "frij5easqlxe0diovor7",
  "name": "GoogleCloudSpannerAuthenticationFailure",
  "note": "qagyoalxadm2jep12mh5",
  "group": "l554v5dkkthdnqqxrky1",
  "pushed": "tcpe46sjk9wwl8afwi3g",
  "region": "asia-northeast1",
  "source": "r2h7585e2j3l24e3h789",
  "status": "hurtcdasbd9gdu6wkgj2",
  "deleted": "hklyu5t6elbtaupf6mvp",
  "message": "7qlvlty01tr5yx0jspn4",
  "endsAt": "2024-07-12T09:31:01Z",
  "generatorURL": "d6dz4nhkzp09loqxqviu",
  "project": "0ypzkmgcwujca6lf1ypu",
  "service": "zqboffxwnta5dm9mgo7k",
  "assignee": "4st0bd87v3j0pr979e0f",
  "endpoint": "rulyi34emlw39eerniq5",
  "event_id": "czkwzfyo13rrd0k8u8h2",
  "instance": "66.144.112.110:29695",
  "severity": "debug",
  "startsAt": "2024-07-12T09:28:59Z",
  "alertname": "fs29s3824v2zftv4vkju",
  "apiKeyRef": "pipdpfuxx54yi4qyfvlv",
  "container": "6cbghko381e4xbcdqabn",
  "daemonset": "nlhypmsl4hc35e9glv8h",
  "dismissed": "pm3xpo2nbz5n3j42u9g4",
  "namespace": "bovz6ilcjfjiebty6mib",
  "alert_hash": "1kzrzmlf1h6rynj89969",
  "prometheus": "ieevb8exxl7qdlm4qo5d",
  "providerId": "tjbus83eezdz8sro4mwj",
  "summary": "iido1rtt37an6t9mhusf",
  "runbook_url": "f46awnpu657qyfrzkga9",
  "description": "Authentication process has failed.",
  "environment": "87acuig3i3r7wgsck0ou",
  "fingerprint": "b4savbly",
  "isDuplicate": "4tfelx7ha272zfusbuzt",
  "dismissUntil": "ofvecq0uq5lnh1me2k5y",
  "lastReceived": "mlu6df5k6kzvfcuq2mgp",
  "duplicateReason": "087ww2eevzhfiey2c1h3"
}