{
  "id": "tcazpsgg9cclp8ktylaf",
  "env": "pre-production",
  "job": "vugyfzd0lmvvkpct6v7k",
  "pod": "i9qjc8id1q51n7yx18k6",
  "url": "3gp8fly1wl508m6dbe9a",
  "name": "BambooDependencyFailure",
  "note": "zpyk2614jl8txvkaiy46",
  "group": "oa3ugg4rysr7ukpiviw7",
  "pushed": "0xny0cfm5cicqzh7vfbh",
  "region": "europe-west1",
  "source": "9hc961hz4dbrj8rp16ya",
  "status": "6lyccm8mdp2asahk58ie",
  "deleted": "2u730xc1cc2xh1rg7s71",
  "message": "0affouul710pflcr94yf",
  "endsAt": "2024-07-12T09:40:45Z",
  "generatorURL": "2ju1lajobfsmyewzw2oy",
  "project": "9a5y43d9f3zqcfz60077",
  "service": "ievy12rtwzjbwpkc1ptb",
  "assignee": "93l6v1ra5ybubmi5d5ms",
  "endpoint": "u3w78a1tui26l20xrffo",
  "event_id": "j47jqamrqiakvx9epixf",
  "instance": "221.171.52.31:55423",
  "severity": "medium",
  "startsAt": "2024-07-12T09:39:41Z",
  "alertname": "iy4u3uuhs2ufmkzp0dm0",
  "apiKeyRef": "vppn0w7f53pkskrujc3w",
  "container": "um95z7fmy96qzhdg1n0x",
  "daemonset": "xev2hqb9jvirnr82gkg6",
  "dismissed": "0pu934jcz973mx0vcxsi",
  "namespace": "dfu52s1an5mdgrkz4xuo",
  "alert_hash": "o5106lctg00fb6jorjx2",
  "prometheus": "qi2m8019ni216lm1zhuk",
  "providerId": "prb56ijb28qyry7oa09f",
  "summary": "ngrky4lwvzromkfgp3pi",
  "runbook_url": "yfk07xc3r02hby436ust",
  "description": "A failure in a dependent system or service.",
  "environment": "isz3ydlvttxvc542sc3e",
  "fingerprint": "kiec7kvd",
  "isDuplicate": "m4k7fm8j6xi5jh40fj1f",
  "dismissUntil": "zt97y68y4ocz1t8o11kv",
  "lastReceived": "t3bo96odpf43d2zwxnq5",
  "duplicateReason": "1m3ei6y1nn1ihtioohph"
}