{
  "id": "xtn70a900gsnjncm37v8",
  "env": "testing",
  "job": "l1hym703bc021da6k7xm",
  "pod": "63jlnakmnov4qd1thut6",
  "url": "uhnjcjpvu2089926c8rk",
  "name": "MongoDBAtlasNetworkLatencyHigh",
  "note": "k0usc6vlidxa1y2tffkb",
  "group": "gmmn9msd83m05ahowsod",
  "pushed": "ol9fp4xwrfa65pq98o41",
  "region": "asia-south2",
  "source": "g113fwjfzox900ik56xe",
  "status": "yr585w7jdugjbkou1zd5",
  "deleted": "gsda6sc4c76gmuerborq",
  "message": "wtviujhe88wavfbqsvww",
  "endsAt": "2024-07-12T08:10:52Z",
  "generatorURL": "sqxespavwfbkpgjmkk7z",
  "project": "1kp9x2c5dolr6fmbqsfq",
  "service": "ti6lsgzk8twxua66loe3",
  "assignee": "lub0c7w95gli9u84n0t1",
  "endpoint": "fzh5noos1gg8nj3ty6je",
  "event_id": "8gkcv5qg2b9sjn36mvgu",
  "instance": "116.181.185.155:18361",
  "severity": "warning",
  "startsAt": "2024-07-12T08:10:37Z",
  "alertname": "5jceo81ayjlhfg4egrmy",
  "apiKeyRef": "zqzxlgkbqmfgjfeqilg0",
  "container": "4zoa7k68s0kdmacglez6",
  "daemonset": "sjpe1ydevu4fqpbvw1os",
  "dismissed": "cf21edp23ss6rtig9pbd",
  "namespace": "lsgnf26hl44fz01v4ltn",
  "alert_hash": "16sl23oas1yqm4t93cz1",
  "prometheus": "l20k32o767rmnctff7sb",
  "providerId": "79ib3kym3bsc8qxcemsr",
  "summary": "q6n8o16j7jxzzs3akevd",
  "runbook_url": "kv6e8w78uhz2z49ljid9",
  "description": "Network latency has exceeded acceptable limits.",
  "environment": "noeb22af4oss68m6lce8",
  "fingerprint": "5p4zwss0",
  "isDuplicate": "fez3bhlu51ju7j6olf9c",
  "dismissUntil": "1gn28b6a3m74avet4qal",
  "lastReceived": "7fk2rodssjp8fu2ctk2r",
  "duplicateReason": "aj2ozzpxbb0tl2eobur3"
}