{
  "id": "md668utben73faard8sk",
  "env": "production",
  "job": "gtggnxaxkusuv1l0x0q0",
  "pod": "n5zstk4kbm7bd3uu0ojj",
  "url": "nhypy54dyemry4wsn110",
  "name": "HashiCorpNomadProcessCrash",
  "note": "c6e5mlqk4udjsn70f1d5",
  "group": "1e39eu79vn5fhqvjp72l",
  "pushed": "lvktxgiciwkts1xwpxyy",
  "region": "asia-northeast2",
  "source": "tpm4ragwi56ynqabwxfh",
  "status": "gdwpkxaw0pn2k6pa3djg",
  "deleted": "e6qegi6wxvec0ex7vkip",
  "message": "cpof52cg5phun0ibdmiu",
  "endsAt": "2024-07-12T09:23:33Z",
  "generatorURL": "3fpktajhserzq3afnhlo",
  "project": "0k1y02tonbdvx1hn614j",
  "service": "u906mdfr6fu20ui1jvqq",
  "assignee": "anvs8s0ky2i3v432mw68",
  "endpoint": "507n96lgmthyrkxu4txy",
  "event_id": "d9afwoxbz9v589toiei4",
  "instance": "66.144.112.110:29695",
  "severity": "low",
  "startsAt": "2024-07-12T09:19:19Z",
  "alertname": "tm9n9lxivlgyqfev4js4",
  "apiKeyRef": "1bze6gls62hg6gaa3gfn",
  "container": "v4ng71c39cd5qa7rxde2",
  "daemonset": "1lfipjvrxzgtand5xbfh",
  "dismissed": "4yrhp0cvtc4y0qbuzk6m",
  "namespace": "4mmoc9mk9s579lhbl3ox",
  "alert_hash": "593km1t3od45ugavgq64",
  "prometheus": "mge7skdygyutvdloirub",
  "providerId": "on8zez15czxe9sy07790",
  "summary": "swrwruwglq06w9fncjcx",
  "runbook_url": "pfgyaijb5mv2vhhone0t",
  "description": "A critical process has crashed.",
  "environment": "nhrsr63s7vjeevylzntl",
  "fingerprint": "2vug8kmd",
  "isDuplicate": "x8l5tlj4y2aukwq2emfj",
  "dismissUntil": "ewnw8wv5kh7rjwwu2a4d",
  "lastReceived": "zw78yjgaqh4s5p4kpb00",
  "duplicateReason": "d8k6yu6vop2tc8072b6w"
}