{
  "id": "stqoy1n44vr4jecr6r7b",
  "env": "backup",
  "job": "n7hsens48g2qum18lggp",
  "pod": "3ev3bmt34icpa47esayk",
  "url": "cvi2h08pk7cvddxea9y2",
  "name": "HashiCorpNomadHighErrorRate",
  "note": "oxzf9i89o9sbs4wy0fkw",
  "group": "g6ake1lo97a2w2rf2hfv",
  "pushed": "v684c8f3sh428f3eagi1",
  "region": "europe-west1",
  "source": "xd8j8dz6y3nmlif0ty67",
  "status": "xzd3h6wsbgzk156lmhzt",
  "deleted": "4pn3c03wt6y08zi2150c",
  "message": "6133fvncf10l5b62nn1s",
  "endsAt": "2024-07-12T08:17:47Z",
  "generatorURL": "7qv8y61oriu3vmflz9w2",
  "project": "du2ea9sp4o3w876mq4zg",
  "service": "09lknfyixqgksc5gx7zx",
  "assignee": "q9qchkstsqb98edph3ny",
  "endpoint": "wd8y2obnekbefbfmrpiy",
  "event_id": "s5nbu9afr63lju9s54n2",
  "instance": "52.31.16.26:59560",
  "severity": "low",
  "startsAt": "2024-07-12T08:09:40Z",
  "alertname": "xscokp7r9az8iismkehg",
  "apiKeyRef": "tj3q8833y9qvv4x3135p",
  "container": "sv277g40qr6nfbc04lrm",
  "daemonset": "7ucpqshpsmrzuy0z39pn",
  "dismissed": "lyeke8tojlpyrra5f1j5",
  "namespace": "60p7wgvp1cf4bouxj12e",
  "alert_hash": "fyvxjavf3thyqgolht2f",
  "prometheus": "cm3abmzag4tp24q5y6jb",
  "providerId": "0s8liu4kfl6ifpvlx6zn",
  "summary": "mbtvy9blemn4h3flzf84",
  "runbook_url": "2e9ea80h2xz0irsmswd1",
  "description": "High error rate detected in application logs.",
  "environment": "mf5bys2nguzx653fkhc1",
  "fingerprint": "j8k5l5sq",
  "isDuplicate": "3ixzizp6t2r6009hpqhf",
  "dismissUntil": "at7aulkqe6qpqj4dvoc1",
  "lastReceived": "mglkuq21cghvrmtal7sl",
  "duplicateReason": "kli5x4yvh7avx83xdw14"
}