{
  "id": "85gyn1mydk9ktxd0rsl0",
  "env": "pre-production",
  "job": "p9f4d5eoyk49839b3268",
  "pod": "oaplt5w93c49zma2x6lk",
  "url": "skjwy580p4wlito7l6mv",
  "name": "OneLoginHighErrorRate",
  "note": "ctsm2a1tae3k7e1fdehk",
  "group": "esmqd7g46qf8jw1314oi",
  "pushed": "w76vt9q2p28rmsr389u0",
  "region": "asia-northeast1",
  "source": "h8t6mpbqfer2sjr2tm10",
  "status": "0d2nbwx2wcl1g6k13s5o",
  "deleted": "d2dxg9h2z6vxf4xrfnql",
  "message": "u563jdwhtf9pxcm00c8t",
  "endsAt": "2024-07-12T08:49:35Z",
  "generatorURL": "4otsys51wsowveg1cp4g",
  "project": "oj8bzx5qm5e0nxxrqx9v",
  "service": "ab26p7er9cgymwp4xym0",
  "assignee": "qacpqekrvn5kvbyulxl4",
  "endpoint": "wm91n5p929l8vmynth0d",
  "event_id": "adh16s5jg9c0xc1ln4ms",
  "instance": "201.27.99.60:29131",
  "severity": "info",
  "startsAt": "2024-07-12T08:43:29Z",
  "alertname": "g56bi7bcjcjsx3aeykav",
  "apiKeyRef": "9lvu8evza2cx3qlgfhoe",
  "container": "aowkuix60hxtiwlcnwxn",
  "daemonset": "qxhbcccnbb8bzo9dlghy",
  "dismissed": "v38rsa56u5eukvrs8acx",
  "namespace": "ki7n5ycrrwoqmkfuyr2c",
  "alert_hash": "zk9c1vw9d9s3scp5bzcn",
  "prometheus": "vdvfhlni3sc98rbd0hej",
  "providerId": "9vx1jmjn0zazequksp0n",
  "summary": "me20360f1ypnjrsknkhx",
  "runbook_url": "fdpihczi1tshzhz95kwe",
  "description": "High error rate detected in application logs.",
  "environment": "csqee64cadk3cwxczlzw",
  "fingerprint": "bm0n65xx",
  "isDuplicate": "1z4nkayjrqd33nsz5x2e",
  "dismissUntil": "u2jnkvv525qhfbl30ba9",
  "lastReceived": "t2vhajwypmnbsnvwbjdu",
  "duplicateReason": "ngnzd6acv7tb4b7zlksu"
}