{
  "id": "93jpst8rv2bgeb6zajwq",
  "env": "integration",
  "job": "dcktut1i35vmmfhzgc9n",
  "pod": "fmoicfxpov271f3mfzht",
  "url": "veesp6dkwu84bnk6zotm",
  "name": "MicrosoftTeamsMemoryUsageHigh",
  "note": "crj6yxlactyvmg40b58a",
  "group": "j9w6ayy4frsclw3qjlhq",
  "pushed": "nm66ya6ad58g7eq1ktl5",
  "region": "asia-south1",
  "source": "dm2xkrme0ggpnw08fx5c",
  "status": "40ol063mm1fj484h5y3j",
  "deleted": "kiglm3di63cc1slpcr0a",
  "message": "89407lv81qkz8mgx6h05",
  "endsAt": "2024-07-12T09:33:48Z",
  "generatorURL": "f6dyxft7xcc9cspzenhy",
  "project": "1p4i7intxjs0d5c46o2b",
  "service": "m7xr73lyibe2zl7ctdus",
  "assignee": "owg1q3o02xzl5ewx79ys",
  "endpoint": "8145g9y14ducmzg2ek3b",
  "event_id": "52gbt7p20agwkurxugcg",
  "instance": "85.22.155.164:17268",
  "severity": "medium",
  "startsAt": "2024-07-12T09:28:12Z",
  "alertname": "dilmpjkwdq2rwoihkdhz",
  "apiKeyRef": "we0d1ten7vr3kqrq1kpv",
  "container": "8tsapsaitmd6pqu44yu9",
  "daemonset": "wpt2o012g4wrpge0vhz4",
  "dismissed": "h9lvjhxm273g0fc0c328",
  "namespace": "lgudk7339mxs0xbxscap",
  "alert_hash": "ly3tgsh23goni7b1ntgp",
  "prometheus": "3fkri8bdl0quhqgfut0f",
  "providerId": "hvf14t02j06f01efqufh",
  "summary": "tm5cf1uq43alv1olyryu",
  "runbook_url": "08otx8luli5kuszek008",
  "description": "The memory usage has exceeded a defined threshold.",
  "environment": "sk7ickev2hm3pe0mssp4",
  "fingerprint": "s0zyxi3x",
  "isDuplicate": "q8m96banvbnsi5jwaof4",
  "dismissUntil": "wgqfjp8ftlssyhz34tix",
  "lastReceived": "fj6vrmdryh5n8wjrlssf",
  "duplicateReason": "8ielzquxolr54vadip93"
}