{
  "id": "m4pj1u75lo484k2n2csx",
  "env": "pre-production",
  "job": "gxk6fesrve9zytanc898",
  "pod": "1jreunhj0sovxbwaar1g",
  "url": "3dxrksu0v1hjcfervoe1",
  "name": "GoogleCloudSpannerUpdateFailed",
  "note": "hjx5uwbu0vxly89hw8s4",
  "group": "xijevhbi60behxd98cq6",
  "pushed": "fi11mquxq56eceopsy71",
  "region": "southamerica-east1",
  "source": "byjjwq0gfb8e192791d7",
  "status": "x8z361p5km0u2gy1qqh5",
  "deleted": "j0fpfhuqaqla1y9p6nuq",
  "message": "l5469j8bvnydo2aka4ep",
  "endsAt": "2024-07-12T08:58:04Z",
  "generatorURL": "yyk2qgvy21d2uvdyulyh",
  "project": "67dslwxuqpet1p2p713w",
  "service": "pzyfnrlxmd2kur2yve94",
  "assignee": "craebgrvadsqpwo3q9gt",
  "endpoint": "t7qwsds9ob8avwp3sf1d",
  "event_id": "hddp5871ysuxgblp8feu",
  "instance": "52.31.16.26:59560",
  "severity": "warning",
  "startsAt": "2024-07-12T08:52:21Z",
  "alertname": "1jo0jz1n9zp7bx9n4xzi",
  "apiKeyRef": "fyfq4nijtn4nh25jtmz3",
  "container": "kap3pemizjr25p91a8s4",
  "daemonset": "4j3gvswb4poskcszm0oq",
  "dismissed": "wjr4tytdg75nxfq7rc9t",
  "namespace": "ugegii405nn8hzsofi71",
  "alert_hash": "gk8tyzn17zu6ajf5rufr",
  "prometheus": "dd6h5c1k6zh7awdz88b0",
  "providerId": "h2y789aszqz1vu01beyh",
  "summary": "mwxrdzsckp0nhaatwwjn",
  "runbook_url": "9ixnlk009qhtsxw792v7",
  "description": "System or application update has failed.",
  "environment": "ogq6nfws7o5uhsdmjx3x",
  "fingerprint": "0tbbdllm",
  "isDuplicate": "g99yc1yhd92scs4n0eaa",
  "dismissUntil": "q2frhyseolz9lsxuwn7x",
  "lastReceived": "g7k1rc2b807040q9b023",
  "duplicateReason": "g9gl9xmb72iuntjfn981"
}