{
  "id": "2kufytbhkk9p4hqn0e3b",
  "env": "demo",
  "job": "7w99lbyjhgv3xm986h8g",
  "pod": "eueasunthkde07uz56vd",
  "url": "nbd4vzx7opgpq6li34eb",
  "name": "GoogleKubernetesEngineStorageIOError",
  "note": "nn2z36k8z9hjlle5bohz",
  "group": "yckf4g73pqy0gwv1brm3",
  "pushed": "8htjzv8c0wsxsf2os7vp",
  "region": "europe-west1",
  "source": "hip0yebhtt3x64apfnph",
  "status": "dya7ikpoiwm54xywkajv",
  "deleted": "d8ih8wuq2q2uultmgjqe",
  "message": "5qirucfcpl1v9do0lasf",
  "endsAt": "2024-07-12T08:57:33Z",
  "generatorURL": "hjgiiyeugbjfif10cwrj",
  "project": "9e38ovggxn3xli1wmg5n",
  "service": "7bf04y55pscn5obic4by",
  "assignee": "mmom866fnzbr1djuc8ye",
  "endpoint": "yvvh85iz6sfzcj9ig5ub",
  "event_id": "040de5etcuu6qoypfdeg",
  "instance": "119.104.134.245:24340",
  "severity": "info",
  "startsAt": "2024-07-12T08:50:29Z",
  "alertname": "h5lrqqolb5qcmi1qkzgo",
  "apiKeyRef": "sjbqi0q2razm7jq7ke7f",
  "container": "z1ataqvh1k81pwe36snd",
  "daemonset": "rxxn65dbfltyg7ywe1vr",
  "dismissed": "ms0v4t6x50j0rdqv2ojz",
  "namespace": "e3d01163lv24e1esrdze",
  "alert_hash": "lokgverr5or0s05bql76",
  "prometheus": "355wakoc1vbdxnno0cts",
  "providerId": "k7k03faa97djmmf5srt6",
  "summary": "i7ldnskem713vpkg1a9z",
  "runbook_url": "wquolmcouaqidfn97a30",
  "description": "I/O error on a storage device.",
  "environment": "23nzgmesgyf1jpkbi2ub",
  "fingerprint": "fxuv186c",
  "isDuplicate": "mv6ecf7rybwlhldqwofj",
  "dismissUntil": "78ooqzt96k5l0uwmbz0i",
  "lastReceived": "3w5g8hbllwvdpgxtj4i4",
  "duplicateReason": "ut8d8oaq6dv8y4nnwfev"
}