{
  "id": "kfp993kxowiy9lep3uru",
  "env": "integration",
  "job": "7sfzmt3elwnqxhyoclm8",
  "pod": "ggdwur407k08uxocsv4c",
  "url": "bwfvtj2antn0gus20t3a",
  "name": "AmazonRedshiftTemperatureHigh",
  "note": "vhhm2779szbmeaj66xdo",
  "group": "azyyr3abc2jiz81cbpk6",
  "pushed": "q8lsotlv90fq92jbx2uz",
  "region": "asia-east1",
  "source": "ajd73xkci8op92s3tf2w",
  "status": "9fopvgc8u7tioxcb3rba",
  "deleted": "ncv8019kmzmrei4lkr15",
  "message": "4b8h1jdzuo7hai43gsub",
  "endsAt": "2024-07-12T08:32:31Z",
  "generatorURL": "im607geydsdktjuqybk2",
  "project": "ev6dgvt1er6sq6rj1tti",
  "service": "x4sgdzb6ojx2gj313mm7",
  "assignee": "r1puz66f6vvgdw3sypwr",
  "endpoint": "4x798epsa2kivknlc8hh",
  "event_id": "qrc3um5vkbf1ilyy0ld7",
  "instance": "201.27.99.60:29131",
  "severity": "medium",
  "startsAt": "2024-07-12T08:27:34Z",
  "alertname": "lvuxmbx9grgv0ufi9gpz",
  "apiKeyRef": "omdobe1dti3lqpzlbzs7",
  "container": "cohtvjfhkc6w31sz8qsq",
  "daemonset": "68jk53pjv6e45jc2iaks",
  "dismissed": "s6zxpeb04yz3zisdlsy8",
  "namespace": "4e776rwcgtpz2dqnmmbc",
  "alert_hash": "dy5j1m4fok92cw9qa5hf",
  "prometheus": "mi1udf7mqlvivcbf82zr",
  "providerId": "nt0g6mf416af2dyrqp3i",
  "summary": "ltfi1lqmlj2ay6ot70bz",
  "runbook_url": "lo9n1p09pqfvrzmb61ff",
  "description": "The temperature of a component or system is too high.",
  "environment": "56jd6ypry5yo9ukaheit",
  "fingerprint": "14kvxmwx",
  "isDuplicate": "xjxs88q3lznfrec74blf",
  "dismissUntil": "qsx8q17qgcsiqutcf0bs",
  "lastReceived": "y4odxzvmro945zlxmtd8",
  "duplicateReason": "zohvjjchx1r0ef1iz0g7"
}