{
  "id": "alxlwkfi4w4xif5yp6b8",
  "env": "pre-production",
  "job": "1lb9qjca7edixgsdfl0w",
  "pod": "yxodpj6f6s7w7c4fuszm",
  "url": "2vutgl7zkocvajlgamsy",
  "name": "JenkinsHighErrorRate",
  "note": "44hfjatgs9i8t868s2xw",
  "group": "ksoeetl644fk9lfu4wmm",
  "pushed": "ohpc5mshd6fbr1tbjfq5",
  "region": "asia-south2",
  "source": "2hum9r88s1iyhmuz24bb",
  "status": "9p8ttlj51euw1j6uzjvq",
  "deleted": "9793oqxysj9oadxn4kt3",
  "message": "2rndq9730a43uwnjf8jt",
  "endsAt": "2024-07-12T09:40:14Z",
  "generatorURL": "ktfb28l452xlypii1ejx",
  "project": "jbdub7zd6gg8wnr4np2s",
  "service": "hpgio47s68tx1bp76cgt",
  "assignee": "7z14w9tsvhybzbx70dem",
  "endpoint": "ilsakcm2y9fozl842lb6",
  "event_id": "10woyt6m9jp92rhd5l4j",
  "instance": "124.247.240.118:4778",
  "severity": "high",
  "startsAt": "2024-07-12T09:39:38Z",
  "alertname": "ob35p3to2xx1bn5fxrwz",
  "apiKeyRef": "euc697m9ko48a76l5c3z",
  "container": "anz8dm2o6p5tmyylw2k5",
  "daemonset": "22r9u8yzqmpv6qsobvng",
  "dismissed": "1osfmlmfwo7hi2w803tt",
  "namespace": "j3xkyez4j4h3zcfqk4oa",
  "alert_hash": "7tyztqd3ebl5i84u8miq",
  "prometheus": "qv48ig6qsefpmvyqyx07",
  "providerId": "6y05w6t0pzef6eojsq4r",
  "summary": "uyhl1frjdwcatp1zhlhi",
  "runbook_url": "ntij6qgtv2o5pu01hpz3",
  "description": "High error rate detected in application logs.",
  "environment": "ics2axx7jm8ewj5ylhxg",
  "fingerprint": "orlrue0u",
  "isDuplicate": "r3o15vih31txjrfvhqj1",
  "dismissUntil": "2jx2ock5qz1cg2iia24k",
  "lastReceived": "b2m7oom34ta2e1b00wgw",
  "duplicateReason": "nzd5f18etolzzdch2bdr"
}