{
  "id": "0nac9oe2zk3ff5gxownb",
  "env": "integration",
  "job": "kg2ykciv1h70x3jov29b",
  "pod": "3nphbiqadx70vh3gvdmo",
  "url": "fmi2x3g9qul2zyocfcv8",
  "name": "NewRelicServiceRateLimitExceeded",
  "note": "w8dt9ipbok04zham6gh5",
  "group": "ngidw00b1lbw63jysuuz",
  "pushed": "m97s5pi4s9zkuc9s4x2f",
  "region": "us-west3",
  "source": "503ikqppn4k477d4tt6e",
  "status": "5iupy1cl8wm4bfus7mnv",
  "deleted": "0t9jt02aaxwn9h4fqegq",
  "message": "zwu72gganx8z35ec57aw",
  "endsAt": "2024-07-12T09:31:58Z",
  "generatorURL": "5ip6eo571ygr8koki9yg",
  "project": "lgdv7t5zbvumghb0k437",
  "service": "so4xm6vcnsgcajg8usdu",
  "assignee": "t4wg1jdkwgmtm00so51r",
  "endpoint": "libhenapvktjh7j93ghy",
  "event_id": "8c9gjuaixhku32azwr4s",
  "instance": "239.102.139.236:16863",
  "severity": "debug",
  "startsAt": "2024-07-12T09:22:50Z",
  "alertname": "uyw7cnjs4iotecluedbi",
  "apiKeyRef": "l3ufdp0s55clbqp3cug7",
  "container": "2vjwu246r8af9ice8r45",
  "daemonset": "igvdxbo9fxr50sk7b1td",
  "dismissed": "c3a3xep412j30pbft9gv",
  "namespace": "5cb6ub0t99b9k484aptq",
  "alert_hash": "g3t4tp4v8wj68wn4qmuw",
  "prometheus": "wqt0zmiups37nqxk9p06",
  "providerId": "27fv673gy2g9vtqxw4un",
  "summary": "rgtwjfpudsla8pbj0xbr",
  "runbook_url": "02dphmap2opbwowkc9qh",
  "description": "Rate limit for a service has been exceeded.",
  "environment": "lkfug1nlpbq88bmrqlal",
  "fingerprint": "ufvbiu7c",
  "isDuplicate": "zvvgymybw7yq96aowpuu",
  "dismissUntil": "ghx4trarfjfeaw9n5ncz",
  "lastReceived": "zrraxyfz5fxm695cqy1x",
  "duplicateReason": "yyc2io4j13x2kcdp72yz"
}