{
  "id": "k46xvkwt7bnceh37py70",
  "env": "testing",
  "job": "yxkw0nj5um9d8pojftv5",
  "pod": "x16l0a6ft1pbx4c7w5k6",
  "url": "gej7k64429cg2yggw7bh",
  "name": "GoogleCloudCDNCertificateExpiry",
  "note": "7b8xnym3imb8bftzshe7",
  "group": "8toeewsxwghqazy15x7j",
  "pushed": "jmjtu1iop6iyrhe7761z",
  "region": "europe-west2",
  "source": "nelwqiiggxwvaeoo5nm9",
  "status": "4ud0fk3w8vsrjpnph3i4",
  "deleted": "m0yp5ue3rtxcfuyezf59",
  "message": "nrm1rk3i6c4ioeytjmhw",
  "endsAt": "2024-07-12T08:29:28Z",
  "generatorURL": "nuyoo0mg0k1ffufdneud",
  "project": "d825gkmgrc7zyj490ydk",
  "service": "2vkk2ti8k79hm107jonk",
  "assignee": "emkm9duxxdqtolknd3c6",
  "endpoint": "13r14h924wolbyrr8rhp",
  "event_id": "r3o6npiuvciylnregvv7",
  "instance": "124.247.240.118:4778",
  "severity": "debug",
  "startsAt": "2024-07-12T08:20:13Z",
  "alertname": "af74tgi0vnayc7a2y2su",
  "apiKeyRef": "96ckbqpqpea699wu04ji",
  "container": "x8pv8nv4aifku7ufly5q",
  "daemonset": "kejfnbd786ldeyghwczq",
  "dismissed": "olq4z1n6fxfxs4qwyqfw",
  "namespace": "6l8wdoy3ivfngycgda2v",
  "alert_hash": "kt07ih6wcdkq0u4x1v5r",
  "prometheus": "8ccjw1e1a5zciiv6z9qd",
  "providerId": "541roccta4fjq60k88es",
  "summary": "8qcudu3uppihs3mkfs5a",
  "runbook_url": "vn1znofpg1jg7tsvgrvd",
  "description": "A security certificate is about to expire.",
  "environment": "ogztp4iqigdr74crd1x7",
  "fingerprint": "p2zg42p3",
  "isDuplicate": "8d9hdvne57f8a21alm67",
  "dismissUntil": "mprynvw7mxbtctgpo9wl",
  "lastReceived": "c090ekkom5cihxcto2xv",
  "duplicateReason": "axi7xcdhr0uag1l7b9el"
}