{
  "id": "7g754eolcgbe1fljdyzn",
  "env": "qa",
  "job": "o00jbd7nsj8emdq95p7p",
  "pod": "649qvul2s0zact0xuz0e",
  "url": "j9g2e5a9bgzj1o8tctk2",
  "name": "TableauServiceDeploymentFailed",
  "note": "endf2gsj5d722ogzp4bh",
  "group": "hhenunxu1tusigrx37vp",
  "pushed": "h949dparkiymvt359ufm",
  "region": "europe-west1",
  "source": "7gclcm0meimjg2y4rgaa",
  "status": "xxb2qnowkhav4ijd4kxw",
  "deleted": "pt7cvf8lcsl08o6tlgcb",
  "message": "hp4zm3yhs67s8xqgse64",
  "endsAt": "2024-07-12T08:40:50Z",
  "generatorURL": "n1e4l713pk4za1ca6njb",
  "project": "idmjnhoj817hddxqaa9z",
  "service": "ltib6lb77zh1z6j1qfk1",
  "assignee": "nlo6lt63zm8pyqk89r8e",
  "endpoint": "tnufqddm1jijyu2baxhh",
  "event_id": "pwecy543uudjaumi6cyp",
  "instance": "240.83.87.126:21420",
  "severity": "critical",
  "startsAt": "2024-07-12T08:40:42Z",
  "alertname": "fqjz1iyvyxlh1ulnrw2g",
  "apiKeyRef": "r40p2qyoumofffzhrakm",
  "container": "zm8lxd1sn1q3ockb8rbk",
  "daemonset": "c5l9qblt3t5gvjsxfska",
  "dismissed": "xemo3w4ynn7lb7m4sr8q",
  "namespace": "b9cp7cyr6b2vs7g6jxlr",
  "alert_hash": "t9o50q9mk0hsmnjjxdyi",
  "prometheus": "zihtjjamnadqzno9lmxz",
  "providerId": "zckkkvcckt72bf699bof",
  "summary": "r2wmst7sfgi340yrwdrt",
  "runbook_url": "nxo5umepx190kea4qap9",
  "description": "A service deployment has failed.",
  "environment": "yfnwwiyrh2eubdpyaai8",
  "fingerprint": "76ggbp6r",
  "isDuplicate": "tjcuv5w3blr4neyzr14l",
  "dismissUntil": "x8z8646ayzslfb1ttobt",
  "lastReceived": "vocbdsoa5tzcgy612qv8",
  "duplicateReason": "j1tqbagnr0i1bs8cbyqq"
}