{
  "id": "tpzda4kzcap7k4fvxqyi",
  "env": "pre-production",
  "job": "a03lvqn2hufavws9v0po",
  "pod": "3pl4vhwl1ust1bxozqj0",
  "url": "5ewaevzxhuotx3k3cy4h",
  "name": "MicrosoftPowerBIStorageIOError",
  "note": "35q1tb2rlkklm9csv23d",
  "group": "4m86w808v5nex4dlxvjw",
  "pushed": "fda8cuynoubifwgke4c6",
  "region": "us-central1",
  "source": "q0xoashgd0xvaga6dv4e",
  "status": "927vnpcn4mf1drlgw0u2",
  "deleted": "r185v7mul91vtruta89q",
  "message": "p2v1dt1jckh1hvuh9o7x",
  "endsAt": "2024-07-12T09:16:53Z",
  "generatorURL": "fqmnc0a93hel4ifl70yc",
  "project": "oxbr1y033uczo0dw9xkv",
  "service": "te57hl0vcnt25khgec27",
  "assignee": "8ejjgpxeikvww9nzeeu0",
  "endpoint": "9u2mc4g7xnfidncn7jsz",
  "event_id": "cn0ph1j3mi32atbcebkd",
  "instance": "78.198.217.88:59545",
  "severity": "high",
  "startsAt": "2024-07-12T09:10:34Z",
  "alertname": "7tmhp5um3reijjdfj59m",
  "apiKeyRef": "xlqha8wnczl15eqcxjec",
  "container": "ikz3uybc2213ow27cp5g",
  "daemonset": "tfjh7hris4fajtolbq00",
  "dismissed": "smgy25b3meu6gn1p9dnn",
  "namespace": "di6re4f0k5a4j1ts0sxm",
  "alert_hash": "hagrchwlz0m5gunyqhwp",
  "prometheus": "qd4ws68ls5kiid8msiu4",
  "providerId": "3dtaqz18ag1cufuhacvs",
  "summary": "kag7fwvs4n6k4xshzyv0",
  "runbook_url": "qmbrvsg0bvjwlkoz6zoa",
  "description": "I/O error on a storage device.",
  "environment": "x3ktwwduhbte6ailgrj3",
  "fingerprint": "wlluo6y9",
  "isDuplicate": "3nd0dhp87sfbz9v1pjsl",
  "dismissUntil": "1r8p8u3y9ubuy9qpnlls",
  "lastReceived": "7b6r857kq09w1sryznuj",
  "duplicateReason": "xp675ewc91vjjkr6z5d3"
}