{
  "id": "ine9vd9y32nttt3lp5t9",
  "env": "integration",
  "job": "rncpm4q4r1ces5drqqr7",
  "pod": "8pp4avg82m2ilci49fpw",
  "url": "zsvmyznnfca8jkaoz0as",
  "name": "AmazonS3PowerFailure",
  "note": "eqmcq0mmi2g90xuhab08",
  "group": "9zlcu4pyhn9k7imjrtig",
  "pushed": "yvb2o0b3pjmvprp27s6r",
  "region": "europe-west2",
  "source": "yhd0etptg3p6cb94h7oj",
  "status": "0wv3naf3qfum2yojp664",
  "deleted": "2bfym7sf61gzss8i59t9",
  "message": "egdsqkowh07ib9t1786h",
  "endsAt": "2024-07-12T08:10:27Z",
  "generatorURL": "4ne6l5ixrdtzpuyvfyjd",
  "project": "936kuojjxr7iswwpgdng",
  "service": "pehlkuj2hf0taffghpz0",
  "assignee": "8cynxbsoux4a90e114e9",
  "endpoint": "s0fduu01cmtqyokirb4e",
  "event_id": "jeiehdmhb3mopl9fn74j",
  "instance": "246.246.60.160:42570",
  "severity": "info",
  "startsAt": "2024-07-12T08:02:51Z",
  "alertname": "2bwx10lttv53spg6rw3w",
  "apiKeyRef": "jp5lzxlvq61oel21n710",
  "container": "of64go24wm33pb620fad",
  "daemonset": "42wuihe4hl09mpcrwyt9",
  "dismissed": "w9n1csmz41rvq4m6s6y1",
  "namespace": "me1e1jre3t4dp793w2hu",
  "alert_hash": "xwfc9t9w9tu9y7mw93uj",
  "prometheus": "5dg2jqcydflf234zwfqe",
  "providerId": "4rtt22kgsue78qhwwqby",
  "summary": "o8bbqtaeqb84rhemodj2",
  "runbook_url": "f3x4ylhri1oti1brwo6a",
  "description": "A power failure or outage has occurred.",
  "environment": "owzxvrlk0odel18lc2e5",
  "fingerprint": "osn3rfhw",
  "isDuplicate": "py06g3kx4o3pw9qj6auj",
  "dismissUntil": "i4p0n7fb7egfghjlkf2m",
  "lastReceived": "xpzzuazfnso1u0w2wmtl",
  "duplicateReason": "3q4ku9nyq3app8k7xk2t"
}