{
  "id": "qly679039re3t65sdb42",
  "env": "demo",
  "job": "nj2p2njqaw5e64cxrhvd",
  "pod": "vdc0l7dpzrwgwd4wc3ax",
  "url": "k8cu8yz37z61jbrjb2nc",
  "name": "MicrosoftAzureSQLDatabaseApplicationError",
  "note": "tg2w4mp7b20gn6e2ne3g",
  "group": "9akv8pttgi9wfb1hdtk2",
  "pushed": "n408qgs7n0kdpylvu90m",
  "region": "australia-southeast2",
  "source": "xjv5dlgts41i6xhabjmx",
  "status": "dtkh7odxnu6fka6rxf3g",
  "deleted": "6y47clr6moiafj9xcc02",
  "message": "wo4bsu0lwjzqcy5snwsr",
  "endsAt": "2024-07-12T08:12:47Z",
  "generatorURL": "f54fvnxjx7tql0h8l5kg",
  "project": "dqfycxwu0eimk5e17aeu",
  "service": "x1rrtni08vwdz4ghh35x",
  "assignee": "31v803lmeidbbk56t3cz",
  "endpoint": "st3mgz9euuxqsill17no",
  "event_id": "nb0zb9qgwlztuofno0zi",
  "instance": "253.35.174.175:52711",
  "severity": "warning",
  "startsAt": "2024-07-12T08:10:17Z",
  "alertname": "ew0z0tg30drk4yuqz5vd",
  "apiKeyRef": "a0sbvsng7k7ifg962epv",
  "container": "p12wp2wnhqmx7awtz853",
  "daemonset": "ar64n4w9146ry5tu6g9h",
  "dismissed": "trnu3g4wuqmr0lagc64h",
  "namespace": "7j4usfpfzlber18241d1",
  "alert_hash": "2jlmj7dez3gu0eamuq90",
  "prometheus": "m2ti7sx8bn1mplncf1nd",
  "providerId": "i5byftxbl2de8v51ti3p",
  "summary": "0yk7owqqnsljerdacnfm",
  "runbook_url": "9gx9wcyvq6phqagsxsrw",
  "description": "An application error has occurred.",
  "environment": "0imn82iatjcc58wb8rc2",
  "fingerprint": "qvhy3ycj",
  "isDuplicate": "12fotrwpxnikokqs7jr9",
  "dismissUntil": "uguraizyum0wwbo8oomi",
  "lastReceived": "2v4rv723j6bnxkckj7je",
  "duplicateReason": "qb6cqm90ws4fiwrwk09r"
}