{
  "id": "mnxbm25a5n6h1kk2od7w",
  "env": "integration",
  "job": "0h35f2fkhxjoiuy8kpqo",
  "pod": "7l7uh8jypdcuqvmb2rub",
  "url": "lugvsxcaaoogbyriwmps",
  "name": "FastlyServiceRestarted",
  "note": "hjmdwgfcbztuwsnjw8of",
  "group": "n3ykq2r5sfvpsjh249h5",
  "pushed": "vj8s38i4igq8yiwupqzk",
  "region": "europe-west6",
  "source": "3t697s1gjmg1fyv6m0u2",
  "status": "z8my7pwv484oc4s23smt",
  "deleted": "skh8xjdaaqsj94e9opba",
  "message": "s2trloyy6ku7gcmv5bw3",
  "endsAt": "2024-07-12T09:13:09Z",
  "generatorURL": "ni15h2xyvdfquo9q60lv",
  "project": "ybaoq5i6g83mjvhmzug8",
  "service": "n38mth99dr6h0be2i0sw",
  "assignee": "4wfwcqwyngd1u30frlg4",
  "endpoint": "fd40tahk2qxz5sn31fm5",
  "event_id": "l2rkbtlw8odziln9zfic",
  "instance": "62.183.212.134:55986",
  "severity": "high",
  "startsAt": "2024-07-12T09:09:19Z",
  "alertname": "ijtjcf9r9omh8gvzgd8r",
  "apiKeyRef": "uqscimkgqydltoqmej6v",
  "container": "buw3ncj56rc1scndrxx5",
  "daemonset": "a4k0r1b97ljz4mgutiw1",
  "dismissed": "c30n8ve40s9miv2gdt3f",
  "namespace": "7e9o415xaboxdccdf8pn",
  "alert_hash": "ptpjmh2gt9i9dwx0y0e4",
  "prometheus": "48a3znahj029iaiz9mps",
  "providerId": "pzmufsjd7teaio40h3s0",
  "summary": "k9gzi71fcfdjrd1tgdmf",
  "runbook_url": "3q25vpgv9i774i71ktol",
  "description": "A service has been restarted unexpectedly.",
  "environment": "gatlm299j4smu5yeg9yk",
  "fingerprint": "xz385cfd",
  "isDuplicate": "q6ebouq0e424idbyjvv1",
  "dismissUntil": "vcq1cbdvd2ean5ri4g8a",
  "lastReceived": "zzh59q4kzpj46yc5bld7",
  "duplicateReason": "ix9io3q4qqy26k57igd1"
}