{
  "id": "kcwlfdzvl21rwhe21rkp",
  "env": "development",
  "job": "a1ug6uoc0lonj84f1csn",
  "pod": "5rog9l0ckjai346jkogb",
  "url": "izkxwcrzis6qzdihperl",
  "name": "DockerSwarmServiceDown",
  "note": "ezy520vnnpfaec8bygxz",
  "group": "4ott30rg30lrrbr6degw",
  "pushed": "2cngm25ttuz3blojfxzi",
  "region": "europe-central2",
  "source": "5tyg01fjdo4r7pikevz0",
  "status": "lz53kmr0fgnjc9hxly4t",
  "deleted": "4vszzidqzg7cgbocb8q0",
  "message": "ir6zflikebxlfzx7wmty",
  "endsAt": "2024-07-12T09:40:13Z",
  "generatorURL": "mb7vh0559abf424mvl18",
  "project": "n7wzam7rgoweeisfr8wt",
  "service": "zlztclfox1ifq5kryuvp",
  "assignee": "1j3smwmrt9xiyfgkn58v",
  "endpoint": "atovko4drgu00t554yfk",
  "event_id": "1uiv6hzb0mz6m0hen9eq",
  "instance": "134.74.134.103:50297",
  "severity": "medium",
  "startsAt": "2024-07-12T09:38:00Z",
  "alertname": "o408c1ut58bmfi8hetsf",
  "apiKeyRef": "5mbuf1rummx8ihu0nnyj",
  "container": "pz84brzgua0cgmps5djo",
  "daemonset": "qjwzuclwp7ul3k0z459t",
  "dismissed": "ksl9rcf1wqxd3xvvpyns",
  "namespace": "nwa7x8q6spi654u8yju4",
  "alert_hash": "prxo4cyetaej4ksd1xke",
  "prometheus": "wvk01vseykzj5w1kpfkh",
  "providerId": "2efw6u36pb6vq1b3bi6s",
  "summary": "v7pk3dxkrhbieuwjug1p",
  "runbook_url": "sy8udkc6xywkhffsimqa",
  "description": "A critical service is down or not responding.",
  "environment": "md5rtm2gctjhaqak14og",
  "fingerprint": "08rreg0p",
  "isDuplicate": "3hg7tsxxjhlhn00wlr9n",
  "dismissUntil": "8ro5ef38k6lnrbx6alzo",
  "lastReceived": "ih5v2drqf6g7i6n3v4ie",
  "duplicateReason": "4or2ncedcdj0jnx3gnw9"
}