{
  "id": "xew2xlpj0huo3nzsktnt",
  "env": "sandbox",
  "job": "9b2r2scwervzxr4mivzm",
  "pod": "75xnnxp3p8u1h4xfmigm",
  "url": "vp44cepv4nscaiwh6vzx",
  "name": "PaloAltoNetworksServiceRateLimitExceeded",
  "note": "f9tdt2qhjnrtca6itw2o",
  "group": "dbidjf2uafm82wgkucg4",
  "pushed": "292oq5f39ivrjoihva6r",
  "region": "northamerica-northeast1",
  "source": "d65ro70jsscvmlfgx3u7",
  "status": "9y4kxus8p0p4ycazof51",
  "deleted": "niqlv9wn8yrcbz8dieqa",
  "message": "4tuwht5b25j0yu6olgg5",
  "endsAt": "2024-07-12T09:05:27Z",
  "generatorURL": "ma2axfmd73tbd8r5o1u2",
  "project": "irnkfq2kx0tv8wjwxzqy",
  "service": "9cv3xwq81mw1i8060rud",
  "assignee": "lz9uxkxg0q9o1zt53nkp",
  "endpoint": "oomyl21bzbek460yfgx3",
  "event_id": "0b6yz0p1phvww7wdv1wt",
  "instance": "32.140.13.109:9557",
  "severity": "warning",
  "startsAt": "2024-07-12T09:01:36Z",
  "alertname": "w5d3t3wqz313gqs5yh8t",
  "apiKeyRef": "0xb71zkk2i1dsix6bdx0",
  "container": "f88u4z6datszgxu9gxr1",
  "daemonset": "c3xnvp8a2v217kvd9qwi",
  "dismissed": "t9abt7izsj6hwmotvrmy",
  "namespace": "7ow6ztdrsthjb7wzv5zi",
  "alert_hash": "2asdqtl1z13nqw11cqam",
  "prometheus": "ty6hv1uvcu025erv6iun",
  "providerId": "op49ixm1badnww1fa30s",
  "summary": "atzhtuuoakk2sjdlwc4e",
  "runbook_url": "1ivrjq5s7559qkl3wxpq",
  "description": "Rate limit for a service has been exceeded.",
  "environment": "cgxzmbk5jvpzl5bd82g9",
  "fingerprint": "kiec7kvd",
  "isDuplicate": "c5dendcntuiajbgm33jo",
  "dismissUntil": "l6toujuv5fc375vc61jk",
  "lastReceived": "gsxfysxo6040uijuxdeq",
  "duplicateReason": "bjeezww7oxlx5jns7akl"
}