{
  "id": "4vehvewztys2cno8itcd",
  "env": "development",
  "job": "jqn4zgwj914j1lwwthfg",
  "pod": "2x7jh6pwwvr57dhqbyms",
  "url": "34swzbz1id5bwpcc58ss",
  "name": "AWSIAMStorageIOError",
  "note": "40w2c0kawmnegdqcwmaz",
  "group": "5wblez5ma4o9ifzuf8al",
  "pushed": "qg4i4k7mn4dsr0143x6o",
  "region": "northamerica-northeast1",
  "source": "m4ii4fg8hlock4toxvm8",
  "status": "ohczymfsavyf534t8p3c",
  "deleted": "5w37b4utej0u5ilpx82k",
  "message": "gum5or3wc932c31a4sbx",
  "endsAt": "2024-07-12T08:27:57Z",
  "generatorURL": "r9m95t8dzvn90th1b6ho",
  "project": "5s4m89xgf4o67r7ztlmo",
  "service": "c1dehwru0m8mc05v0dtl",
  "assignee": "imqb5ely3ousa77om602",
  "endpoint": "r73e47rixgimjkatfk6m",
  "event_id": "hw0twqn2pv6w7aq21iyc",
  "instance": "203.220.181.212:36917",
  "severity": "info",
  "startsAt": "2024-07-12T08:22:22Z",
  "alertname": "1enshf28tpimbx4619yg",
  "apiKeyRef": "bjq11ttez1r1alk3exej",
  "container": "qvvyr214ehjdc67pg4qx",
  "daemonset": "lrlu888nwp21at8l9d8d",
  "dismissed": "9nd16pheiawk7nos1kxv",
  "namespace": "iweacjkajean85oji5ew",
  "alert_hash": "i6htzlwd68cmx5qchjjr",
  "prometheus": "sit83iokhkn0xmb9p1m1",
  "providerId": "xk7q7ug4wvdbquekevu9",
  "summary": "tl2jbt2zqr8j34i5esdo",
  "runbook_url": "avaelt5c0h5540wabwob",
  "description": "I/O error on a storage device.",
  "environment": "orz6zv8d44d6a85d120u",
  "fingerprint": "v9crkgp8",
  "isDuplicate": "ae2vhamjb5ldup0vzchr",
  "dismissUntil": "e8nn49yp5iqdzh0guju2",
  "lastReceived": "w71qqfnqgmgi4v6nv9yf",
  "duplicateReason": "bfokc4nqz4wlchfdxlkm"
}