{
  "id": "pobuavd4a3rb2u7bpcub",
  "env": "demo",
  "job": "sbky8pe8xlur2st87gb1",
  "pod": "gfd5rtsaiuyt4toms0f9",
  "url": "aecdfj19xan9kv1e8pdg",
  "name": "TanzuKubernetesGridDatabaseConnectionError",
  "note": "yrkio8a05c47jnrhtdxh",
  "group": "r3idg04o9mt5582fg1g1",
  "pushed": "pmpki0idmhog1m5d1xz3",
  "region": "europe-west3",
  "source": "0rr80ef4pj97rj2c0ar0",
  "status": "f6rndmv39d0rv6d4n1m6",
  "deleted": "obfnl0jvjqn8jmgio3qv",
  "message": "3oytymn13tf2o0w8swdx",
  "endsAt": "2024-07-12T09:07:37Z",
  "generatorURL": "gm89bt9k37q8knd4m7t0",
  "project": "l3qc9ma182thgmcns2aj",
  "service": "ffxspu0ra9yqsaptw788",
  "assignee": "9mtj5ccijt86fxqlqjdw",
  "endpoint": "bfasnjxr4efjr7ghn1h0",
  "event_id": "0tp1yjtb1y959cwnm6qz",
  "instance": "68.159.242.68:17213",
  "severity": "high",
  "startsAt": "2024-07-12T09:01:44Z",
  "alertname": "ntfyznbst0iam14b75i5",
  "apiKeyRef": "amqiiwyy6uz6lrvnvmo1",
  "container": "g78k7wf2jc2jlb3ahcaw",
  "daemonset": "qkda1xskwekin8wwm6el",
  "dismissed": "w3a7jdp01k41rxwursa3",
  "namespace": "umfquc9brn8kngxys9tv",
  "alert_hash": "4su8ua1eloj66fkdi6no",
  "prometheus": "kebu2r0nvoy50fkux4o1",
  "providerId": "jvojh68t9wa0c8o8ozm8",
  "summary": "m2s1ll6jqz5grqy3x61z",
  "runbook_url": "lkvugpwt0ikq2511anub",
  "description": "Unable to connect to the database.",
  "environment": "xn0ago6rzgz6waqkaylr",
  "fingerprint": "6p40lshb",
  "isDuplicate": "r6vu5hgmccvmdl23plib",
  "dismissUntil": "ntdgkuemsn5p4zyofa0w",
  "lastReceived": "qrg61lm7fhheq95dbpc2",
  "duplicateReason": "h4a5sx5k6ax4sb7ghynu"
}