{
  "id": "iwnylid3v242p1wi7zn6",
  "env": "backup",
  "job": "2okz0arlvxxr7a49dfms",
  "pod": "xe90s75d4jl39pspqhhw",
  "url": "3wekcasmwltbk6xjiecr",
  "name": "BoxDiskSpaceLow",
  "note": "5ezxp709nqksv48w71xe",
  "group": "nruk2l3xs2yn4gnbq0dq",
  "pushed": "qxr2ynnpx55igaiuuek2",
  "region": "europe-central2",
  "source": "ffm219h7unnlm49h2bfd",
  "status": "5oviglibmiq9lf4j4hhz",
  "deleted": "vtcbxpvdc5gx4xkv2qul",
  "message": "wuj8iquenlo8bdozwzfl",
  "endsAt": "2024-07-12T09:45:17Z",
  "generatorURL": "d29t0o0shhjbjo8j9lh7",
  "project": "1u2htw95a11qmxs8eej5",
  "service": "3e3071l0dudnh1z8umwx",
  "assignee": "9eg0rlchoonolyl637t7",
  "endpoint": "npn1pcrfrcnocf047pn8",
  "event_id": "mjrx8j7aft0ykg7wq0i2",
  "instance": "203.220.181.212:36917",
  "severity": "critical",
  "startsAt": "2024-07-12T09:41:13Z",
  "alertname": "mqkeoptg8fpn6f3xev6q",
  "apiKeyRef": "ixkqmck2e0x51ffop7wp",
  "container": "2b1gli8ieyvvdjx1dfej",
  "daemonset": "d3gosl499o6sol6afc08",
  "dismissed": "8fx04kqq2iuv1diu18nm",
  "namespace": "fz415n7rgm2842jh27ea",
  "alert_hash": "ounwe6b8mlxw191cohr9",
  "prometheus": "rle4mw5uvuaj0tlefvvk",
  "providerId": "451ddnv1wg3al52tuhhv",
  "summary": "i9qpd95i9qus9cjr61xm",
  "runbook_url": "24ptstbdc2m3cufwu5wi",
  "description": "The available disk space is below a defined threshold.",
  "environment": "u6dfuirrxmm6s266qldn",
  "fingerprint": "mxeu63wr",
  "isDuplicate": "3ii47e8lt00e9dahtged",
  "dismissUntil": "jr63nasuw1usvlivxfj1",
  "lastReceived": "1pwigjiao5gmr9c1uyft",
  "duplicateReason": "6yltkr4mt0koflekutjo"
}