{
  "id": "o0lwaw13gmzgv7ow6b28",
  "env": "production",
  "job": "auuo6amd4yf17kvk6qky",
  "pod": "omfz7qdu8866k89fk9nt",
  "url": "xerilv1o1fhkp5zoydkq",
  "name": "SplunkHardwareOverheating",
  "note": "t6a2196xk5mfie26npmf",
  "group": "arp3k4ck3s6iq6m7gud9",
  "pushed": "380rg1pmw8soivs2upt2",
  "region": "southamerica-west1",
  "source": "rf0lnz97qk82hy4uwcyv",
  "status": "j6ctkx7brj8pum49hb4v",
  "deleted": "1z1wr6i1yjfbqpe7gakp",
  "message": "32v5addbt6r3xottkqmi",
  "endsAt": "2024-07-12T08:33:54Z",
  "generatorURL": "jtnqh1mjfr5n7e10k53b",
  "project": "ij176p0j2jwupge53ovw",
  "service": "vgsdh6m5aiv6djja4r9e",
  "assignee": "z91v8qxchyldim6ecsqw",
  "endpoint": "3s987f49o2k5w3ffb5sc",
  "event_id": "cx50xcpjcckgbmw1gyvz",
  "instance": "62.183.212.134:55986",
  "severity": "info",
  "startsAt": "2024-07-12T08:32:27Z",
  "alertname": "wyf8aheu2u8ixjrdnne3",
  "apiKeyRef": "2enm55dwsdnrbgdfc4zd",
  "container": "xu740eb58e2i8vxt6qkt",
  "daemonset": "pkpgh5s88e6z4gh80onf",
  "dismissed": "haiwivarxgsl164z9g9w",
  "namespace": "wapmygp7gcljf4uwdlbd",
  "alert_hash": "9go9c64tq4j41krgx27f",
  "prometheus": "kwlwg54sgj8us41psovb",
  "providerId": "0ax7t89c7ps9nro8ll5i",
  "summary": "phsnce320jhnv1r14xx4",
  "runbook_url": "jfjj3xr4yn43au8r22qs",
  "description": "Hardware component is overheating.",
  "environment": "cfaqbol15jiwji5n9g4p",
  "fingerprint": "ufvbiu7c",
  "isDuplicate": "vrmvx0est1ee08vpor9z",
  "dismissUntil": "8l0bi8cdqk0x0y4nitrc",
  "lastReceived": "qlvnt10d4tcfakafnegc",
  "duplicateReason": "f6fnwofwrjgncg62zydw"
}