{
  "id": "gryqegw5rm1iq6tr2n4x",
  "env": "sandbox",
  "job": "vgp9lscb1mbtoacmggbz",
  "pod": "co7zy45terwk89yxsw5r",
  "url": "d3fjtytra3cqz7b8qayx",
  "name": "PortainerUpdateFailed",
  "note": "9sbfgi3n5q8bndcdgy61",
  "group": "f7iwky92kq85tmwtwdal",
  "pushed": "qo4vlwza6fh504xjqq6i",
  "region": "us-east4",
  "source": "3zliuko3s8aexsudvoex",
  "status": "e7ej14fa84va7j204a73",
  "deleted": "etk6hh0det51obuo5e1c",
  "message": "85lsprvrmdkhn7y0dlro",
  "endsAt": "2024-07-12T08:46:52Z",
  "generatorURL": "tdvr7xnrfq3zxi6536k3",
  "project": "d9dmdbrv7cmxjd8mjuco",
  "service": "2ngs2c1xjv426bablk5j",
  "assignee": "lhieedlxbjzg6vwtykvv",
  "endpoint": "86m9j16jiac4qtl542eh",
  "event_id": "9sk69gaesf6fpbcvfv5r",
  "instance": "169.231.235.31:5119",
  "severity": "critical",
  "startsAt": "2024-07-12T08:39:32Z",
  "alertname": "8rucx1r43zf7cx3dh6lv",
  "apiKeyRef": "9wewcz02t2sp5ijr4vrc",
  "container": "v99aga35jstwhachtc2j",
  "daemonset": "2wudockyyazlho3g2d8k",
  "dismissed": "gdj4crtxxjoz31e3w51x",
  "namespace": "blc5ors56l5sgr5wpa5c",
  "alert_hash": "m9v8foxwwzhvjk244dsb",
  "prometheus": "wax94to66fuii660egq2",
  "providerId": "uq4n47x0j0ryi8zffqzw",
  "summary": "rqwek1znlfp4df6jewz0",
  "runbook_url": "xx5oitf0qh7ggl98auf6",
  "description": "System or application update has failed.",
  "environment": "qm3kqry5tpsrz8ltq0n2",
  "fingerprint": "iqjn10p2",
  "isDuplicate": "9at1szheoozwq608thdz",
  "dismissUntil": "w9laue379d2jk0syqf0z",
  "lastReceived": "x1iust1a26fi27wkn2ub",
  "duplicateReason": "7ryhbrdk5rb3mshirtwn"
}