{
  "id": "6zovts2insy68xyajknw",
  "env": "backup",
  "job": "4wq4yfwc16bgd20s62cb",
  "pod": "vb7mhdcievmln5dcqb5z",
  "url": "bzp2dfprlnrqwmg98qqk",
  "name": "JenkinsProcessCrash",
  "note": "3xffp3mwe3u955sn98vh",
  "group": "kxm74g7opzer4tdfhn35",
  "pushed": "uwrnbsqnqvpif5ngf89e",
  "region": "southamerica-east1",
  "source": "erfuohjdt22axua4hukm",
  "status": "991caom7peq8tcc6ee45",
  "deleted": "55m0ckqusquhnyqqdofd",
  "message": "d6e25x4rbwakl7ynjq1a",
  "endsAt": "2024-07-12T09:37:05Z",
  "generatorURL": "vrzhbgpvypszr3qqjjby",
  "project": "us049m7dg93r4pd9ghz7",
  "service": "7o8vp0j6rt6oul5r4rnh",
  "assignee": "fgvqau6iqcoiusfq5s7p",
  "endpoint": "hl14dkpr4ohh73v1wdq6",
  "event_id": "g92ijv9t63irotgv35w3",
  "instance": "230.38.67.26:30025",
  "severity": "low",
  "startsAt": "2024-07-12T09:35:21Z",
  "alertname": "8nujgyo7d8cipzqa3yri",
  "apiKeyRef": "dk037fafoi6zflg0v9l8",
  "container": "5p5nnw68rxaxm7o16atd",
  "daemonset": "cpakyozxyk7ysu578q7u",
  "dismissed": "ha05b1ej20ddze0h0lg8",
  "namespace": "rrndt46g3cjm311uqto9",
  "alert_hash": "9naeven0x007fbxljxwv",
  "prometheus": "lic0xaglbzbayzsxo0pk",
  "providerId": "n4rjr3vyfyxaqkbuejbs",
  "summary": "s9kkwshefdp3u7kdbhoh",
  "runbook_url": "dhj0mgvvbokxz8z5xg41",
  "description": "A critical process has crashed.",
  "environment": "17vw0j5sw9aaez4zf8z0",
  "fingerprint": "e06hkcav",
  "isDuplicate": "lzy8wf0f8i0aazhb8rwl",
  "dismissUntil": "953c21jngdboe8bc7a58",
  "lastReceived": "8kivklf383e8o0qvl205",
  "duplicateReason": "28mwsjsb2g86dsbqye0h"
}