{
  "id": "ojrggca8ytqo7zpwcti5",
  "env": "development",
  "job": "xl8zs6z14uiqjads7hs0",
  "pod": "gz5gyjvmxaxn8eaqje7l",
  "url": "z394ye9f30hxlsyiwa6r",
  "name": "SnowflakeNetworkCongestion",
  "note": "zeqmfpjg6shi7dbin7ni",
  "group": "7wu7okdduuqy37b25vv3",
  "pushed": "gxv18u9in4muv39899vq",
  "region": "us-central1",
  "source": "a4358pcxoy2hvkhcm8vm",
  "status": "t37ujst5zn4j9hpzjzp2",
  "deleted": "g2zqzezrvs66vcflo1nr",
  "message": "8elszykry95ai66sm0ua",
  "endsAt": "2024-07-12T09:41:58Z",
  "generatorURL": "ilk9yxbvnbzyt85udit2",
  "project": "rsf20aevl8tytm2z3fwy",
  "service": "c1fqugogp870nelk11tp",
  "assignee": "gek8vftq0n80h7xip1de",
  "endpoint": "4du8pnu0mhndompran3q",
  "event_id": "9fmshcripqw5gq93tgor",
  "instance": "239.102.139.236:16863",
  "severity": "debug",
  "startsAt": "2024-07-12T09:36:18Z",
  "alertname": "rqxq6hmeuedv4yk3rw5d",
  "apiKeyRef": "8ecegg7ucj4dp36nt0vy",
  "container": "9oym5k85u913rxzcqht7",
  "daemonset": "dlesz7hlfv9s3wnifqdn",
  "dismissed": "76zev1u3v5l6xdzed9bw",
  "namespace": "y33l90szrt09935pdhi7",
  "alert_hash": "qljan1q3a29io5rtszkm",
  "prometheus": "609n6sm7t0jgfks4afxs",
  "providerId": "qzajsvqvot3lm3ho6z51",
  "summary": "aodz92su3s0cnerx6s7u",
  "runbook_url": "cjbnqjk6qa3a881gg7qf",
  "description": "Network is experiencing congestion.",
  "environment": "42tjt8t9ex9dksbun2sf",
  "fingerprint": "dk13r32p",
  "isDuplicate": "4gqeyfxyep1xcoo7tb83",
  "dismissUntil": "3onynani92i976ltp1vu",
  "lastReceived": "v1tsln7xral6uyspotne",
  "duplicateReason": "t8p7s9t35wccwjhmrklz"
}