{
  "id": "wo18m7hu89ir59uekbuq",
  "env": "qa",
  "job": "lldascr2nntkb78zgfvx",
  "pod": "tum0kke9gtpzv4ha40v4",
  "url": "tsj8qx6a7stxo3frlft2",
  "name": "OneLoginSecurityBreach",
  "note": "t9x48pu0vkst1prpmewa",
  "group": "r65jc809ophjjv6azbqd",
  "pushed": "abtrju9y5hw5cbknpj4m",
  "region": "us-east4",
  "source": "6568nmgx8ou42p6g3kk3",
  "status": "cysabcf6pqdbh6aesiu5",
  "deleted": "3h9xfo1w3l8fv4mbrsjn",
  "message": "fnf5k46sr3frkx23f76m",
  "endsAt": "2024-07-12T08:41:09Z",
  "generatorURL": "w5887s4az62ecfy71ypo",
  "project": "5y7xywi5ba9idkaywmzt",
  "service": "8btap5nwvprap8c7pp0w",
  "assignee": "6cnyo876nxfz20671wyv",
  "endpoint": "nima07k8dppj4tjyeq0z",
  "event_id": "v2twgu9e3s4447svotpk",
  "instance": "116.181.185.155:18361",
  "severity": "debug",
  "startsAt": "2024-07-12T08:34:29Z",
  "alertname": "iw79xzytbb5f044gf90l",
  "apiKeyRef": "x8inoyb5gkkza93l6ddl",
  "container": "n57u4ecc9ui7oik68gha",
  "daemonset": "04hncnm42fdu1urd6ex8",
  "dismissed": "2nanpsdxr7njytbki3iz",
  "namespace": "o6rrfniz7s0689xabfz6",
  "alert_hash": "xlwpfykably14n10ydte",
  "prometheus": "4pqh5c2zg18yx9yy5o1w",
  "providerId": "0qjjhaef4nhzawwa17z1",
  "summary": "cj21tgja84tg7gx3tvsp",
  "runbook_url": "95sxgv8xscy95klxd4vk",
  "description": "A potential security breach has been detected.",
  "environment": "2vz16ce1czmdjdmu7re7",
  "fingerprint": "hbzad1sb",
  "isDuplicate": "17m7xggx7hwvaeb92ash",
  "dismissUntil": "iw2d1x9ezxfjbyg88g8c",
  "lastReceived": "nnx9vogz87mklcoihnkk",
  "duplicateReason": "uvyj67bnel4zd9ewjn68"
}