{
  "id": "xso825uas4znu5a8cis7",
  "env": "qa",
  "job": "mt4o8hmyeyx33awo24lo",
  "pod": "5nco6kfm6me67ldigt4i",
  "url": "nh6zhybb6ltok20gluq4",
  "name": "SnowflakeMemoryUsageHigh",
  "note": "wval6g5pirt1784ck3j2",
  "group": "lbves0nhos7scy494nji",
  "pushed": "db2ygkdgtbrysq3lyodq",
  "region": "us-west3",
  "source": "txb9bu9y7ibjoeulxsee",
  "status": "01ac60br5gixxonegcas",
  "deleted": "uuf42o7edbxgykq4zge5",
  "message": "3az6w3g3hfrxlnl2ntw2",
  "endsAt": "2024-07-12T08:43:19Z",
  "generatorURL": "2usmr09f4de2g28mgdrn",
  "project": "uz2z7unv8kk7phnh2w1o",
  "service": "ry4ecur02pjouiqgk8pb",
  "assignee": "fg3gx1pvea36nln830p0",
  "endpoint": "vs73mfjmhqsdg7mc6z0r",
  "event_id": "0cldb43mbk8dl5kdg6xy",
  "instance": "53.145.86.9:46832",
  "severity": "low",
  "startsAt": "2024-07-12T08:40:58Z",
  "alertname": "tzas4l725mzmkrij4y8k",
  "apiKeyRef": "g71v31n9xxclwh8u7ad0",
  "container": "lworqxccjhm1e3e07fa8",
  "daemonset": "j354le4cxt316jd0qbej",
  "dismissed": "3t39dudjkps3d0pqyy2v",
  "namespace": "rbdbondm1kamba4b0bop",
  "alert_hash": "1d52euk74ouay90cb2my",
  "prometheus": "yjcdmbzhjgdtwult88mr",
  "providerId": "z87yvxcmv0zmjdrlt0n0",
  "summary": "p9v896cuwpr90095sp2h",
  "runbook_url": "co6wa5p8jlza6eutiagz",
  "description": "The memory usage has exceeded a defined threshold.",
  "environment": "qip8xek6mhgpxxa4cjdh",
  "fingerprint": "ai6slocr",
  "isDuplicate": "co4qml1gkjvue77j8k5y",
  "dismissUntil": "lz7k0vai9yq6610xo1ed",
  "lastReceived": "stamxm4zp7n2ku7sakvc",
  "duplicateReason": "1xlnb8yzgrxm2s4m8m9i"
}