{
  "id": "niyaa4mvr08o0zxcd048",
  "env": "staging",
  "job": "dglu511aft6io3ifto9d",
  "pod": "5pn4z2mee6gd5d34rbl4",
  "url": "a6crtwbwg5ncmyp1rmke",
  "name": "AmazonS3ServiceDegraded",
  "note": "23krrlxzpwjp3wpqc7nd",
  "group": "xpy0aqt9nu4trd4n87rn",
  "pushed": "z9ivsaykinpvoi86of1f",
  "region": "southamerica-east1",
  "source": "undp7x2hm128q08o4ykk",
  "status": "owlcqx8meffwx4jetdqk",
  "deleted": "mj0m27jxwh6rg864xtn7",
  "message": "oazbqem792rmwp6c8i8g",
  "endsAt": "2024-07-12T08:06:17Z",
  "generatorURL": "sx4x2vwls9md45wglmza",
  "project": "7s09ur7mvf0wm5391pj0",
  "service": "ffsky3gl9nfd58y1cp7j",
  "assignee": "q9iy3nd0o4f39ggmgw31",
  "endpoint": "7j6jqdk3f4wxpez3pedb",
  "event_id": "eb9kuygm1arfgrjqcf41",
  "instance": "78.198.217.88:59545",
  "severity": "critical",
  "startsAt": "2024-07-12T08:03:58Z",
  "alertname": "npuwjv7vcz1wyukv3pzw",
  "apiKeyRef": "bpwyephcdvz4du88ijrh",
  "container": "6y4kiuqzjdplfl859c1t",
  "daemonset": "spkfwzdq2hs8l8m082io",
  "dismissed": "autvca9xzfi4oxvnc50o",
  "namespace": "49boz3gnwwc6liqyk8s2",
  "alert_hash": "qmvmtgmmsw1fv19ny1m5",
  "prometheus": "7veovb5udbr6ifg9dr0v",
  "providerId": "kv0il0uqbklul74ffmkv",
  "summary": "ln861ua92xcef2ymltrl",
  "runbook_url": "691vgxr776kxtt6pmoxn",
  "description": "A service is running but its performance is degraded.",
  "environment": "q49h9nqyyufncdw705rx",
  "fingerprint": "3evsi3rt",
  "isDuplicate": "v2k3r3esipsugowgnchm",
  "dismissUntil": "nn3xwwe75x126ngycsr5",
  "lastReceived": "bj9u8v1778yk4zj9i9ct",
  "duplicateReason": "5rqhczgw23innfj8ti2x"
}