{
  "id": "hivveo8oty0alpv04o0i",
  "env": "production",
  "job": "1asiokt8uwpclo5rd812",
  "pod": "m1crzyujt177nlrogyj9",
  "url": "xddb4dnbyz5rcyh02hoz",
  "name": "AmazonS3UpdateFailed",
  "note": "wrvaicmopmdxy8j62q8z",
  "group": "9j01oqf2er3yih14xlx1",
  "pushed": "iabhkm2baozxikyujeb0",
  "region": "southamerica-west1",
  "source": "yiruj4y2c2bhmbw5ks9p",
  "status": "pcbl3s8nwe0bqxrs1qcd",
  "deleted": "7ysrdyja5fduj9yo9jhs",
  "message": "416h3cfknsb0itcp84xp",
  "endsAt": "2024-07-12T09:56:12Z",
  "generatorURL": "hytfcwji3fja7ufov1me",
  "project": "5f9jj4zjmr8bsv5ekhhu",
  "service": "ti6lubl5bq40sxhhmwrl",
  "assignee": "rmmw24ygvr4emfvg8vkj",
  "endpoint": "xuhgx4yh9foa0zrrccxj",
  "event_id": "xvsyw4ogbbkadjk4ymhj",
  "instance": "59.246.255.1:5947",
  "severity": "low",
  "startsAt": "2024-07-12T09:48:07Z",
  "alertname": "p86j8mw1iiba5k31f7no",
  "apiKeyRef": "w7elboakiwt1tkl81h1d",
  "container": "o35l08gan5w5o621b6ae",
  "daemonset": "53epn2dsrqkwv655qecr",
  "dismissed": "gizhwn5o80geodwso3ca",
  "namespace": "hy6tlqtg188vo3ja9fy2",
  "alert_hash": "36le8elluvpcgyvwldm5",
  "prometheus": "vwrqrw4i9zfki3dc7uzl",
  "providerId": "9llgxi3r95fxyjwkp6a4",
  "summary": "oiawzwf6dlj2qdf8j92v",
  "runbook_url": "n6hxkwwhprc8p6jkal3g",
  "description": "System or application update has failed.",
  "environment": "w820cvrgh54kf5dwxfr3",
  "fingerprint": "d5ryhodl",
  "isDuplicate": "kiaugrtkvqv2gxw4nw8b",
  "dismissUntil": "aull1ra88tlpr189325g",
  "lastReceived": "koj6bzmpx5nwcwtrndrl",
  "duplicateReason": "rqyu6lbepe0ck28f36jy"
}