{
  "id": "mjukc7dfk1vsgp0hz3bi",
  "env": "demo",
  "job": "1tp96mugsomxeylq27ye",
  "pod": "anzkn4hnhemuoino587t",
  "url": "kdaq27b7qzbntr43x06t",
  "name": "TravisCIServiceMemoryLeak",
  "note": "gpx5uazrphcobfi03ltx",
  "group": "xhjukdhknauf4hp9gjcn",
  "pushed": "ijjgd7cyjet2xgd43ikk",
  "region": "asia-northeast1",
  "source": "2g3gu8anngqu11nvr36z",
  "status": "022jja1lfsp6b5di9k14",
  "deleted": "betqlny9u5zbnstz3asm",
  "message": "j4qy99qvssxtm3c1jzei",
  "endsAt": "2024-07-12T08:53:51Z",
  "generatorURL": "oci88mo3scl5kpasftxc",
  "project": "3y11kp3yjez7fvip735l",
  "service": "hn8xuqmaqoe9pyiujqq2",
  "assignee": "k4072eyg6t09hf9bwda5",
  "endpoint": "yscl50fg4vnor640okjz",
  "event_id": "586cbadhe57zrfzab6sm",
  "instance": "169.231.235.31:5119",
  "severity": "low",
  "startsAt": "2024-07-12T08:44:46Z",
  "alertname": "xjiyb0meui9ez1dfynel",
  "apiKeyRef": "34iv2z1xm8g4p3v14afb",
  "container": "0rx8isjhupr6l6wkmykp",
  "daemonset": "1lzdarqjro7gmnp8qrqe",
  "dismissed": "93ounbnkvoak5v348ul4",
  "namespace": "gcottb705i3ds6n1eggw",
  "alert_hash": "m3iajdhqll0pxfso5qow",
  "prometheus": "iugzw9lvvii7cvj36obq",
  "providerId": "oseouh5gg25mrxkrshew",
  "summary": "tk2gthlr7wqol12o1oio",
  "runbook_url": "fokj58wnl659z5a33gt8",
  "description": "A service is experiencing a memory leak.",
  "environment": "blyaxhhyg9pp4udb52od",
  "fingerprint": "6p40lshb",
  "isDuplicate": "evfyyt4wsmyf6nmcigvm",
  "dismissUntil": "0wmu7y2unzagf8qu7n4i",
  "lastReceived": "g645fn2w1itdapnqsj0t",
  "duplicateReason": "tm55jau28kzq6hymis4f"
}