{
  "id": "0bxlmqgdm99gdpny0bdt",
  "env": "production",
  "job": "tcxlhh4qtgikhlg62c5e",
  "pod": "r2tx1kkl3ryzgqxwyn41",
  "url": "hlk6ztgfmz5jf461fda5",
  "name": "RubrikHardwareFailure",
  "note": "twsyyv3xhn3d9jwotufo",
  "group": "ls58tuq68nfon381k59i",
  "pushed": "uppzciohuiwtreq6j271",
  "region": "asia-south1",
  "source": "78uib9hm2e4873qrdt7c",
  "status": "0vfwqflkwskc2wt4v4rl",
  "deleted": "50kk49wwnial3v7r96bf",
  "message": "ykxajvj2zh1efvo3tz1q",
  "endsAt": "2024-07-12T08:25:56Z",
  "generatorURL": "xca2s8pnjifjvt67kxdf",
  "project": "ea715bqyipk2f2ut7qf4",
  "service": "xlu9elpycz2w64xijine",
  "assignee": "66j4qwoisavu0jwcib3p",
  "endpoint": "onqbtkjrw1afwbx2odgb",
  "event_id": "vomsthy90qn981rc1wy1",
  "instance": "68.159.242.68:17213",
  "severity": "info",
  "startsAt": "2024-07-12T08:24:22Z",
  "alertname": "3jzix6fdy1a3l9jp5w45",
  "apiKeyRef": "yk5aenfdal9xuj2nz2vc",
  "container": "gjg7yroepvo9mw2h2pca",
  "daemonset": "deu1ltbp46pqz9a42slk",
  "dismissed": "vnmgtcsbzqvdtlfjrb9a",
  "namespace": "btjwfrtovmi1sw6ja60i",
  "alert_hash": "x0vt1o4r2b71b65x9f6l",
  "prometheus": "nalyzxfy9641h5xfn5o4",
  "providerId": "tyypyrg2j46fs25bdq4h",
  "summary": "gkecdg9p2dh4beu0pxjt",
  "runbook_url": "noabd95suzk22rzudrww",
  "description": "A hardware component has failed.",
  "environment": "66dscsnm2l4806k4tdjh",
  "fingerprint": "gbwuhrr7",
  "isDuplicate": "v2qaxe2o3dpvrrzb01dt",
  "dismissUntil": "55t7xlnyxg63w3oinzns",
  "lastReceived": "g6l68q2zd3jyrx6p6ly8",
  "duplicateReason": "tq9qwkef10yfn1kap7qd"
}