{
  "id": "2295u4hpnzr1lwz5wy42",
  "env": "backup",
  "job": "1kgfkciaq3gbe1amfli3",
  "pod": "zcksfydwu1rz80b913bp",
  "url": "39co6o70h5ffgb69b0d4",
  "name": "Auth0DataIntegrityError",
  "note": "fx3syax5gt03h3d61prw",
  "group": "7j188usbaldqfh8nyrc8",
  "pushed": "3eymymd542n6zeyqq5n1",
  "region": "asia-east2",
  "source": "ztc5mk7hfcai92cmog0b",
  "status": "2f4hu6opz8p2hyiw0w2j",
  "deleted": "8v4lsb6oguemjs8j1uub",
  "message": "yvpc7demjyjyblw190qu",
  "endsAt": "2024-07-12T08:57:49Z",
  "generatorURL": "oyi25vd0usu0chsy3e45",
  "project": "y7lc1gmq8ss48afw1kqg",
  "service": "6sgm2jyxa54lu2tcef8b",
  "assignee": "r55kh3zm3pde36ta9plk",
  "endpoint": "szyqye5p43v9bcu7g36n",
  "event_id": "26wgiqqrvnlww2kt7423",
  "instance": "59.82.167.140:51937",
  "severity": "info",
  "startsAt": "2024-07-12T08:53:48Z",
  "alertname": "oyhm3i73xuop4sszbfn8",
  "apiKeyRef": "5r1qytw2jpgxy3ggykpj",
  "container": "97xtgvftw8jcqh6cbhvd",
  "daemonset": "zf29o7mwsinv3vq5712l",
  "dismissed": "f6bh1w2dvac12c5sqc4u",
  "namespace": "orx3a92aptbhbptbouor",
  "alert_hash": "wifri50513mizasadeo4",
  "prometheus": "kg26ve70zk8zheyi4yvy",
  "providerId": "mr47idgrnhx9njb7iwfy",
  "summary": "ahrihyvve101jcgnnuo2",
  "runbook_url": "kmvz2mc9u1gyrg1tcceu",
  "description": "Data integrity check failed.",
  "environment": "jajlk5xf89yyr9qxzm0u",
  "fingerprint": "cs4ohme1",
  "isDuplicate": "ek9amqaf9vpyp6jg7oas",
  "dismissUntil": "ococxn3r3smb8m2m8puq",
  "lastReceived": "474vnc9zqholh46y359a",
  "duplicateReason": "5zft600xzvcezavrxafd"
}