{
  "id": "4p9vakuloyy8t6b2uoel",
  "env": "staging",
  "job": "owud1yrhbtlbr2vwzu2g",
  "pod": "arcco753q08gjikegibr",
  "url": "9yuwb2xpy86h6fuzhzh6",
  "name": "BackblazeNetworkLatencyHigh",
  "note": "a5ofibrf5095er8d5rjj",
  "group": "2azxk1coqld2zefd9fae",
  "pushed": "lc9dyvt3aospd3ep6fy1",
  "region": "asia-south1",
  "source": "kfbwhttv6aykp1w7vjv4",
  "status": "89kiqrm2vzdh8egwkkyt",
  "deleted": "k6a2ib74nuywzap6y4ff",
  "message": "3nhykxfhsqh5zahjifvl",
  "endsAt": "2024-07-12T09:34:06Z",
  "generatorURL": "jv8yc63oqi4nwoz5avrm",
  "project": "0grki45qp1sljecoygtb",
  "service": "8aybd2n2bj7s844zk3ps",
  "assignee": "bt771epyg7tolwaedrja",
  "endpoint": "rryg9r2falwhadq3pqxa",
  "event_id": "qvgjidxsv06k83fs1oep",
  "instance": "153.108.105.82:16249",
  "severity": "critical",
  "startsAt": "2024-07-12T09:33:47Z",
  "alertname": "lii0qprk9a03hc7qrar7",
  "apiKeyRef": "ctgeifzll32jtra8v1qt",
  "container": "qp5uk8khbkjxraswrkz4",
  "daemonset": "ggqsas2qp6nl8glcvxuk",
  "dismissed": "fptc22udvgqnj11dok2c",
  "namespace": "2serluzvid9nv9g252pl",
  "alert_hash": "6e0w2f72cffkaewkwt8i",
  "prometheus": "jmsa6r0vk6eaq1qzwyyq",
  "providerId": "ztqa82ewu28wp5068c2b",
  "summary": "gsi13lyfxxrbbryji5h8",
  "runbook_url": "lvcc26k20a9zcu0yft08",
  "description": "Network latency has exceeded acceptable limits.",
  "environment": "29hkj92vyvzi1zrk6a8l",
  "fingerprint": "p6zeruki",
  "isDuplicate": "ltekftdt3k80uun33ket",
  "dismissUntil": "fo40mqwdpupbieh6kp0e",
  "lastReceived": "oc4shjak60ff4pqdlbhv",
  "duplicateReason": "m3ngywfeghnl4vvbtm7p"
}