{
  "id": "etdjttx0e8i79oicyku9",
  "env": "integration",
  "job": "5254zzzdpnep9gev0usy",
  "pod": "zqb2kq40kfamv4dlakjw",
  "url": "pv0w3ty9zfpxzz8jw1eo",
  "name": "MicrosoftTeamsCPUUsageHigh",
  "note": "ti86td3tewoxrwf4k1to",
  "group": "06dje956qhw4658ayt2o",
  "pushed": "duc0ilwfkw5oalkegz47",
  "region": "asia-south2",
  "source": "gffz07bcdernq64q3c5z",
  "status": "ewpqug6tjtbsrk8ezf8r",
  "deleted": "6lhebm5xcdgcgj39xb3n",
  "message": "vgtbi9lzjfvjcwd45egk",
  "endsAt": "2024-07-12T09:06:54Z",
  "generatorURL": "3b9i998z9s4wd1gmuynm",
  "project": "n1ziq7jdklzut14zy21a",
  "service": "urj5xh77tpzujx2rzdgp",
  "assignee": "lfi31x0ms06s874jxbfu",
  "endpoint": "jed3v0daqkkdhpp5v25p",
  "event_id": "fpphs0wqjrhzlx9hqp5j",
  "instance": "122.122.166.184:55741",
  "severity": "low",
  "startsAt": "2024-07-12T09:02:37Z",
  "alertname": "zwh0lqbka266v40pr01u",
  "apiKeyRef": "2xfcy2rrxglonh6gzqrq",
  "container": "8ze19ld2ej3vddg656u3",
  "daemonset": "tyuml4av5owsqb870tv8",
  "dismissed": "u467zs1719krrriyxmkm",
  "namespace": "slgug41t1nq5en3g3t76",
  "alert_hash": "lrq32j669zlvocd3csql",
  "prometheus": "33zrbu2ywxydkamwfrv9",
  "providerId": "wv265mcko1gi2b5533me",
  "summary": "dm7pfqrfhf57lf14gmgq",
  "runbook_url": "3qg6daoahrn5vt878v8l",
  "description": "The CPU usage has exceeded a defined threshold.",
  "environment": "9atycadep07h5t060ikj",
  "fingerprint": "kiec7kvd",
  "isDuplicate": "vomn0z1keh2c722bigwu",
  "dismissUntil": "v1xp2zapq0tvcfn2dfez",
  "lastReceived": "zzpc720lpdy0yviokml7",
  "duplicateReason": "p4khxw6uv2vghindp98q"
}