{
  "id": "5ziwaeq6z990wzp2zyzs",
  "env": "qa",
  "job": "iery1c0ugagcc64hhi02",
  "pod": "vl9uomw8tw5mr0te9smm",
  "url": "x5ezlzwmq7fpeafzf9ho",
  "name": "NewRelicAuthenticationFailure",
  "note": "xap5kp7qidum5fekwkc9",
  "group": "1g7ymkhw71bvco531qun",
  "pushed": "fblvghcabkkr6s8vd6au",
  "region": "asia-southeast2",
  "source": "75qoi0zk0hqqxo2395sm",
  "status": "apa4bym4xa5963u4jt4l",
  "deleted": "7lx23b01meqk2453s2ou",
  "message": "zecg636vyp3ycuadujuj",
  "endsAt": "2024-07-12T08:18:03Z",
  "generatorURL": "y67auaku4ipnop1mm667",
  "project": "tn20f3ajlc128d71j560",
  "service": "n6nzxzn0oloel9wrsegy",
  "assignee": "evnxnar20ct6q1mxm2hn",
  "endpoint": "744hdc2xn5wmwq4riwqs",
  "event_id": "y6swkszhqzbi4mk6e3bq",
  "instance": "1.169.226.207:55692",
  "severity": "debug",
  "startsAt": "2024-07-12T08:09:22Z",
  "alertname": "oug1mnltbxtxfw11gmuj",
  "apiKeyRef": "g6ymt8c7pzmxas40ttgh",
  "container": "66ko4973eqr4ej8jddlw",
  "daemonset": "28fs97r1npbjn3x4n2lt",
  "dismissed": "gfimy7mx65yrfczk6w1o",
  "namespace": "ro71jq9iwvyu2k1ftbmx",
  "alert_hash": "a6ryzaz0zkp0voj9hhv3",
  "prometheus": "tzww1hfwnjsyfm7ww8q7",
  "providerId": "xbx8jkjzehm761yya0ol",
  "summary": "fjr67td95c1s58yr7ilm",
  "runbook_url": "otn91k3smildg5ejbcdp",
  "description": "Authentication process has failed.",
  "environment": "9mfzn4nu15bnkmo1z8hl",
  "fingerprint": "z2ml9rfw",
  "isDuplicate": "pj6bte4le0v95yegoom0",
  "dismissUntil": "wvoldnkcxo67fth0wfh5",
  "lastReceived": "bymiun3x0bb6n8nstj6c",
  "duplicateReason": "yla14y9uinr63pca31ze"
}