{
  "id": "bsz1wp7l00fpo4av79f4",
  "env": "development",
  "job": "n9oyjugrtvygwqm4i4h1",
  "pod": "oey3z8iqkruqhdeipl5p",
  "url": "wftdksjx8g2e4j2xl7uv",
  "name": "MongoDBAtlasFileSystemCorruption",
  "note": "w5beejzeab8rm0rq44xw",
  "group": "331tgn3qgplae5oi5n80",
  "pushed": "6swg7bqdtbp3v9xa55hc",
  "region": "australia-southeast2",
  "source": "ocrgc7bstqjifg7l90ri",
  "status": "6c5rreck6ncxxo2ojwc6",
  "deleted": "o6bl7wscodcrxplaiuji",
  "message": "pi4h60bbtax2q3oc6gtz",
  "endsAt": "2024-07-12T08:09:05Z",
  "generatorURL": "aeye9lspacszz5iu065r",
  "project": "qmmpykg5vpao4zx0z17n",
  "service": "oyjuwy1saevu78vgwnys",
  "assignee": "yxa7p8jfznv82cldbren",
  "endpoint": "nzbpfg39hbboxeeejkwz",
  "event_id": "058b4zh5nuhrktenv0mz",
  "instance": "169.231.235.31:5119",
  "severity": "medium",
  "startsAt": "2024-07-12T08:05:07Z",
  "alertname": "yu5fwttbbp3s27li53f0",
  "apiKeyRef": "bj4gve0fowebrcjvdghs",
  "container": "tzp9xmd9kl3m0i5hjmey",
  "daemonset": "welm101da9e1uouif444",
  "dismissed": "6f41gazcz0fvkyk1bv4h",
  "namespace": "3evuhjcc6i9l81fsunf6",
  "alert_hash": "g1tx2g5skvgz00xr8yo1",
  "prometheus": "dntacuydopk2gytdelly",
  "providerId": "dl7yv0ag9j6wohwlg1qq",
  "summary": "fdlyhuj2edo1fxeejw2v",
  "runbook_url": "pga4zs77ohbu2z7hlwi1",
  "description": "File system corruption detected.",
  "environment": "9wbv0xvk9saoefnjaf47",
  "fingerprint": "9jumiy6x",
  "isDuplicate": "k0y269m893tv3sqj34s9",
  "dismissUntil": "hvzmtbcured2nj2t0mjj",
  "lastReceived": "0y1cvhsuh61urckwuz5h",
  "duplicateReason": "flrri3rktlwv25g2z5gc"
}