{
  "id": "xgxpn1f44fnkx1kkxtkz",
  "env": "development",
  "job": "0y4wpenm9unx2k09gd1a",
  "pod": "4061g1o36jhs7qmhdob1",
  "url": "olrpewok9uxnbonc1ulj",
  "name": "GoogleBigQueryServiceDependencyDown",
  "note": "lfafio20oq75w82fpkx3",
  "group": "a9q10sy76j9luaa8b204",
  "pushed": "ly855x3pc9u6nsjaueg9",
  "region": "europe-west2",
  "source": "ixpv2xhzs7kmo8q9i1gk",
  "status": "c46ul3zarfwre9rd67yr",
  "deleted": "z6aj2zgz85zwrv500lj8",
  "message": "ywyw988pvc772lnw8tie",
  "endsAt": "2024-07-12T09:53:10Z",
  "generatorURL": "gixxx9b81m4uir2eau8z",
  "project": "us2ws3uq94uom0z9470v",
  "service": "1xtnwo9x9a10uq5lkesi",
  "assignee": "yhvfzzvo5ejdhq89sihw",
  "endpoint": "3ov9cn4l218wxllaabfh",
  "event_id": "4406slhtbdg4o9z2hgzp",
  "instance": "53.145.86.9:46832",
  "severity": "medium",
  "startsAt": "2024-07-12T09:44:40Z",
  "alertname": "bpfgce3jt2oiy0clv5xa",
  "apiKeyRef": "iz9wsprdcct6nli1zsoo",
  "container": "xjbf8vvu35eqn2oqr3c9",
  "daemonset": "ln2zkvugcur4sqn9mc7r",
  "dismissed": "qppnfz0hw9gh0vtwbijc",
  "namespace": "vlt0vejjvqhwwktrzn4y",
  "alert_hash": "y4fw122n7o15bm9bjxzw",
  "prometheus": "qjk3vre5gn18i15low1o",
  "providerId": "bnechrqy3354y0dozh0a",
  "summary": "8flkt361lqn5lrecdcsv",
  "runbook_url": "7eskv8o9h0qcf6859z8v",
  "description": "A service dependency is down or unresponsive.",
  "environment": "oojvvyfeuyvc0b7c8yhe",
  "fingerprint": "7def0i5m",
  "isDuplicate": "3fswgcy6inh8reyfzev7",
  "dismissUntil": "khxiazq4qk11y4z1g6jb",
  "lastReceived": "0z2l6o77pky1wydfukfo",
  "duplicateReason": "t9iy7p9znp8q0eruhik4"
}