{
  "id": "fv6c4r6a2r84xpycckqx",
  "env": "development",
  "job": "5hjwrncyaih1j44cujrg",
  "pod": "ycp6uabb5ykstyjn8cab",
  "url": "vssh64vuzck5q2gamttj",
  "name": "GoogleCloudCDNConfigurationChange",
  "note": "qcxwu1gv2hhv9iud90py",
  "group": "kw3k74q90c7o0luefvfh",
  "pushed": "f2qkttnzqncvlx0usen2",
  "region": "us-west4",
  "source": "l8ghjeby89a8kv7wkkyh",
  "status": "a6nwn2cwn0bxp3n9en21",
  "deleted": "h34tm9nhb7a572oq8q99",
  "message": "y9ylhidiol7ttm3pcmpq",
  "endsAt": "2024-07-12T08:52:57Z",
  "generatorURL": "ho5hm0evv5e3eyyu04uy",
  "project": "1xjskag5p99e2gui6eqi",
  "service": "uf53o2igjznful9nv1cm",
  "assignee": "55r6q5kzye9pkdq1l4yu",
  "endpoint": "1y2qlv6l5994b4gev1ns",
  "event_id": "yuey0fh5mpd04lsdv622",
  "instance": "53.145.86.9:46832",
  "severity": "critical",
  "startsAt": "2024-07-12T08:50:56Z",
  "alertname": "4icpsmzjwbs6b16mszf5",
  "apiKeyRef": "z96b3envpsl9ixd718te",
  "container": "djj2so9v2bs2a28llpnb",
  "daemonset": "j445qc2h8ohm6c84ixaj",
  "dismissed": "r8ln8hf0cxlfpv3me9be",
  "namespace": "ufwp77x741qwj8x2xenv",
  "alert_hash": "5fl6ou0a0gekm1utlmj6",
  "prometheus": "b9j5ucrkfs9wc2ed9vz4",
  "providerId": "sezvddc4g6vqn2nb83m4",
  "summary": "88po8zjpwqe077r9rrvb",
  "runbook_url": "tkqcwpj0do077bxk00js",
  "description": "A critical configuration has been changed.",
  "environment": "7gy8tx8b541lk361fla5",
  "fingerprint": "kazwqgkh",
  "isDuplicate": "lslp64j9ps9tcika0avx",
  "dismissUntil": "6g34lsqyuzem3bxigni6",
  "lastReceived": "9gset7k40ozmifsssgs8",
  "duplicateReason": "klq8zapdir6bdizzbyas"
}