{
  "id": "fqubp2un7252wzmu1yi6",
  "env": "sandbox",
  "job": "w6yb3ak8765asz8bgobh",
  "pod": "3o3yz9higr7o7m9f62ud",
  "url": "fkcjhhxcl2hbvae6i9n8",
  "name": "MicrosoftPowerBISlowQuery",
  "note": "ged1tny9pd4cvzm07t98",
  "group": "m8ljbod53cf2f45q533e",
  "pushed": "oviqocy1xs8z843tyl92",
  "region": "us-east4",
  "source": "6t4q0tpnhmh1zrpp0en8",
  "status": "ukwzo87nt9n4hyl9q62b",
  "deleted": "4huy7t4a1g4nd94rmty8",
  "message": "6xa95fskp1m4tjwxzyfm",
  "endsAt": "2024-07-12T08:20:26Z",
  "generatorURL": "d5mfmz32um70fas4r7r4",
  "project": "q3osuiagoc1m6u40qjj5",
  "service": "qyupen0fbdbklyykjjb1",
  "assignee": "p0a609tn3mze0y88zdx3",
  "endpoint": "bwghgwaelefj6np4sttp",
  "event_id": "j58ikfj35wlqv9oelk5c",
  "instance": "53.145.86.9:46832",
  "severity": "info",
  "startsAt": "2024-07-12T08:13:13Z",
  "alertname": "9f7ozgmz4ryoyu9w0pql",
  "apiKeyRef": "ggfe16bhwx9p5v0kagqc",
  "container": "6pwr4idif75rj92w6x56",
  "daemonset": "wvomtpo03q3vnrb8xrl0",
  "dismissed": "bskmaqtagg3w83omvk6v",
  "namespace": "q1xer2y3uout01aw5tga",
  "alert_hash": "2jb5n9gkpuuxhipe1ufo",
  "prometheus": "yr5uhhod30y35ozk0lx0",
  "providerId": "g8sqqzoftn4lpkvsxnaa",
  "summary": "35wokrmw9b3c4xmdocia",
  "runbook_url": "uk6z1da56uci3j8b952k",
  "description": "A database query is taking too long to execute.",
  "environment": "5jnvbarkyfs7s4pas62v",
  "fingerprint": "9ld5g0qc",
  "isDuplicate": "t4p0tlx4r3at7wnfat45",
  "dismissUntil": "70b2k7uhqt88o61uvg1w",
  "lastReceived": "p1duwqalpq68wl2z6rcr",
  "duplicateReason": "0kq3k3zsoaqzqcaa2diy"
}