{
  "id": "i7musg06jp1s2rkibpv3",
  "env": "testing",
  "job": "zbdw204grnn67ga2023e",
  "pod": "bsjcnk6wcn5enqt7dvnh",
  "url": "hlaf9y8nzvnzts1z478k",
  "name": "AmazonRDSConfigurationChange",
  "note": "v16lbpzl223n7rjp6fdf",
  "group": "4u3kw9kefa4bk6c3k662",
  "pushed": "83la9b3l57sfkvqc0tes",
  "region": "southamerica-east1",
  "source": "7wfk1oa8lyokjegjckwx",
  "status": "0egs7k64a226452r8kc6",
  "deleted": "s0aig33wer0xxknmc09k",
  "message": "rnw65x21ahzvnug18xgi",
  "endsAt": "2024-07-12T08:40:59Z",
  "generatorURL": "mie0vcopvxwm0ydah3yg",
  "project": "7ks8irkg7k77w3n2lznc",
  "service": "xdy8e9stlvwmaskexkzk",
  "assignee": "0fjbuv60kgpbjkcmipi0",
  "endpoint": "1zltgfie0x7vzq0q5ysf",
  "event_id": "5vr73qgbp04hqp9vcuwo",
  "instance": "75.13.132.122:28020",
  "severity": "high",
  "startsAt": "2024-07-12T08:33:10Z",
  "alertname": "kmhuphjhr7gcevzbjmiu",
  "apiKeyRef": "i773mj3qtxibcgpzt7c8",
  "container": "ga9mv3qsj7fly05ijrf2",
  "daemonset": "0jqt9ed211rqdyn560m4",
  "dismissed": "afuwqciouaucsq3llhxp",
  "namespace": "3v53j4ypxqe22iney541",
  "alert_hash": "c23pyovie1toz6wvxpdf",
  "prometheus": "canotigsd48nylbgz5ja",
  "providerId": "hx2j56f2s1jzpck48d0p",
  "summary": "7oh6psfgcjrzpa0tucbq",
  "runbook_url": "5n28driew9e62slxmia3",
  "description": "A critical configuration has been changed.",
  "environment": "qu8uon249yc288ah0ih1",
  "fingerprint": "l89zgsl5",
  "isDuplicate": "9xogl543l0vfksbn17lo",
  "dismissUntil": "d1oj9zvw8sq6svq8ct19",
  "lastReceived": "68mjghgzri5izxezvcon",
  "duplicateReason": "a2cwymfseznbk197caeq"
}