{
  "id": "ihb4us6v8du9owyfs5y9",
  "env": "development",
  "job": "00xavsp5npm40qfg9uiy",
  "pod": "xfxb7iqs80ovgdg8xa1g",
  "url": "4nbo7xmz020ep3oevjxw",
  "name": "AzureKubernetes ServiceLicenseExpiry",
  "note": "68g3thfwqonpn0x4oj8s",
  "group": "yqh86whgc3b7tu193tj4",
  "pushed": "0dksc39e2jwn7zzdvay2",
  "region": "asia-east1",
  "source": "6j3vu4di3ripjiwxjp88",
  "status": "v5m4odfhezrde080fthj",
  "deleted": "gq6gpwjq9v1988ynd9rf",
  "message": "ifq3vyl8f4suv5lx0zdb",
  "endsAt": "2024-07-12T08:18:39Z",
  "generatorURL": "kfsjyq7y2csnk62ixmp4",
  "project": "0jst1f1ey53ish19791m",
  "service": "w4gzey47bbundxdqc4w2",
  "assignee": "jlfkb5xfjwi9a30xdfdv",
  "endpoint": "ppyg90es2zn79du671vc",
  "event_id": "u3pq061x4juw156i7aoy",
  "instance": "122.122.166.184:55741",
  "severity": "critical",
  "startsAt": "2024-07-12T08:16:36Z",
  "alertname": "cghcgw12zvns367u2l0y",
  "apiKeyRef": "frm4y1owbbbgh27ceb7v",
  "container": "b0pwuj229qul2z5fvwxv",
  "daemonset": "lo3n8dyhuf966uh8r83c",
  "dismissed": "q3958py2pngg19r8w7nk",
  "namespace": "6tlhxgq4mwmuw4dxa4gu",
  "alert_hash": "hdx2zfdyay4th6qmtjt8",
  "prometheus": "bamrs9xob5870dq5169o",
  "providerId": "gy60dk32hl8d0sh9j39p",
  "summary": "nk1vd4ez5upbx326gn4d",
  "runbook_url": "29xxf9dpr5226p9a5l3x",
  "description": "A software license is about to expire.",
  "environment": "e4tmmoofgpyvm6pd2ldt",
  "fingerprint": "mxeu63wr",
  "isDuplicate": "pex7e5liq4p1wz6or1gh",
  "dismissUntil": "sa9kivafoyf3gckflea3",
  "lastReceived": "wo02es52fh0okh12f31y",
  "duplicateReason": "gzuypyasx9z7l8t72ak3"
}