{
  "id": "furim1309u8ujn3xkvwy",
  "env": "staging",
  "job": "ijoofxb57a8clarl0191",
  "pod": "81f3cq7g7wyp6cuz5amk",
  "url": "xnuhiymzpbkbeqef3li0",
  "name": "OktaServiceDegraded",
  "note": "q6aza67vi0hsy0qsea9w",
  "group": "v6ghatpbhhkv2kxth398",
  "pushed": "m9apc1al8bittoxn4oni",
  "region": "asia-south1",
  "source": "3zhz4xl9i36kthu3g641",
  "status": "kknov2j9m3geelaxmubj",
  "deleted": "rrnyba0llw8xovbet0wf",
  "message": "926x2eltrts2rc15u0sr",
  "endsAt": "2024-07-12T09:48:06Z",
  "generatorURL": "ekjae9p0ymcdhd6dmdcq",
  "project": "8ymnswquc0w1oa0olur8",
  "service": "7nhc9d3wg5zoxjb2kncc",
  "assignee": "rh0hoki1ci95rkaemfbv",
  "endpoint": "l6qxb52ekldbxyamebtg",
  "event_id": "n8ww1jetghxdzuma2e6l",
  "instance": "52.31.16.26:59560",
  "severity": "medium",
  "startsAt": "2024-07-12T09:43:45Z",
  "alertname": "dzuipoznluxitpnxlfh1",
  "apiKeyRef": "g3lzys0hl65mex1h3ou5",
  "container": "g0equ05nhk0ap9mfjpyt",
  "daemonset": "58s3c6hisuipc3ervjb9",
  "dismissed": "hi08wet9okbimro1njuw",
  "namespace": "m535f4v4skri5eavzlwp",
  "alert_hash": "v4fi9tqbm266pzt6bpqm",
  "prometheus": "2g52saoqcp57ls9r5uef",
  "providerId": "38qnqn7rb45u0wu6jje4",
  "summary": "u6h2tjv13e3oqnop8lua",
  "runbook_url": "qkfnuehcs6tcw4js67bj",
  "description": "A service is running but its performance is degraded.",
  "environment": "b70swntgbo6xz82bbb1a",
  "fingerprint": "de69lo3k",
  "isDuplicate": "0bdb148k8hgm8rahx9j3",
  "dismissUntil": "c6s2u967oz3ux1oviggz",
  "lastReceived": "4nuomzpaa02pdcuu8ql0",
  "duplicateReason": "b8tm6s8xqc0wg9tziwax"
}