{
  "id": "66j4fnd1kwojsg6doci2",
  "env": "testing",
  "job": "qicfpgdoso5mqc6zwmhc",
  "pod": "tb1beyzdqbe2fypd65ax",
  "url": "y9hazbinemmr8zjg5inw",
  "name": "VeeamBackupUnauthorizedAccess",
  "note": "0h31fsxqcwiahjd516fz",
  "group": "odvf1zf9l8pdtqsigme1",
  "pushed": "564rajv88wmk7t8da57l",
  "region": "australia-southeast1",
  "source": "h93d7p6rwc0axm8m97gl",
  "status": "q13u0l617rmj3fvivasb",
  "deleted": "wa8nzltkatmvg48vp8am",
  "message": "dhoaj60znaqjxphsy11h",
  "endsAt": "2024-07-12T09:44:24Z",
  "generatorURL": "d5kgm31daclcjlbe256o",
  "project": "e5mai4i337wtuqztyv7z",
  "service": "hc5bkswaoou69d7nabvq",
  "assignee": "fk69kvakw7cgns6ehfnr",
  "endpoint": "bwl9n0tefj9dp14ed620",
  "event_id": "d2qu5rx1nsbq4uqgzmcf",
  "instance": "153.108.105.82:16249",
  "severity": "critical",
  "startsAt": "2024-07-12T09:36:27Z",
  "alertname": "z8mgj86plgr00x8isr34",
  "apiKeyRef": "80inwr3yy5ymprx90dt4",
  "container": "ugap8e91flouev0digb2",
  "daemonset": "tzr6tbv3w14uzjzkisai",
  "dismissed": "csezs8guqjbayq7bj4we",
  "namespace": "mdyi2rp234lateioqe02",
  "alert_hash": "yxrt6oo0quhb4wicv6ik",
  "prometheus": "wxicbnw9db1mc7c2rfet",
  "providerId": "nbij4lwl34bts7lwop3m",
  "summary": "0tmtusdbdq8c93u6a1tn",
  "runbook_url": "zw6ub9wfzveuexlnstrr",
  "description": "Unauthorized access attempt detected.",
  "environment": "7fu4ufonf2qc8oef7vnc",
  "fingerprint": "pdzt8ar2",
  "isDuplicate": "3arm7owczr0xmftalqu1",
  "dismissUntil": "tvqpy4lmmoztzlcbqicd",
  "lastReceived": "756v1w5mdm4e7aqhqcg4",
  "duplicateReason": "rm2rq3mqu0bau1bbqwyp"
}