{
  "id": "xypxsldxvrri8zm2koqt",
  "env": "sandbox",
  "job": "88mhuysmkyl1keq73vkm",
  "pod": "9gpeqjxk6jcxuvg7f7hk",
  "url": "waay6c4uvqawqx97pm5z",
  "name": "DockerSwarmCertificateExpiry",
  "note": "koqlbxkdunxwpkqeabuw",
  "group": "mwyg9yo0uyfugbch0oty",
  "pushed": "xvuiu3ye2d9hz7m0foy2",
  "region": "us-west4",
  "source": "mb9nh3duzcoxflyk4feo",
  "status": "enn0mog3tjgzzxw8m52s",
  "deleted": "ayziddum5lypqezdjy8g",
  "message": "3ijsvla1f57rjyttdbld",
  "endsAt": "2024-07-12T09:51:43Z",
  "generatorURL": "elic02svmmk4kdvap2ct",
  "project": "wx4dgucsrpwo3xidxrv3",
  "service": "2tioxln5noxza4drghzj",
  "assignee": "tpjmqgwe1qt6usxh1k28",
  "endpoint": "szk1pq96u73tqd658a5k",
  "event_id": "4517m92ni69ndktrpb0g",
  "instance": "59.20.155.185:44393",
  "severity": "critical",
  "startsAt": "2024-07-12T09:47:18Z",
  "alertname": "acnqz9dt4gr1hyh4frza",
  "apiKeyRef": "hf3xme8j192f5kbrbnir",
  "container": "tdfq41qpquzvwqjj4p34",
  "daemonset": "1z3tfu3gqqn6dysdixp1",
  "dismissed": "8udmbd9ycder5gc6hevu",
  "namespace": "pbyg8rs3t60ay79yitug",
  "alert_hash": "htqu6fvar4wnmyvt5r05",
  "prometheus": "n0gq3wuh4yd5lytn48v2",
  "providerId": "7mhzjlwqc5o5bh3sqzpf",
  "summary": "izyz5lzwjc91vvl35wrc",
  "runbook_url": "q5wqnigw461jzrwnubzm",
  "description": "A security certificate is about to expire.",
  "environment": "3a9h5q9x0ihxcnyfdscz",
  "fingerprint": "aiv5rsw7",
  "isDuplicate": "rrldx1u4u2bjolexgdjd",
  "dismissUntil": "i7itubu5vrppw1orx8n0",
  "lastReceived": "05i7jyg87866r2pvem3x",
  "duplicateReason": "waoeuas7qtrsvma96ejh"
}