{
  "id": "w93k3hy6fu585rwhw2j6",
  "env": "development",
  "job": "imu4rl2opyu6kkpkouzz",
  "pod": "nz05u9qjxtz91h9mth2v",
  "url": "6el64didm6812fhjh6ge",
  "name": "AcronisBackupNetworkLatencyHigh",
  "note": "jgbtrvza5w3k42piqxpx",
  "group": "qjgyqwgafcuwvcrd5ziu",
  "pushed": "bvqc9m91is80cldwapcf",
  "region": "europe-west3",
  "source": "7qvzgttlp0v5kczyhh5d",
  "status": "h2mfjqrs9451ex8ain8p",
  "deleted": "y4gb4585cph0s8fbocpi",
  "message": "m3ezjoanfh9dtg048wx9",
  "endsAt": "2024-07-12T09:20:36Z",
  "generatorURL": "zslnky1tecxvg7r2st9e",
  "project": "3gbyceoqsj0u0qinsq4q",
  "service": "8rlrmre051fhpdaxeyd5",
  "assignee": "bg6i0r87ex2yfl4jmx0y",
  "endpoint": "sw16jn14d5laowjsqm1d",
  "event_id": "0y173n6ose7bodyvijg4",
  "instance": "122.122.166.184:55741",
  "severity": "warning",
  "startsAt": "2024-07-12T09:10:44Z",
  "alertname": "1lb40rzgdteoc4usf9ar",
  "apiKeyRef": "j6ldfp80aaengumofr95",
  "container": "vepycmnmj0pgamokadr7",
  "daemonset": "1otdopo570ukzr8bg0mn",
  "dismissed": "v7rdox14rocnvhbivyuv",
  "namespace": "8cr0h4gndnfolm0v0gng",
  "alert_hash": "fajp6cfedm4h17som2nu",
  "prometheus": "8f2y95smcmk7qy5iegve",
  "providerId": "6ncwkjpsqlo7yzv5mvt2",
  "summary": "84gg672gjd90yszxkqc3",
  "runbook_url": "egla28fg32lzp05pqfdp",
  "description": "Network latency has exceeded acceptable limits.",
  "environment": "wqzseizgw59h6v5vws3d",
  "fingerprint": "zy89jy9t",
  "isDuplicate": "3l0whmf9w2r8dxzu39c3",
  "dismissUntil": "k62ttnjcq4vrf2hiu4k4",
  "lastReceived": "zjlhirqyd7ha0r1fxuus",
  "duplicateReason": "7zjx5umqhyzu8mnhoxee"
}