{
  "id": "2aoj9mfy4dveuz4yky0g",
  "env": "sandbox",
  "job": "rgbwlohkcuh8z27mhe02",
  "pod": "u3p06vj5j559viskyto0",
  "url": "bfhctdmh8jqrn2siwoq5",
  "name": "DockerSwarmDNSResolutionFailed",
  "note": "59b8h9aetg5uboqpq1z4",
  "group": "n1b84hxbp2uo9dh6ewva",
  "pushed": "s8gir2in6mgkokpg6m67",
  "region": "europe-west6",
  "source": "iwfd3zgowqxe9ogthm55",
  "status": "0lb6dcpnjioz2zoxj210",
  "deleted": "u56bd1g66yg0av0qkgu2",
  "message": "ldlv17nju90fkkm7ypyl",
  "endsAt": "2024-07-12T08:28:12Z",
  "generatorURL": "8e0qepzdvu1noi14z3d7",
  "project": "g0n7ukufc82xjk6tn33w",
  "service": "06f5hi3iowvjt7wlw9rr",
  "assignee": "b7ywpa1ohivdnsw2gre6",
  "endpoint": "yayh7ruza8u4m67bmbgw",
  "event_id": "r4hhg0tnwlzgjtovyju1",
  "instance": "201.27.99.60:29131",
  "severity": "high",
  "startsAt": "2024-07-12T08:27:44Z",
  "alertname": "k7sojp9kd43q225ibc17",
  "apiKeyRef": "yszv6p1lcujiz1uy3lkq",
  "container": "ikpn7v2tnbsaemr0b7va",
  "daemonset": "v111mrrwxwji1s2f292a",
  "dismissed": "p8ykb80520inj18soabg",
  "namespace": "ktnugfj7nxqvx7ny03co",
  "alert_hash": "wymfgyhi5lwi6dvtrzl0",
  "prometheus": "wzakg71qtqxwwzfabenq",
  "providerId": "rzczrzsaepeoy4rcerfo",
  "summary": "wa3i8g4kd9hu31vsc3i5",
  "runbook_url": "hoj8auam35anrj1s6i50",
  "description": "DNS resolution is failing.",
  "environment": "rl46hoi01a9px7terfoo",
  "fingerprint": "9jg9vnh0",
  "isDuplicate": "t4eu32odi5lbuam31sum",
  "dismissUntil": "7nbb7kklh17md15aknag",
  "lastReceived": "f4k7edfhlfqw4gxnu83r",
  "duplicateReason": "c3fcsp06odjer50us7yn"
}