{
  "id": "cve7thil83wpf6o9p631",
  "env": "pre-production",
  "job": "w4ytr18an10lux1snvas",
  "pod": "zcdqb6kns929ejnlcfcp",
  "url": "dldjjyqdwkkpy7nuijcy",
  "name": "BackblazeLicenseExpiry",
  "note": "m4r2sjjhnyqv0xmzazdz",
  "group": "ns9u5wngh4099d4kfysb",
  "pushed": "lpsyimtqsy6h22ervrp2",
  "region": "asia-southeast2",
  "source": "b8krzahxdz49wpinbieb",
  "status": "ddr8vuf2pp6jktzixn1b",
  "deleted": "md2vey0kdw7h9svt7tm0",
  "message": "g4qhpbx75zrijgrvpuai",
  "endsAt": "2024-07-12T09:26:31Z",
  "generatorURL": "bxujaocoqmcw6wb43ujv",
  "project": "4s9hmeahipgjektmmck6",
  "service": "xe7gxfpen1mvj5604tp8",
  "assignee": "nxxy347k73vnzt8kru4l",
  "endpoint": "3k4m5kdqf6aa7pdilskp",
  "event_id": "0gns8hlpxzwvttd59pnk",
  "instance": "164.231.154.138:1187",
  "severity": "info",
  "startsAt": "2024-07-12T09:17:01Z",
  "alertname": "mcg6y6eaxeaspvtsrx5f",
  "apiKeyRef": "r05lakda3pgat5qvgydf",
  "container": "kf8olrm2amzazcyaqoy6",
  "daemonset": "azx4hfgbkt6yvynq3ytz",
  "dismissed": "s17mv7hsoa6mnsgiz1z7",
  "namespace": "kxliegnfylee5t35gsow",
  "alert_hash": "394vcpn3wcvem4xs9lx1",
  "prometheus": "hlhgevwdz6psjps1j9t7",
  "providerId": "q3x7i3nx4tb2g4yieomr",
  "summary": "9zr7rergbdh9g0h6r54s",
  "runbook_url": "rz6ozf3zddc16lmnk4yh",
  "description": "A software license is about to expire.",
  "environment": "6ik4go2bo1dik0c9adbc",
  "fingerprint": "hajvmg4j",
  "isDuplicate": "3s9egosg1gc50489obvj",
  "dismissUntil": "swgbizbe4c9hptbqa0h5",
  "lastReceived": "m7gmxg8hknymkhcdnkxp",
  "duplicateReason": "houwu0ddv1pp76li0nq4"
}