{
  "id": "zsvong14uvaz2dp2u7q4",
  "env": "staging",
  "job": "ep4y1gvv3fo10k02erje",
  "pod": "xvje9j2bw9agvbm9ilxc",
  "url": "d4x6bjvh6m625ign40ve",
  "name": "TableauDNSResolutionFailed",
  "note": "ucbid55aih6obh3ydmgm",
  "group": "tbj4wxeup9rdhf6svw3i",
  "pushed": "ntismwsu80w6cio4jzkp",
  "region": "europe-west4",
  "source": "36yn4o1fa5fvw7f0055b",
  "status": "vn8nm67mv46e5krozo16",
  "deleted": "jjzjw9ve6q64ez6ew0q1",
  "message": "wh4ijta8an3ud08k02yn",
  "endsAt": "2024-07-12T08:15:15Z",
  "generatorURL": "3c1f97a1wlixxtjppe7q",
  "project": "w1ynbvn4bkbkci1nz623",
  "service": "phtxxbhyn20i9nezlq0f",
  "assignee": "m3xn4m06xgxsh7m6qjkk",
  "endpoint": "vc5cwsnhxkomyl0nv714",
  "event_id": "stpxmlrvd2yoixnb1ac6",
  "instance": "246.246.60.160:42570",
  "severity": "high",
  "startsAt": "2024-07-12T08:11:50Z",
  "alertname": "b8i2xcosb9kmlqvmr31l",
  "apiKeyRef": "18atlph95147odhf3nmv",
  "container": "tev6c29l5za91mwyz45y",
  "daemonset": "rja64j37gol49xtr7nm7",
  "dismissed": "furw6vo3hoqujsl7pf16",
  "namespace": "e5vjk2qm9eoj6rid8dal",
  "alert_hash": "pqxbojdr4dtpfuaxygdv",
  "prometheus": "f44n4jaauxj4v8vtqxmn",
  "providerId": "vdmewhfwcxb2b8mqasb0",
  "summary": "dm5119pcaeznvn8mskie",
  "runbook_url": "q4fvovuv6xa552sj9xzd",
  "description": "DNS resolution is failing.",
  "environment": "qbgrw3ig9bnwropysajw",
  "fingerprint": "axugsvoq",
  "isDuplicate": "45l55ol53pqc79gtyep7",
  "dismissUntil": "u6eykj6on3acw3slzc5p",
  "lastReceived": "rc37foew3ywx7ptkgovv",
  "duplicateReason": "pmueipz0ooy8kbig5fcr"
}