{
  "id": "yimm07cg4g2ut1cucg7e",
  "env": "testing",
  "job": "cyv11o4yu51qb8r7d9z0",
  "pod": "dghjee9v1sl11so55hyw",
  "url": "tvatxx2g6ek6k5h8gazj",
  "name": "MicrosoftPowerBIServiceDependencyDown",
  "note": "cln9n0j830liimh3shpp",
  "group": "q5nz9pdtlzj2h7is8l34",
  "pushed": "od3wcbw4x25fx2u3wqgy",
  "region": "us-west4",
  "source": "5c1gqzyhm1k6vsqqn4gr",
  "status": "w8bxsb0hn0lgbac69rab",
  "deleted": "415wgjq2znsuxsfldrvr",
  "message": "vkqvikhezry2u48pigqa",
  "endsAt": "2024-07-12T09:42:42Z",
  "generatorURL": "bty0rqmd4argwlqavpr5",
  "project": "5l8aq9htzsdqjhw5mkrp",
  "service": "pxtwqu9zse5nxlenuycr",
  "assignee": "n9wslqx72ytikrt1w6kw",
  "endpoint": "8lq3gn7tvzvgozvgfooz",
  "event_id": "fo4r2zfzg9zyi0h26cr5",
  "instance": "122.122.166.184:55741",
  "severity": "critical",
  "startsAt": "2024-07-12T09:35:49Z",
  "alertname": "p62d8nfuxpih7wxoxic1",
  "apiKeyRef": "lasf98c27zbklgw8tkb8",
  "container": "iqjxvhizvzdy58zsx7rb",
  "daemonset": "97pylupepo4yfjhzp3x3",
  "dismissed": "2mfyxcd90i3b5fcn6mk5",
  "namespace": "tod0rfyjws6bn8amdirz",
  "alert_hash": "16kw1ppvkxs4834m2ufq",
  "prometheus": "vdsus62umxu9g2qsj3rn",
  "providerId": "pv6sv7whot0xovmtmimf",
  "summary": "o133ratu7fkgxbk9nbaf",
  "runbook_url": "khk50f4dm03t9frhfocu",
  "description": "A service dependency is down or unresponsive.",
  "environment": "ocztta9n9jjdldd27j6b",
  "fingerprint": "ruutymhy",
  "isDuplicate": "iirdgezqhcv2hng3jmim",
  "dismissUntil": "pxcjudbf76umvmjsbuap",
  "lastReceived": "agyr00przlf4xw13tjeh",
  "duplicateReason": "exkl7v56lcdzo9sa9xxf"
}