{
  "id": "bzhbcksygon4g9aue31y",
  "env": "qa",
  "job": "cufeoqlgf9a3s1klg4iu",
  "pod": "3siyibqzyqvil0z45gjl",
  "url": "6ra4pt7fa6a0rb0xpcd0",
  "name": "AmazonElasticKubernetesServiceServiceRestarted",
  "note": "dtnznu51k2nmxnkg3zxk",
  "group": "0621528s8qaopv6ujs9s",
  "pushed": "r5exujyuti3rc1e38k4c",
  "region": "europe-west2",
  "source": "ogjepfvplj1ktc6a8c2k",
  "status": "48wac40z1pabidif2nle",
  "deleted": "gtpvhh56id8pgqnk6yas",
  "message": "rnzeaz11bewmpo26qdvk",
  "endsAt": "2024-07-12T09:10:01Z",
  "generatorURL": "icfsu80obsaaty2mw70p",
  "project": "bri0ulxi49jcp9pqtsei",
  "service": "lf1rmp8749k4ne26njd9",
  "assignee": "xgcjwh14yi1vdha6jiz8",
  "endpoint": "9iywrsvp7bhsfbyq7rp1",
  "event_id": "vn1ocur3iv96q8mzyyto",
  "instance": "222.217.67.204:20807",
  "severity": "debug",
  "startsAt": "2024-07-12T09:04:29Z",
  "alertname": "dnvhog7y72wo390v44qg",
  "apiKeyRef": "nrrpv82t4ls2s0qkmnvt",
  "container": "m2996ki9jkidf2ntve8l",
  "daemonset": "8rb2o42k7tz87cll56ei",
  "dismissed": "1smgbsscbxoo7vw0l090",
  "namespace": "bdt5xbdztbven6ohie6k",
  "alert_hash": "oasz0g9axy06v5mbv5ez",
  "prometheus": "jpf922vcs7kywqb58i8v",
  "providerId": "5s1jphlo76n1sqfll05g",
  "summary": "klctpbtndl4olxny2slr",
  "runbook_url": "0po9vlkyypp4n8cd9w8g",
  "description": "A service has been restarted unexpectedly.",
  "environment": "tgzedxzb34hnwxx04odb",
  "fingerprint": "423xfmei",
  "isDuplicate": "z6hc43vmumpa44st9lwm",
  "dismissUntil": "pr0anbp5na9sjaz2vnsx",
  "lastReceived": "m4t3mfr4vq8nhzmaot07",
  "duplicateReason": "ovvhi9goo6l4wolrwvsv"
}