{
  "id": "4vdqnb0nl2bpk83lygsa",
  "env": "qa",
  "job": "0onteut3h8mcivtequj4",
  "pod": "550f4roo0jnniuk9h2fs",
  "url": "tvvwsgrqp16dd33lysos",
  "name": "FirebaseRealtimeDatabaseTemperatureHigh",
  "note": "yshyc5kdcq005hsp5vd5",
  "group": "50zpiu2g2jst5xi5qn0j",
  "pushed": "be7jcgap02eqcm392hcs",
  "region": "australia-southeast2",
  "source": "ug8gpzs2ps32jntia6qg",
  "status": "fmj7210xqir5nnv3s1fz",
  "deleted": "5www938p13m3ebkgbpo2",
  "message": "0mqc4rkmkkc5ae9e5krb",
  "endsAt": "2024-07-12T09:54:43Z",
  "generatorURL": "jo2fcn1fwhij8d70f4lv",
  "project": "wmnap6llxb144vblqomo",
  "service": "7jntvt8fxbm6skfp5xji",
  "assignee": "11pani3hjl37ai0pantc",
  "endpoint": "u9a3tb3l87gwbteyny8x",
  "event_id": "pzyi1hym3p6a7tttec39",
  "instance": "253.35.174.175:52711",
  "severity": "high",
  "startsAt": "2024-07-12T09:46:30Z",
  "alertname": "gjzow0diuuvu1a7gzgep",
  "apiKeyRef": "bzeap6m5ib9jeu0q2njs",
  "container": "tsn9nqgcw51ydneoujqd",
  "daemonset": "o05j1hslbg55wetqivag",
  "dismissed": "quhvhat1gatt0mtduzef",
  "namespace": "jo7dzadklpy135jx9xm2",
  "alert_hash": "abxoj7q1g244eawk8l7b",
  "prometheus": "r6pkowrmxi32756uhhxj",
  "providerId": "fuhl2u3j4bpjhqk8g9qb",
  "summary": "yl9174b35ci8zcn6pgo5",
  "runbook_url": "phvhl97s4y44mce8laf4",
  "description": "The temperature of a component or system is too high.",
  "environment": "xf6ktxtllcgtyl5kbuon",
  "fingerprint": "r87p8tdo",
  "isDuplicate": "fxnve0bp1qk6owrscciq",
  "dismissUntil": "lrronoegs89lgfodk29u",
  "lastReceived": "23cdu2ryhm98qoosd6ct",
  "duplicateReason": "oohqaedjra1hem769d5l"
}