{
  "id": "ywt280kc3k1cerplhw3d",
  "env": "backup",
  "job": "w97qbhamz4op6xqdip7n",
  "pod": "7tk3rdbzxx45l3aob9kk",
  "url": "jc7yhoxpgfbn4i92hh6o",
  "name": "NewRelicPowerFailure",
  "note": "qoau20hrl85s4qiuxuqr",
  "group": "e9x6aj0ezjp80ewmoaa6",
  "pushed": "kuc3fuzpr9r8ihxvt2ih",
  "region": "us-central1",
  "source": "4fn5luyfnxl8dxic9eko",
  "status": "ngplw2lh3fo187i72u86",
  "deleted": "qsn192uit7j98vt520ir",
  "message": "npzenv21v47v4aaexebb",
  "endsAt": "2024-07-12T09:44:26Z",
  "generatorURL": "nc4ofwsdcvkxfxki0rzz",
  "project": "1cd0drc5dg25ci3qkx4a",
  "service": "v6qch48v3o8zqhqti6mu",
  "assignee": "my4drj00smdm9ukhcunk",
  "endpoint": "ltacs4nnpfvhu0q8l3am",
  "event_id": "0m2g1c43raay5l4z6geq",
  "instance": "134.74.134.103:50297",
  "severity": "critical",
  "startsAt": "2024-07-12T09:41:57Z",
  "alertname": "orgv0qye4bem9su3vnmk",
  "apiKeyRef": "obg3on3vfemlxk9dy86g",
  "container": "z0qk55f2t58mu8cua2el",
  "daemonset": "2mgivtq30rn42b2zzb5a",
  "dismissed": "71720ae83x2n74bp9i3s",
  "namespace": "eotk5v1vzo3qm3jxg7jj",
  "alert_hash": "q7tpljs2ndxpbv5of1kp",
  "prometheus": "d7tm6of7tmseme58psm2",
  "providerId": "ftbexlpjvyzfsvs9gex2",
  "summary": "o64t2wusqslatchxyt23",
  "runbook_url": "x2tqpreywmra0itpj9gn",
  "description": "A power failure or outage has occurred.",
  "environment": "j8g91c7yi3cu8uwavnrx",
  "fingerprint": "lee2e2i7",
  "isDuplicate": "0ks194gwfoopouacwfrs",
  "dismissUntil": "9mlyq4vbzj4q8cnd4n31",
  "lastReceived": "r83gmmaz45y57iblvdm6",
  "duplicateReason": "nc665wd47tu3swfbyh07"
}