{
  "id": "8zhhoq420ocrrei6giny",
  "env": "qa",
  "job": "r5plemd0pdudyk8givnl",
  "pod": "hwzyvazycl7m92jvhnww",
  "url": "2i8jcnij8zgoyv22zr71",
  "name": "GoogleCloudStorageServiceMemoryLeak",
  "note": "77l6ciypakl26cj5x350",
  "group": "xe9qjh2le8lb323xbjc8",
  "pushed": "ae68l0zd8gpctcmweo13",
  "region": "asia-northeast3",
  "source": "wdrj1ovli5eqo859317q",
  "status": "f25tnugb4om74riuez9s",
  "deleted": "cx0leifj891qnsab2z0r",
  "message": "gvux3ox1m3agjkloj76q",
  "endsAt": "2024-07-12T09:43:50Z",
  "generatorURL": "g19tqa12pzavbtiv4lxk",
  "project": "oncz4fa0bq3jaaebi8u4",
  "service": "0fxgezf70vwgyogef4t2",
  "assignee": "hs5l4rup36x5twt9yn36",
  "endpoint": "wgr6ujdss30fhpher6q9",
  "event_id": "mmww4yg9h41b4e2j22gs",
  "instance": "226.63.171.227:17782",
  "severity": "critical",
  "startsAt": "2024-07-12T09:39:31Z",
  "alertname": "r4ttd5w9cni89sbu2oul",
  "apiKeyRef": "trilegmkcme7uq8lq3ek",
  "container": "gzo7jlh102bdhybvkcco",
  "daemonset": "qaqndss32fgwf0cd4vwy",
  "dismissed": "d3w8e6omxfwh6o718sqb",
  "namespace": "djinzkuhunm0lnuw6qqk",
  "alert_hash": "j0g9ssuudzq06bfvfjtv",
  "prometheus": "41catme2ri0cm7fykvf6",
  "providerId": "rbzfv20e80et5bo52kya",
  "summary": "w7ng46cumjijgb4d8txw",
  "runbook_url": "601c389bbqnp8ennl9mm",
  "description": "A service is experiencing a memory leak.",
  "environment": "89tmupcqjdiqtk80173d",
  "fingerprint": "70ehi05p",
  "isDuplicate": "e70g8lq78b46vng0wlnv",
  "dismissUntil": "n8g1xsv5ozzp32sn5132",
  "lastReceived": "7i8nsfk0yiq0me9ahnfh",
  "duplicateReason": "k1re0ep07idabpgbmtry"
}