{
  "id": "98gwdx8v2hpyyhm73tjg",
  "env": "integration",
  "job": "wvbz8xoid2lxwb3d9xc1",
  "pod": "7t8cb70lo5ptg8ne8rcp",
  "url": "u6rifsr3gf2ldbduha9g",
  "name": "ZoomHighErrorRate",
  "note": "riu6n9gemnjt4ywvoezg",
  "group": "rsq454rcq7rkmsbcx3dv",
  "pushed": "08x4fwgkyol55wk5frxx",
  "region": "asia-southeast2",
  "source": "3mulqqupfo41u34te2os",
  "status": "p8oddu5yxsgc1u3erh05",
  "deleted": "57qf39te3sfhy2uvzhc8",
  "message": "0oops499uj5ujg4gx7p2",
  "endsAt": "2024-07-12T09:40:44Z",
  "generatorURL": "ow420ywvflkovswk3h1p",
  "project": "rsl25mygtq4684hkopll",
  "service": "29nbxb9k7ywrfaqihx7i",
  "assignee": "24t6v51s8zj4iphyfu3d",
  "endpoint": "x7wos0y4aelstxybijzn",
  "event_id": "te7wz5sjdueo7k6vl21l",
  "instance": "59.20.155.185:44393",
  "severity": "low",
  "startsAt": "2024-07-12T09:32:35Z",
  "alertname": "l85x5bdm8fsup6b54lrb",
  "apiKeyRef": "gr2o3fm8ny216g4nny7p",
  "container": "16aqlqtp0zkg99sblr3b",
  "daemonset": "ldh8e81d8c4zusb22k6m",
  "dismissed": "yzdmfi5mi32uxqcxhl2j",
  "namespace": "99zciyr9kfcxs36abdn5",
  "alert_hash": "8lee9mj03aquvl8si1iq",
  "prometheus": "ixaffa9jtql3i4h3mhaz",
  "providerId": "vnvr9jvw28ofcenkz9fo",
  "summary": "of2xpzofriej2tv1xea2",
  "runbook_url": "d87hv9p43u7jnzzux2wp",
  "description": "High error rate detected in application logs.",
  "environment": "97t5s2sbehw9l3cqsog5",
  "fingerprint": "vbhrw2id",
  "isDuplicate": "38io0hh31uufttscv5a0",
  "dismissUntil": "89yqqudbjamtflakf3c0",
  "lastReceived": "ow478u3b77trn7lbjz3a",
  "duplicateReason": "4h1vyxh6rx028zjgby9j"
}