{
  "id": "d20l54xn9iey6u6qgzgw",
  "env": "staging",
  "job": "h1ah2nwe4z7ldc50xqkj",
  "pod": "xkx8q8m6irgsexwy8ev0",
  "url": "wo6h9v5e1tvk93iptejb",
  "name": "AkamaiQueueDepthHigh",
  "note": "77139gudwt2equ11svxu",
  "group": "f24oxotdxae65mczjf7y",
  "pushed": "cpuz2r771n2ti7evf5vq",
  "region": "europe-north1",
  "source": "s7ztksken11h1iju6xky",
  "status": "014nxrirufgcvrkh4q6s",
  "deleted": "tn3qmhdvippckibxw4ot",
  "message": "g2dq09c1i9fg462wwx6j",
  "endsAt": "2024-07-12T08:23:16Z",
  "generatorURL": "3q1sbemupo3t7hsdqw4l",
  "project": "5y1qpq1l42see8rjb6jv",
  "service": "2efft1attofb75o79qla",
  "assignee": "rw15mdkh7p76i4v8scsm",
  "endpoint": "yil289vphryy9mwbx6j0",
  "event_id": "97it5vgoxh9z76c4xryt",
  "instance": "1.169.226.207:55692",
  "severity": "high",
  "startsAt": "2024-07-12T08:16:57Z",
  "alertname": "hhmldc8wh5w8ih85kus9",
  "apiKeyRef": "8kml4koxu8zjxtztum4u",
  "container": "bo3phduxqoeex4i539x0",
  "daemonset": "0219984wfqui98yml0u0",
  "dismissed": "ep0vbstvibo0cribhq27",
  "namespace": "n29an2b4ok1hhtoipy7e",
  "alert_hash": "mgonm5k2q0frp764ij1b",
  "prometheus": "unta2v76ea55cmnpeup0",
  "providerId": "b8jw8iyfr6gg5p6vl98b",
  "summary": "66k1zhrvrkla0fl55p4e",
  "runbook_url": "9jgkrsgp5zsjoad2l0ba",
  "description": "The depth of a queue has exceeded a threshold.",
  "environment": "zcdgpkoj88i07h7kpr2c",
  "fingerprint": "r87p8tdo",
  "isDuplicate": "c3vwx3eozdmr4xjw8r04",
  "dismissUntil": "i3kb55j8zsdoy9ajz87y",
  "lastReceived": "dhrwufggoj550v2v3de7",
  "duplicateReason": "7fbi1w6cjp8oei0zvckt"
}