{
  "id": "uhqsh83wkfhelt73p0kx",
  "env": "pre-production",
  "job": "crwlzskfdyyjk441izvg",
  "pod": "675olxnnky911xfdeg0u",
  "url": "9sruzyh3enz9agdcea2e",
  "name": "DatadogHardwareFailure",
  "note": "p9xzf400hqze06ca0fr9",
  "group": "9h1nbm2pr9c31zez1gkp",
  "pushed": "gvpv6yec4wtjflgpmyrj",
  "region": "asia-east2",
  "source": "0oiomdygc805wh0wixtt",
  "status": "23zt5w2cfeba0vpompqy",
  "deleted": "087bbtomkmkcs4gip4w6",
  "message": "i3k1kfn61gy8j2cahz88",
  "endsAt": "2024-07-12T08:13:51Z",
  "generatorURL": "tgx4830riotrmeybd8yz",
  "project": "d7a4wpi699i9af15wyjr",
  "service": "oq0418a64cqoyeomr092",
  "assignee": "u26suumqpqsilg4jk9d0",
  "endpoint": "4n0n0y9bih7zt43j81r9",
  "event_id": "cfq48z1zjeezxsr1qekv",
  "instance": "85.22.155.164:17268",
  "severity": "info",
  "startsAt": "2024-07-12T08:11:32Z",
  "alertname": "n6x66l5k3n1jbgfh77sp",
  "apiKeyRef": "83e88hqrrvflgrasayd9",
  "container": "ds27st1qetzsyrtn7q78",
  "daemonset": "qzia24ks1src4wb03aeu",
  "dismissed": "xjyh4yyexd3l26i1x7go",
  "namespace": "i919z1rp7dbax9winahr",
  "alert_hash": "0w485agirlddpedix7lq",
  "prometheus": "5tlthpaa16x55y1ui1ps",
  "providerId": "zuht9732hvoj8f2jssh6",
  "summary": "cj1cim2fnvhq23bcyxcd",
  "runbook_url": "oumii8aqek1mwlfzqiqk",
  "description": "A hardware component has failed.",
  "environment": "a9rk6j8p6ok1d69dca51",
  "fingerprint": "6p40lshb",
  "isDuplicate": "0ucqcxbxvobnuvza4q48",
  "dismissUntil": "a1t9cierljyxj847khx2",
  "lastReceived": "59tgufvi1sfzy2kttbrc",
  "duplicateReason": "86f037mjonf332wxjhxy"
}