{
  "id": "95zsu7z6kyjf40j4hto1",
  "env": "development",
  "job": "pti9l74ivt97wcivqi9k",
  "pod": "xeh7c0vpjiz0tvuwmyi5",
  "url": "34690g45y0rwg3re63xg",
  "name": "GoogleCloudCDNDataIntegrityError",
  "note": "4hvxmpawj3myuf00xex6",
  "group": "9eoorzwb66zr6l3b4wlt",
  "pushed": "yqpyhxy8dvveu7alli9q",
  "region": "asia-east2",
  "source": "bbjipd9oyqmj17wis179",
  "status": "o87bqctfjj2m43vlr7sa",
  "deleted": "7vgooj6w2eqi9zqd6xbj",
  "message": "62zqrzcbaygvkhmlc5e2",
  "endsAt": "2024-07-12T08:49:11Z",
  "generatorURL": "o0ab1yup3u08olhgpo9t",
  "project": "goxg1h7vu5qweoljmpzi",
  "service": "k6dlj6l79ihej9a3wjrz",
  "assignee": "31tp9a01r5fjn5wfq8ze",
  "endpoint": "6o1wlhhu3er93cjacolp",
  "event_id": "sv6xzvt09fv70ijkf8v0",
  "instance": "253.35.174.175:52711",
  "severity": "critical",
  "startsAt": "2024-07-12T08:45:48Z",
  "alertname": "b0evvu9r4413rjsqrakq",
  "apiKeyRef": "dckhszbk7v89bg6y7tb5",
  "container": "nbj0o436yg2fh2kavbfd",
  "daemonset": "a80qekwx0ur1ftko9uo2",
  "dismissed": "euzqnb63p4sp0rikkd55",
  "namespace": "d68pk1gnvrwffhut9tb0",
  "alert_hash": "mnjxa3fgzq9a80uoxaax",
  "prometheus": "ebrcanie13jhkrquh908",
  "providerId": "t7rjaq0yq4vgt1n97kwp",
  "summary": "ejsn7y1fbn3jumxzbnvk",
  "runbook_url": "75pltt3ya423ms2vr6pf",
  "description": "Data integrity check failed.",
  "environment": "mkxvdx2ap4kqu5c5vct7",
  "fingerprint": "1kvcaouz",
  "isDuplicate": "sd7k4bd9vqh97zi6wieu",
  "dismissUntil": "hcqe91hwfizua1w5xg3c",
  "lastReceived": "xb81nfd1r96ut5ay2h5l",
  "duplicateReason": "2eixelehoyyfl10u6svb"
}