{
  "id": "quvkxu8cuwo8dw8s8p4p",
  "env": "staging",
  "job": "w1yrn78swiu9ajfkuklf",
  "pod": "fqdu9asrwhxbu2a7iugy",
  "url": "pcqjzapemdgj1nxtu3br",
  "name": "TableauServiceDown",
  "note": "1nzcj552guwwih1hp2wx",
  "group": "lsca5o11n3sgrb830rfd",
  "pushed": "zf7s49cx85wiw4y2avsi",
  "region": "us-east4",
  "source": "lrm0q22v6ubjazn7zbr5",
  "status": "7ywmxd1xgviiejbdgffi",
  "deleted": "7fe70300tj7ka4zud2i3",
  "message": "jvthlccphpyyf1d62kot",
  "endsAt": "2024-07-12T08:12:53Z",
  "generatorURL": "0fywn9u2nprlkqev18jk",
  "project": "kjc1qjrq7kpq2nc4czng",
  "service": "d1oy1ugdtkihpspwlpae",
  "assignee": "m65o0yab569rbndjzey7",
  "endpoint": "xa6qw7m9c5aq1dbe5quq",
  "event_id": "9q3o958vmg7fkoykw0sa",
  "instance": "239.102.139.236:16863",
  "severity": "medium",
  "startsAt": "2024-07-12T08:04:13Z",
  "alertname": "741a4m20m3pj84631jnu",
  "apiKeyRef": "cd25nyi44uxuz6e4mqk8",
  "container": "9w9vr6bwoy2g6vp4xdp2",
  "daemonset": "mlugydwctlifr1o0s4b6",
  "dismissed": "d31e0tvxsyflhyzbvpn7",
  "namespace": "u1fr4flc31wp7m5nzpsc",
  "alert_hash": "4fpk0k98c9z8mnayac8r",
  "prometheus": "1xfo4l5wlkq71nawujsl",
  "providerId": "x0ifvurmk3o7xio2apk5",
  "summary": "7jyclr4vaxw80o51jnet",
  "runbook_url": "9l6bls6mvbp37cqvgouy",
  "description": "A critical service is down or not responding.",
  "environment": "mxn7ucq5c9l7pdt8z6yu",
  "fingerprint": "gd58ljvb",
  "isDuplicate": "5xkcxj41ckds9w8insw3",
  "dismissUntil": "6shupkkbhcdtslez7mhy",
  "lastReceived": "zhw0az35hjpfhgbj5uc5",
  "duplicateReason": "6uvsv6behi5bz7mn9h45"
}