{
  "id": "2nlxetdvjqz81crfvzix",
  "env": "staging",
  "job": "r6974w1wj58h0v77i1y4",
  "pod": "w864bf8fdhw7hgnon4ja",
  "url": "x1i7ujhtdczic36p0mf2",
  "name": "MicrosoftAzureBlobStorageSlowQuery",
  "note": "3da7wxrxfzkpo5n6e7db",
  "group": "2amuzz5r2r6fuezsgx9v",
  "pushed": "yu438qek8uplm4xzw22m",
  "region": "australia-southeast1",
  "source": "0bri2n5wdir8p7ysrfvi",
  "status": "fz2pupbpgp1vzgexnnzk",
  "deleted": "u4dhelsy8sqnea3ovtbc",
  "message": "ltx2h0y8sskzki6pk68n",
  "endsAt": "2024-07-12T09:43:31Z",
  "generatorURL": "u7ogzo63ozoxhoofdg9e",
  "project": "khl3vsfxthdsj5lu5ais",
  "service": "qgi8dq5h4f8ceg737iry",
  "assignee": "u6xzn9u6ne93g3otdd27",
  "endpoint": "s428e0thml27durfhgn5",
  "event_id": "gcs6o093g1s0t4dh2ujr",
  "instance": "164.231.154.138:1187",
  "severity": "low",
  "startsAt": "2024-07-12T09:33:38Z",
  "alertname": "lir3dpgh8krnh16pewux",
  "apiKeyRef": "huvtvjjqwybvrp3v5ebc",
  "container": "nhc2ouvcf3bblzmm5tif",
  "daemonset": "369i2a9thv2dc7cdp3wy",
  "dismissed": "x7o6xsx3dbh51ueo2zjc",
  "namespace": "k1gl6ov7air9qfunfqdh",
  "alert_hash": "lhwbp2uu2kbykqgoxc3k",
  "prometheus": "9xzfubewlkd35f973fl4",
  "providerId": "tlq1j49pozks3rzrc4g3",
  "summary": "li6iqz5ivo5wdlgqtk1t",
  "runbook_url": "ktuwnu66r5uvjj6h6o6f",
  "description": "A database query is taking too long to execute.",
  "environment": "ttlf6399sc4apicj2d8s",
  "fingerprint": "de69lo3k",
  "isDuplicate": "rdb11tlaf4h0o74kn1ri",
  "dismissUntil": "64bgctt44u8uq0qgkrhm",
  "lastReceived": "wx4ah63h56jgenpvd6jx",
  "duplicateReason": "h5ikkfql6onaiqtn83l4"
}