{
  "id": "z1jm2778u600c5nfr4fw",
  "env": "testing",
  "job": "lal9lceyv5iawv497fwb",
  "pod": "8j4qsm7gjod11b4dcorv",
  "url": "6tajrrhm603k14b5ez7q",
  "name": "Auth0BackupFailed",
  "note": "87ayrhvm1m1xu0ifpzx9",
  "group": "ncptd9z78yqf9vv7gxgw",
  "pushed": "p84gnc02aignmu4itsa4",
  "region": "us-east4",
  "source": "ti2o6qb0hbf2tmytgz8l",
  "status": "vrkicwwkgnqhn7je7pp6",
  "deleted": "6l60xix2ao611ip7x5qw",
  "message": "2dxjst4nx6ddtjdzttyc",
  "endsAt": "2024-07-12T08:37:00Z",
  "generatorURL": "l8mfogh020fkchd9ochm",
  "project": "2hbe4jtwd49qe4hfuvks",
  "service": "uw1xlxoqdmxj1albqqju",
  "assignee": "u49k1v152g9esjgklsz3",
  "endpoint": "cmcs5jjl2geqebtfht25",
  "event_id": "2pkevzfah5b122whl13m",
  "instance": "239.102.139.236:16863",
  "severity": "warning",
  "startsAt": "2024-07-12T08:34:00Z",
  "alertname": "fso4t7soslasd3qj3wti",
  "apiKeyRef": "4zj0jp8q925ze9g21xkj",
  "container": "g5ngynbgaj87miwsidjk",
  "daemonset": "4z0svwtqbf13on1r2byg",
  "dismissed": "hbyfwp7x0ty3tdomh2uw",
  "namespace": "g1zsr9hejz9f2nbk4h6g",
  "alert_hash": "6kha76gioyfarb3e2p14",
  "prometheus": "pu6es8qdbptswaguw3fh",
  "providerId": "6wptbgfi15n82ikqsmqd",
  "summary": "plsrax30bwnkh1hl8p6b",
  "runbook_url": "vx6tful9yewmj5u1o0hv",
  "description": "Scheduled backup has failed.",
  "environment": "h8b9c9nisflhfhvvkcbs",
  "fingerprint": "4sy1mk52",
  "isDuplicate": "vo0omknzr9z89k193mqf",
  "dismissUntil": "wvf3y1k9u9tdi29njlfk",
  "lastReceived": "qji8pqgoeb07sx2wqmpn",
  "duplicateReason": "i45yh6x1i51vsd1jni52"
}