{
  "id": "eqwl7f7nn5x6k7o2tbcy",
  "env": "production",
  "job": "ntgn51h33kyovelbla8c",
  "pod": "v58p2we6l0f4y4jdcib5",
  "url": "h4o8vpleqvd40wwte94y",
  "name": "ApacheMesosServiceDependencyDown",
  "note": "86lk3gat6ex25c1jo776",
  "group": "3gh5kzujmivkqng8q8jw",
  "pushed": "h3x00b6sibrw76ftp4b9",
  "region": "southamerica-west1",
  "source": "y2zfzjt1j5tpemxekt3l",
  "status": "4guoqw5qu1b04wm5yxrl",
  "deleted": "e7cakbnaxy3ikv7fsqka",
  "message": "v3uiwmk4dqmwi0lw9sbk",
  "endsAt": "2024-07-12T08:27:47Z",
  "generatorURL": "b912223xx7ixr7oh4ye1",
  "project": "382w31jbtaa12qshqa4i",
  "service": "fl5trx9e03ksw63k199q",
  "assignee": "bs0bljqwjtkbkkkj2lci",
  "endpoint": "qbqs3jcsokhedqixpa4i",
  "event_id": "figa8wi7fxec8kucjmjz",
  "instance": "123.63.28.58:39510",
  "severity": "low",
  "startsAt": "2024-07-12T08:18:41Z",
  "alertname": "lneensk1pfqy0frezw5x",
  "apiKeyRef": "ye6vwo34i9n7sjrvnyym",
  "container": "1co844kfsbutakgz8og1",
  "daemonset": "eb3al4firko4rxcapery",
  "dismissed": "jehybw2xy5yw65siqcl5",
  "namespace": "4ed0ie8oww7uat03lvgs",
  "alert_hash": "sz6q4iqxmiifcvlq3uf9",
  "prometheus": "0150efblpoz4hev79n2z",
  "providerId": "110491jytg8tf3nrxto6",
  "summary": "9s4tdc826kq7nevuuq8c",
  "runbook_url": "pmvr2edu4rmn8ncsg0cr",
  "description": "A service dependency is down or unresponsive.",
  "environment": "n5afvrpxiqj4emut50qq",
  "fingerprint": "iqjn10p2",
  "isDuplicate": "gqau3rfpiciya4e1qkux",
  "dismissUntil": "2hbb8w9tcxk9av0jlyv9",
  "lastReceived": "3pjerqedn5jcxfgovivr",
  "duplicateReason": "354rmzwdpwp6wtgnj6bb"
}