{
  "id": "w9gpu5vdbt1l0990ucy9",
  "env": "testing",
  "job": "bl4pn2b1i4u56wyzsdqg",
  "pod": "rujml3nfw0tjnxzbpc6s",
  "url": "rwombr5fgct1ims1a2j6",
  "name": "CiscoSecureDNSResolutionFailed",
  "note": "svytmpchzda4uj2556df",
  "group": "zt1ubb2lvfeuw5s66uy8",
  "pushed": "gb158i2k9ixe8xkcssqj",
  "region": "australia-southeast2",
  "source": "n7wegu06q9okvjgbw5ek",
  "status": "imlq28uez75su3ylslqz",
  "deleted": "8vdvuoiuynep4sxssy3y",
  "message": "vy6w0z5b11tuv2xs7d5r",
  "endsAt": "2024-07-12T08:33:55Z",
  "generatorURL": "qgnkii2qdny56x0six1d",
  "project": "kmx43gs927tc5hgarg5i",
  "service": "cnrud3ag997y8es9llb4",
  "assignee": "stu1qv2s832m85hcohtt",
  "endpoint": "dqpuk92xqnpfj3utuqpu",
  "event_id": "xnxa3k1vi8m3rt3tgb7a",
  "instance": "164.231.154.138:1187",
  "severity": "medium",
  "startsAt": "2024-07-12T08:28:33Z",
  "alertname": "ba5wtnops1d9pybli7jv",
  "apiKeyRef": "m3myf7vmhi6e3i59p48n",
  "container": "jn4pwgknblxguvxi023b",
  "daemonset": "br59f5qig5tccxikkrh1",
  "dismissed": "kjp8ow8wscyywx54efg9",
  "namespace": "budxzqciysnplu9zvx8p",
  "alert_hash": "zu9w24ft0yb6wrvumym0",
  "prometheus": "xxpiqmf9dr27j4t0x5ax",
  "providerId": "7tge8acvfb5si37spd84",
  "summary": "vjmfxx3sel89kwr03rdj",
  "runbook_url": "dqj3iee8gl71c0iwquj3",
  "description": "DNS resolution is failing.",
  "environment": "qguo6hq9ea2kqg8rqmqz",
  "fingerprint": "ow75u70s",
  "isDuplicate": "4cwtfs153czijix58l7l",
  "dismissUntil": "8qg5vdm5wac63adjpwtl",
  "lastReceived": "psbj42bp86xvd1up39h4",
  "duplicateReason": "4nr8k5o0je8fyn8i7g9v"
}