{
  "id": "3md3dk4543cq9k6x4c11",
  "env": "backup",
  "job": "3jirrdn67xr10nllr9od",
  "pod": "1rgh0xe09vhv4hv2rgxy",
  "url": "oa16wgov9kwzwouqu2xt",
  "name": "RedHatOpenShiftTemperatureHigh",
  "note": "0gwn19pqio0pr0wmosni",
  "group": "qth7j4vvfw5xfwbb37bm",
  "pushed": "tzsm85zmye49b1friwwg",
  "region": "us-west3",
  "source": "xj5c7ji9qjz67oiwzs1h",
  "status": "nztgvntdmxsea8fjs99o",
  "deleted": "lhuxikq4kb0393vtvg6o",
  "message": "2zkt4pd503lddjh1dux8",
  "endsAt": "2024-07-12T08:12:07Z",
  "generatorURL": "ee05l7vmbfg3am2ze6xb",
  "project": "dn9kxstrfj476tz83svk",
  "service": "ixj5sh1au31pifnytggh",
  "assignee": "89llhjdpcdiitbihyr8q",
  "endpoint": "e4zivduzyarrb3iyn2xn",
  "event_id": "k9teictwmytm11byl7l3",
  "instance": "227.173.62.197:22339",
  "severity": "critical",
  "startsAt": "2024-07-12T08:06:43Z",
  "alertname": "nmfp3huuvis3401byflh",
  "apiKeyRef": "65qgm2r1etk2n1iqv7i5",
  "container": "o9mnhqdu4svwjz210n8c",
  "daemonset": "ie880psw4jxyc07irbse",
  "dismissed": "iyuv1j1jlo70basljown",
  "namespace": "cmsnz5wqk9xow0bufbuu",
  "alert_hash": "uusbkkukauy6ku5zu5ke",
  "prometheus": "il5rq9g2cbrxr7t7vtvt",
  "providerId": "0nw1kzm1z8diumjvk22s",
  "summary": "kqe1qtpud71l1w5prhu6",
  "runbook_url": "q5hisg7b4ggizevjtm9v",
  "description": "The temperature of a component or system is too high.",
  "environment": "1d2qsvgsqhpmrcpwbeyq",
  "fingerprint": "wz904bct",
  "isDuplicate": "s23kr7dcj51pkh39pcos",
  "dismissUntil": "27nd8yatvay3o9u8igjj",
  "lastReceived": "z01k37linno02nt0mnsp",
  "duplicateReason": "no0d62zeb7z3ry23crl1"
}