{
  "id": "yt78ce5bn7gzjs0umacc",
  "env": "staging",
  "job": "r7daxh7z8xkpn78ktm9b",
  "pod": "6jc03et5bqz3immn02oh",
  "url": "9jg7em3jbm7fv8yqfe28",
  "name": "PaloAltoNetworksServiceDegraded",
  "note": "r8k29ydgdpwqilj9z4tk",
  "group": "uj7ozxbunm6ne7ttw344",
  "pushed": "aohrrgif13ebtw2w1jcy",
  "region": "asia-northeast1",
  "source": "zxc5tn3m45lkoomo6fqm",
  "status": "3rdvnup4qfgapn0se2dh",
  "deleted": "hs0bcplona7djxm65wsj",
  "message": "7qsqb8ifh9jgq329pei8",
  "endsAt": "2024-07-12T08:23:36Z",
  "generatorURL": "j9vtx7a29ugcmx7jradz",
  "project": "v45pq7gxmlagsctyhxsv",
  "service": "cfm82lb9f47wfa4ujwgo",
  "assignee": "6xeimhsn1ja625j2s266",
  "endpoint": "6zh2471yishfpjwdljp4",
  "event_id": "drdolmzwmnuk8uvvxesm",
  "instance": "106.87.238.247:38774",
  "severity": "high",
  "startsAt": "2024-07-12T08:18:06Z",
  "alertname": "81p1rf17f2j1nywj58i6",
  "apiKeyRef": "t23nk9tzl54nd9d73kwn",
  "container": "ns9zvpjfdvbz2crbv9jf",
  "daemonset": "p5i1kqscq4got7v85pvv",
  "dismissed": "ihbffjfmcifroythtuf2",
  "namespace": "sgb11djhjxk3j2st2oie",
  "alert_hash": "4y71np11tcdjtg56tein",
  "prometheus": "fo4q78851frgsez5881g",
  "providerId": "eoxjv3oneg8ummubkdz1",
  "summary": "ka7ghazpn4xz9rb8c7oe",
  "runbook_url": "uj0favh66bonefcpyi73",
  "description": "A service is running but its performance is degraded.",
  "environment": "ydgdez088mlnk2ix085d",
  "fingerprint": "0tbbdllm",
  "isDuplicate": "pfhx81klgocub7nbkwep",
  "dismissUntil": "c9uhou9lrh7ki1naw35v",
  "lastReceived": "ntlcbpazva7rr9fbc41g",
  "duplicateReason": "u36wb1aqqpn81qoopyoz"
}