{
  "id": "3juh3297hseengdyrcud",
  "env": "development",
  "job": "ecdq782t9n9lm1r57z64",
  "pod": "ahbinj9mgxbiolptpe8y",
  "url": "xk5mra2u16qhuf84ewp8",
  "name": "MicrosoftPowerBIQueueDepthHigh",
  "note": "kzgf54hqd5h8bbw114ym",
  "group": "pwjjcnc6awvkd70145ig",
  "pushed": "zm1iwzoa0qxcu884sbaf",
  "region": "asia-northeast1",
  "source": "1kst841q5a32rdctzx17",
  "status": "y3ogacszb86rpw05idrg",
  "deleted": "a4i721hvsjmchdcs0vvx",
  "message": "db0mhapl2ce8xhdueyc2",
  "endsAt": "2024-07-12T08:19:08Z",
  "generatorURL": "lyetyja3adzxl1bqdf8l",
  "project": "ugvwhaixwaq4x7chjjbc",
  "service": "oiht1szddz0ridqygqsd",
  "assignee": "50961eb5d9glslgfhgks",
  "endpoint": "1y3lc2a754c981la4kuk",
  "event_id": "rfx5mj3yl5rkolhx2asm",
  "instance": "253.43.16.127:33243",
  "severity": "debug",
  "startsAt": "2024-07-12T08:18:23Z",
  "alertname": "hdafupjtjsvs11id0rll",
  "apiKeyRef": "j13tz67rpnaaxdlbuv7d",
  "container": "h4ytpw4ckon015pcgr8g",
  "daemonset": "1dbmmu8g4kvl80q6q9z6",
  "dismissed": "ag3jmrsecmcn70i58zld",
  "namespace": "rzzq3fv3slwhpf6s1pjw",
  "alert_hash": "l3rt7criy1if5gs37c3e",
  "prometheus": "yj17rwglmrjqndo6bomj",
  "providerId": "5zuzlsscri37pnnws7hv",
  "summary": "u7xcb4es29p5hvex2edc",
  "runbook_url": "wdv106tppmar4uqa7cn0",
  "description": "The depth of a queue has exceeded a threshold.",
  "environment": "pcrbh8vdit0h13y8vosy",
  "fingerprint": "n73sluxa",
  "isDuplicate": "izdasi4eeb7bibm564x9",
  "dismissUntil": "phmcvo4pmwf3laaq6e70",
  "lastReceived": "8f5qehd0vf44ouhmjhx7",
  "duplicateReason": "z3eids9dpy7c5aoc3jxf"
}