{
  "id": "fukmb9gfj5isx87s0n52",
  "env": "production",
  "job": "hna87ie8a5egoepnrcdb",
  "pod": "17j1qfxgwrgcc4r87hpj",
  "url": "00fldr2sa3o781q87u06",
  "name": "CircleCIDependencyFailure",
  "note": "xrj2xmqr2ylmmi9tbpsg",
  "group": "l3aby7tdyqyj4812f3wn",
  "pushed": "6eevuzdra6wqmu0kp02s",
  "region": "northamerica-northeast1",
  "source": "0rfeeuazztj0hn2i2m1t",
  "status": "fxwox1v386opb0w3ihq4",
  "deleted": "z2q5frxer18fvd2vbpzi",
  "message": "1qm1sq0j35rckxqipii1",
  "endsAt": "2024-07-12T08:28:27Z",
  "generatorURL": "m3al3mm348qqw2twwcsf",
  "project": "gp44ng1niyyr96l2wmb9",
  "service": "5ow0ianu0rpumlhvl2qq",
  "assignee": "vfcm3c4hajtueg7abzwj",
  "endpoint": "3htjtmwuycfyc3un6plv",
  "event_id": "3ftesyzot8wucbj2ejii",
  "instance": "122.237.172.41:32811",
  "severity": "medium",
  "startsAt": "2024-07-12T08:18:47Z",
  "alertname": "0jp9rusvgxc13q88azpq",
  "apiKeyRef": "pxukx4zkzin380qej2a4",
  "container": "uod1fk8mmdg1wwqc0s6m",
  "daemonset": "224k779osw4n1inxmjd6",
  "dismissed": "nyp9adm74nrusu8sep5m",
  "namespace": "d3dt2gfzi7th7rhutlyi",
  "alert_hash": "e7nwyyc1yqel7ttzmk6l",
  "prometheus": "g8vrycrw23hqbj7ptpbz",
  "providerId": "p76j1uibytn7f6r6lx1v",
  "summary": "uoidydbenj14yduvy9sn",
  "runbook_url": "6fpo4g3kiiwxcp9mo20u",
  "description": "A failure in a dependent system or service.",
  "environment": "x0misq2kvkwmz2k3v4pi",
  "fingerprint": "zc8c7kyf",
  "isDuplicate": "h6umd0coqqc9vsswokav",
  "dismissUntil": "zm988860aj4iahjvnhl2",
  "lastReceived": "0iy6lji1lyhyt6fg306w",
  "duplicateReason": "07azliox6qju0pbroisf"
}