{
  "id": "nkz3dw34bs9suplbrf3a",
  "env": "pre-production",
  "job": "lxearfifykna92ed8w3n",
  "pod": "70pi63xcr54vyep6o2af",
  "url": "0hrtbz7c6ybjknlcl1ps",
  "name": "DatadogDependencyFailure",
  "note": "tztj6aqe2rcs3e6mkg45",
  "group": "r88lwdm6chiv8gkqskmp",
  "pushed": "tz6m2bhxyvxdzx1s2dx2",
  "region": "us-east1",
  "source": "3qg3mga0kob8tz11soma",
  "status": "jcq1v9ns2cblxoxwwyno",
  "deleted": "t3rvszh0r2f0nnsmk5la",
  "message": "aeva5qh4eyofhjyk9i9e",
  "endsAt": "2024-07-12T08:45:34Z",
  "generatorURL": "u4t0sszg2snchzi3e2ym",
  "project": "7k7rng8y7kd6gzgm18d9",
  "service": "inbxayzhm6xovu95cbkb",
  "assignee": "ikf0nw7x72laq6htahhg",
  "endpoint": "ex7xsdiiy3ljtqoz7t24",
  "event_id": "ibdvp979at7n2opv3xlk",
  "instance": "26.204.99.161:17002",
  "severity": "high",
  "startsAt": "2024-07-12T08:39:30Z",
  "alertname": "azqvpi4exmgt4y5ofnn8",
  "apiKeyRef": "n3cinwam14w92zbr1qfd",
  "container": "f1z222kp8iduiu8u5lzn",
  "daemonset": "84cxchzligwm4388lod9",
  "dismissed": "7x3zljtxflfv2fwxplna",
  "namespace": "9m3l52p8a4bod980inbs",
  "alert_hash": "z27qo1quxluw676oueat",
  "prometheus": "08wvppxk4aloeft70c4d",
  "providerId": "fls8k07jim0ozt1i0gc1",
  "summary": "nanft9wfj5m6tuwza3ts",
  "runbook_url": "2emv774q0hi9wpanty8v",
  "description": "A failure in a dependent system or service.",
  "environment": "12z1run5txmp88irqszf",
  "fingerprint": "ghrwal1t",
  "isDuplicate": "svc8tglhqq6jo0xafuim",
  "dismissUntil": "2w91h0vn62k1auv831yd",
  "lastReceived": "pqlvvij5flhvs5xo31f9",
  "duplicateReason": "rfqx6lto498a9zn5q7nc"
}