{
  "id": "k11e1sucybvpj1qn18rr",
  "env": "pre-production",
  "job": "f373bvrc4fe8dgj4mhnp",
  "pod": "kjwrzetrx3mscn7il0bj",
  "url": "6m5nmm4cgh7372hdh1h7",
  "name": "OktaServiceDeploymentFailed",
  "note": "huy7l7g4xgtmakw52ld7",
  "group": "i3kxjx2kl4m2sqzjuwzw",
  "pushed": "dqg8258gn47szor5unx5",
  "region": "europe-west4",
  "source": "0zgn3xnw7mjovy2d64ka",
  "status": "rq05tlpoddiasaonog5q",
  "deleted": "ygjjp20c8e489knl4nvb",
  "message": "fvr1zyo3b7tcp6mgron2",
  "endsAt": "2024-07-12T08:44:39Z",
  "generatorURL": "s23wdu2fwgnvdqcf0r04",
  "project": "jftdr1f87wiyidffjh9z",
  "service": "2roaydy0h7mw8m0yxtmz",
  "assignee": "v0o8ufja8lbqmyn4n4kb",
  "endpoint": "4y0iqc4pv82zct26nvtn",
  "event_id": "2me01epgstox2ojgfgwq",
  "instance": "59.246.255.1:5947",
  "severity": "high",
  "startsAt": "2024-07-12T08:36:39Z",
  "alertname": "ugg14s5kubjw8bug0zcf",
  "apiKeyRef": "16ptbzsixjonfick993l",
  "container": "6mwzx1ijzmi1qzsgfi7r",
  "daemonset": "xwf472qrr3qbhkgmut5t",
  "dismissed": "06crwj4w4r5nac6etzrs",
  "namespace": "9fvwfrsw5mp8avvddhuq",
  "alert_hash": "ekstm4386tbcocrutt71",
  "prometheus": "lbxw41m9xt8wv9x1rd6f",
  "providerId": "op9x7j0l25035r36nm2v",
  "summary": "ne7r8724bm7pa3njojs8",
  "runbook_url": "z8pb3b59s5uu1os6mijf",
  "description": "A service deployment has failed.",
  "environment": "6dm9qnpyzzea9twcebnq",
  "fingerprint": "dvoswolg",
  "isDuplicate": "d0oc9jvzwdo4xkrmj633",
  "dismissUntil": "f8eor8pu7d77nsun777z",
  "lastReceived": "uefwosk1a2dxhqz7l90f",
  "duplicateReason": "xpzw7xa4xiiydpu7rern"
}