{
  "id": "hbzqd7moz1lx67d4lz3e",
  "env": "sandbox",
  "job": "gjfwozuddiet5dlntjej",
  "pod": "534wmhs170ryzby0ibsg",
  "url": "v59x2gqbd3i9r98vx74v",
  "name": "AWSIAMBackupFailed",
  "note": "0riwlzrdabtt9e0jpfb0",
  "group": "1ios3da7miibveqmhp18",
  "pushed": "knujml87jlcc73xocs1y",
  "region": "europe-north1",
  "source": "h1f0n3mlsotp66lknxtm",
  "status": "i5chltkf3tmek6hiiv4y",
  "deleted": "eoq4jmaucgt0dpd3ri1k",
  "message": "gyaymnrd23gpw2u59x71",
  "endsAt": "2024-07-12T09:30:51Z",
  "generatorURL": "1rc3brxxsf7iixqd6okh",
  "project": "n8vuxohsln19g3zj2eon",
  "service": "7nt6bv1sk7uwvcvj02md",
  "assignee": "e7q4n0yifz3efwovbftf",
  "endpoint": "lqapu0akr19im6io2e6i",
  "event_id": "dg7v2iur8shmqkpwczex",
  "instance": "241.246.37.207:28819",
  "severity": "info",
  "startsAt": "2024-07-12T09:23:20Z",
  "alertname": "je7awxc70drmocwqbauv",
  "apiKeyRef": "cl0e6ps4nu82dwbtvp7o",
  "container": "v2u3i4e2oygxl56fbspb",
  "daemonset": "0b6fkxyzkyms5ryzs32q",
  "dismissed": "xm913ko3o9q3ap28bhd5",
  "namespace": "895xed8hqc0lizrvjhrv",
  "alert_hash": "mygbzz2xl5q3uxgvq3rt",
  "prometheus": "k17cu6rek4oekpyjvj8m",
  "providerId": "r4cphsp8w31o3op16vwb",
  "summary": "axmjvxb6cozawgpm5a9l",
  "runbook_url": "pfi6gey4qvyhnsr1ya14",
  "description": "Scheduled backup has failed.",
  "environment": "pa8k7gm2gkjkl5gcvluc",
  "fingerprint": "o89v78mu",
  "isDuplicate": "1rkgo4m1bsu94aw70r9f",
  "dismissUntil": "za0ldz40pc3pgdfweo1q",
  "lastReceived": "o14zozvwn58f0l83yp56",
  "duplicateReason": "nogmhxakb5uw657mu67g"
}