{
  "id": "a3cn8ig3roqhhx0busi6",
  "env": "pre-production",
  "job": "7x26u66lz4ef0vm2963l",
  "pod": "ggr80gz63u1l8jhurr6q",
  "url": "fd716fa0b9qdcmfhfqxa",
  "name": "RubrikApplicationError",
  "note": "4jbhgtazp43imdm0ljkq",
  "group": "de3o0gb21raw9gie1skr",
  "pushed": "invnnmq6a9ubiv5kw4s3",
  "region": "australia-southeast2",
  "source": "a8gqia11gk0ksqi2t2ki",
  "status": "umrehmyemh5zv7qoh6jy",
  "deleted": "l1i423qwrq3rknmaqosj",
  "message": "uh1742sahxmuyw83e8it",
  "endsAt": "2024-07-12T09:20:29Z",
  "generatorURL": "8chcv02d6p35t64kxrrr",
  "project": "rt8vk208oku1k2stz8m4",
  "service": "00v9wfz8s3vzeyzmw4sz",
  "assignee": "w8xrg2685fimqjbzuke5",
  "endpoint": "09tw4vbtb1gmj2xnlbj7",
  "event_id": "y9aitbvmjndhgy9a121p",
  "instance": "227.173.62.197:22339",
  "severity": "medium",
  "startsAt": "2024-07-12T09:16:58Z",
  "alertname": "e25gvq5jvkugyu9s3tr3",
  "apiKeyRef": "qj28jj51q8b1xj8rrv18",
  "container": "gl6emne1snd0dc30aap8",
  "daemonset": "zc3ert9760dasfzy0851",
  "dismissed": "8gn4f1cbfrxhn42a6ear",
  "namespace": "tq6biuyynpcyegrtoiuz",
  "alert_hash": "aivey25ri33pq7b33frq",
  "prometheus": "z8ul84uv9s1n7q370n5n",
  "providerId": "l82ubz0y6713bbkejugy",
  "summary": "52rwv8ak8s7hvi25mycu",
  "runbook_url": "fkjv1bq75j1abg11v2gj",
  "description": "An application error has occurred.",
  "environment": "0y3iyvkczw6awpoatatn",
  "fingerprint": "ghrwal1t",
  "isDuplicate": "ft5u7duftisg1m22te21",
  "dismissUntil": "iflhrsqqorj817r9r0uy",
  "lastReceived": "sxudoscsjv8lazs1x1hf",
  "duplicateReason": "yl86t1820tibzzg9s5eo"
}