{
  "id": "e2w2hw0v51s78jp8pvxe",
  "env": "staging",
  "job": "wovfi2hu45okpwvww6ox",
  "pod": "j0swx8znfdvh4n6nteex",
  "url": "7unu7ukpwtw8pcjbdjoz",
  "name": "AmazonS3AuthenticationFailure",
  "note": "qc2s8c4fhjmlcua5qdxz",
  "group": "dd1ml3dhumc123o807a5",
  "pushed": "5hpeyerymyo4jgqkc80g",
  "region": "northamerica-northeast1",
  "source": "xrbgsqc7yi73sn0zwjeg",
  "status": "bnnbpxb28w4tn8c4ztda",
  "deleted": "88nph66i33jh5is40ghy",
  "message": "s4a191jjeso48dz3l6of",
  "endsAt": "2024-07-12T09:01:53Z",
  "generatorURL": "q0xzth7ajn8j5fumbzei",
  "project": "rv119jz1dtyb3bxbo9p1",
  "service": "x4kw8ioqt234pwyqesj0",
  "assignee": "hp4fwf77yspp17jq2b0w",
  "endpoint": "hsn0hvqpv7kk5h0gu1lk",
  "event_id": "67eb8w0vrh85t6iv5wff",
  "instance": "133.179.204.82:29554",
  "severity": "high",
  "startsAt": "2024-07-12T08:56:08Z",
  "alertname": "jquacx7lk01pkzn916wy",
  "apiKeyRef": "59aa092wedobogybarct",
  "container": "px65k29jf49nv2y5kpq6",
  "daemonset": "emx63mit3n3az2sw0raj",
  "dismissed": "39ae749nfwiwfkepoght",
  "namespace": "5pee0097q6btm6xpnif4",
  "alert_hash": "vdh0tdncytrn3w7o58s5",
  "prometheus": "dp016mi3qr1w60ngoofx",
  "providerId": "xn43482fttzlx19jxsbw",
  "summary": "jrjpopvpn8jjv57yht8r",
  "runbook_url": "i8fw4mydb3su9pacov9z",
  "description": "Authentication process has failed.",
  "environment": "9cwqa0ub6bmi2ifs1p12",
  "fingerprint": "y764fp0k",
  "isDuplicate": "6zcv6mjz2wbxiyz9826k",
  "dismissUntil": "q0e7syqb23ffrhrgkc86",
  "lastReceived": "nnpnndwp4p44pyyut01l",
  "duplicateReason": "qdw5biwlzx1hailt7bba"
}