{
  "id": "okoh4oiez9mptuysrbsm",
  "env": "production",
  "job": "16i5c2tnmaktt3iueqe0",
  "pod": "cb3b7jrxybvrb8y6g6og",
  "url": "7l4ud9cmc0bcrz28mob5",
  "name": "SlackDatabaseConnectionError",
  "note": "p4n8wqgfvdaqv6kdnpeb",
  "group": "tr5y2tqq5ahsd4uo4ntr",
  "pushed": "fvnzaraloy3j0jurtlsw",
  "region": "northamerica-northeast1",
  "source": "oltg1j0p68xqc5nlw6nd",
  "status": "d279oqaet41astfi6wx2",
  "deleted": "6pp23gkw9dr1kmmuyfak",
  "message": "2a7sdl6ksgkomjowvjko",
  "endsAt": "2024-07-12T08:57:22Z",
  "generatorURL": "qh5oeocxqzeofabihsj6",
  "project": "qsjzv38wj5j4fsiihers",
  "service": "62bvgoi20wrh5olk1xe7",
  "assignee": "dvy6ecvitevlfcaazfjq",
  "endpoint": "mkat8nc73cnrm4xqdh7u",
  "event_id": "7io7z99uatfqse32xt6t",
  "instance": "164.231.154.138:1187",
  "severity": "info",
  "startsAt": "2024-07-12T08:55:01Z",
  "alertname": "sq0hdqgtpezxxcfa1pxx",
  "apiKeyRef": "z330y66pais3nnc8uf23",
  "container": "nnacsqnzktxbm8y8ubby",
  "daemonset": "nw9kiq06mg66ultf64ao",
  "dismissed": "jiq29lccndu3ncgoekss",
  "namespace": "z0uwpdpgx4atjnk44xd8",
  "alert_hash": "qskm2l0rgeovh5r8fiwb",
  "prometheus": "uj845e5dzkj8487nj5k4",
  "providerId": "tv3ls3x9x0mhe06xz67d",
  "summary": "6rrtfwerzb6jz95tzyox",
  "runbook_url": "wkotg1ovobbsqzq02fxb",
  "description": "Unable to connect to the database.",
  "environment": "t4q7w6r1500pkomajz5f",
  "fingerprint": "fzvao4z6",
  "isDuplicate": "yicy7fzsoljv7ht3eig2",
  "dismissUntil": "npeo56lgn2udpmqo28vb",
  "lastReceived": "m2itnzi3v699hpthtw1r",
  "duplicateReason": "vayryo4tome8muwiefza"
}