{
  "id": "uhdeye6dkg2pocedftt0",
  "env": "staging",
  "job": "bog7xe37dtmo182gn3iu",
  "pod": "j1203pw1btk95rhai0s3",
  "url": "3l9zjek0894xiu8lf38y",
  "name": "AmazonS3CertificateExpiry",
  "note": "d13c9rxveqxq4wt2j7cs",
  "group": "0t16op44im3l91j0hx51",
  "pushed": "5sy1ctkf657m6ldsucod",
  "region": "europe-west4",
  "source": "ufkojdrjyoast6j2ihj2",
  "status": "f82s7zp1743yzwz1y353",
  "deleted": "7504p46wxwj3tn6d7qia",
  "message": "eunxriszkzghg2eyoutu",
  "endsAt": "2024-07-12T08:54:38Z",
  "generatorURL": "uce4vintuqduiyrth2sw",
  "project": "wmnwj5j2tw8yvx30op7f",
  "service": "43i703ff6ppt79o4mlju",
  "assignee": "qy1xqk1uhqh8lrq49zfa",
  "endpoint": "m0f8dtgr2x01al9b4z38",
  "event_id": "nziujbqndj0drgi9cynt",
  "instance": "59.82.167.140:51937",
  "severity": "high",
  "startsAt": "2024-07-12T08:51:56Z",
  "alertname": "7lshfmeq6k70w45i1g0e",
  "apiKeyRef": "1tngihs7hq8osfd4cok3",
  "container": "4l1hg3bsyjfph3i8k7ya",
  "daemonset": "hkvagyhjh9v1zkv2xdxd",
  "dismissed": "9hbbxrum70aohngg7hok",
  "namespace": "j272poihrwq3wj3in9wk",
  "alert_hash": "42vx79mdfoae43iqhkmo",
  "prometheus": "creq28ev30mq6zxwocy4",
  "providerId": "pjle1xayoabdwzbr0k7k",
  "summary": "nudocnnfrhmz9qvt7lvo",
  "runbook_url": "t92xtlu5ibvao8or21hl",
  "description": "A security certificate is about to expire.",
  "environment": "nxxe2864yyftfpzixhxw",
  "fingerprint": "6r5r475t",
  "isDuplicate": "25py3norvdce9s99friy",
  "dismissUntil": "pxkodrtix2gq6cuw5lm4",
  "lastReceived": "mthdfn4nyx0bd8ovrsgr",
  "duplicateReason": "0eodmpmx2bude1coz9bc"
}