{
  "id": "qwc1unzf26228j4dcnyf",
  "env": "pre-production",
  "job": "woupg19jza4y37btyj74",
  "pod": "3pea2horrexdt0jaqtnq",
  "url": "faclrfk9903tfkqsazrt",
  "name": "FirebaseRealtimeDatabaseFileSystemCorruption",
  "note": "yj8ufjhwwyqe3nxpt972",
  "group": "k4xo9753ppuju8bwnbxs",
  "pushed": "p4fi7fgncic1epyulmwi",
  "region": "europe-west4",
  "source": "cq77v8swxaj0nkrcdqqu",
  "status": "hkxyvsqiyffirx8wh2hm",
  "deleted": "zm11ugt8z1tcyjy72snd",
  "message": "qwnsdjy1mw66bgm57qcw",
  "endsAt": "2024-07-12T08:48:32Z",
  "generatorURL": "0mxd75pdc84gpykd3t67",
  "project": "pplzpbeu8vucjqspzdjx",
  "service": "agxc68nh0iq4s3xg15y7",
  "assignee": "q278fs51h1pnfgqb2zk5",
  "endpoint": "q5lsxnonwf6bd6bv6t0u",
  "event_id": "4okfbnrl4u42eavhewj0",
  "instance": "53.145.86.9:46832",
  "severity": "critical",
  "startsAt": "2024-07-12T08:38:50Z",
  "alertname": "qvl3m7qwm0r1liucusmh",
  "apiKeyRef": "v62aqyor5aucjvt2lqhx",
  "container": "wpi287y7j2v8rzvk75hk",
  "daemonset": "34awaaepra8kx6l5fxzv",
  "dismissed": "imzsq6e7z8xtul0ygnik",
  "namespace": "pcbjxvhp8tdnwwsc7uch",
  "alert_hash": "njhcvxbgtlwrj8oro0kt",
  "prometheus": "lxqwz9md45gqhhi9j8jt",
  "providerId": "67sq9uple0km2djxbwgz",
  "summary": "e17p8leo817wzrq894yk",
  "runbook_url": "s2f5nob6tesmourbb6mj",
  "description": "File system corruption detected.",
  "environment": "5nfzc0o55q4fmizbkter",
  "fingerprint": "ghrwal1t",
  "isDuplicate": "a3qk554s1swj4udzhnz0",
  "dismissUntil": "1yb8v4w1t3tk09utefcg",
  "lastReceived": "x9j7372u3aifoygovd6s",
  "duplicateReason": "t7zs5tja3ptk2fwgj5eg"
}