{
  "id": "bnuk2bi98fmv1vyqvvq9",
  "env": "backup",
  "job": "j9rh44agnu9uyletnisj",
  "pod": "34f40946xud0t65ce76l",
  "url": "z6l3rlbvmxi3587cqsry",
  "name": "FastlyMemoryUsageHigh",
  "note": "k487efep8dkaeweuwj2d",
  "group": "x576s4ji3n1t8oi7ycel",
  "pushed": "efevxsc1ck8u0wntn439",
  "region": "southamerica-west1",
  "source": "q9e47821mkz9mfbszl8x",
  "status": "ft20h7lyhw8p2x5vemvh",
  "deleted": "sp9bajt8yvozuediotyk",
  "message": "ydu95gkmn0impx8c6pdw",
  "endsAt": "2024-07-12T09:22:31Z",
  "generatorURL": "wwyu2fre28mth4xsm6fj",
  "project": "hefg5xojdtdswijva2ey",
  "service": "c3iv57qp64jem4up0qzf",
  "assignee": "7uzscma5ot5oozlsoz8k",
  "endpoint": "m3yhv9fukiv9yta0ym3j",
  "event_id": "a2u6i7y2v7p7stubozl0",
  "instance": "1.169.226.207:55692",
  "severity": "medium",
  "startsAt": "2024-07-12T09:19:59Z",
  "alertname": "js22xxeuvmp1rf7n6sd8",
  "apiKeyRef": "8i8sbtl5d3ql3jdseim3",
  "container": "hs4lcmqxv6apx4vb14h7",
  "daemonset": "trl8mcibcgxh0no58urb",
  "dismissed": "gartxvdq4blogh3b1hl4",
  "namespace": "z1gt6f8oq47xyroel0ol",
  "alert_hash": "buolh83wnzrltxrzqfme",
  "prometheus": "5ltbojrg840sslcuvno2",
  "providerId": "tzuxg4f17f4nd3y0wty2",
  "summary": "g1hqkaajutfbculb2prp",
  "runbook_url": "7o65o79nstplkpcei225",
  "description": "The memory usage has exceeded a defined threshold.",
  "environment": "idvxd4p9e6fs3rk87bse",
  "fingerprint": "d386viuu",
  "isDuplicate": "g0wll0o7jum4zm7he69o",
  "dismissUntil": "wt6uk7gvqe51r26ovza2",
  "lastReceived": "oyich6jykucv6d6qd7ib",
  "duplicateReason": "fu6gz0w5ihrylb7h98qg"
}