{
  "id": "911mvpr53sscfvw3elzt",
  "env": "demo",
  "job": "a9k60qz48xz4nqr5e0eo",
  "pod": "5zdu5r3dqnhe9tz3o3y0",
  "url": "ja727p8w7deke2pmqgoz",
  "name": "AzureKubernetes ServiceDNSResolutionFailed",
  "note": "pu7h6fg12u8qwldbafq9",
  "group": "cmtxsfhy95ccyaqbrdfc",
  "pushed": "6govq5hiln0legxv2wcp",
  "region": "asia-northeast3",
  "source": "8li62zgjbx5u13o61neq",
  "status": "8kk7xe0l29hkh1gji0tg",
  "deleted": "y6b01mdbntyvsthtobmk",
  "message": "dn16neb08g6xcqurrkka",
  "endsAt": "2024-07-12T08:51:22Z",
  "generatorURL": "zjhzhu2uyhu15g7z9mxv",
  "project": "v9uffmvovpjfvqq9fvvv",
  "service": "ad5bpca9jy2jq4ot6maq",
  "assignee": "10rizurvvirpac9kb2b0",
  "endpoint": "1of1pzcdm9b4nr6boqid",
  "event_id": "3a7xd3t4nm5uss6ady6h",
  "instance": "32.140.13.109:9557",
  "severity": "debug",
  "startsAt": "2024-07-12T08:48:20Z",
  "alertname": "niab31gl8367l0vl2582",
  "apiKeyRef": "spnybltpj4v5muyavic3",
  "container": "s0wiqwryyugbgn2d1jjd",
  "daemonset": "e5dczaij7b3a3y8ewlld",
  "dismissed": "gf5vpguzv6ytjzygd882",
  "namespace": "kqn82s1eej9xzeaggqbf",
  "alert_hash": "rd58or1q0kczyhfh5t1v",
  "prometheus": "60p822ehh69c40pbp4ai",
  "providerId": "qflsrk6f2s3owghcdy6w",
  "summary": "obsnns6mhmspfohs3tcs",
  "runbook_url": "a05a81yewz5sjt6fbdk4",
  "description": "DNS resolution is failing.",
  "environment": "ch56exhwegram4h005k4",
  "fingerprint": "pnkzqyld",
  "isDuplicate": "mgg2mjw2z16dkb5zvlqe",
  "dismissUntil": "l5ylhyoz22txwt7tfv0y",
  "lastReceived": "rm370yyodulr60eqjj95",
  "duplicateReason": "p9wf6dfseg4ybi3kpamr"
}