{
  "id": "vbfwube1pf5vnzqaueoh",
  "env": "development",
  "job": "okc1acgolkdoaa5tvg9s",
  "pod": "flxzgs648ukudqd01qk1",
  "url": "fq9irnn19470ayrhislf",
  "name": "MicrosoftAzureSQLDatabaseDataIntegrityError",
  "note": "qz1irx4gdc3cg9xdye82",
  "group": "bv20u1pa9aq76e95jsvs",
  "pushed": "7zktslyq5brewitnycps",
  "region": "australia-southeast2",
  "source": "kupa87dgvorm5ja36mm4",
  "status": "su88cirxtg0fkpvuxrwi",
  "deleted": "dwog160bu8jhey75kbpp",
  "message": "j4rcvxvok2uo4pi58vn0",
  "endsAt": "2024-07-12T09:03:55Z",
  "generatorURL": "43g0d70vztbspmlmc4qe",
  "project": "f977zansuj49re3we3tm",
  "service": "tam6109j6p8f9wuuwlvf",
  "assignee": "ox9oykpcnhsluv7fh5dw",
  "endpoint": "8442gftt3q7b88iskcr5",
  "event_id": "86jz5o5yhi97p8kh6pfz",
  "instance": "153.66.4.42:22908",
  "severity": "debug",
  "startsAt": "2024-07-12T09:02:17Z",
  "alertname": "t6ncgpnet8vl5z5kdgza",
  "apiKeyRef": "otfqweew1xl824c7ofmr",
  "container": "qnil1uqejv1rm9ltxi8d",
  "daemonset": "3e7ijvch5ulougfzkknu",
  "dismissed": "xlaeg5fxn5mtve40xl0o",
  "namespace": "yknt20e67gmo0p5ys0lr",
  "alert_hash": "ypjtwd1qluqewe0h3p7u",
  "prometheus": "xf4c33wbt381dapptoom",
  "providerId": "wpq80ni81yvjzhee76ee",
  "summary": "vt45mu0a8ss2e85ypgcx",
  "runbook_url": "qjmsyowwbkprgnlmp4x0",
  "description": "Data integrity check failed.",
  "environment": "34z1g3xvwgsx51iv452g",
  "fingerprint": "r4q5975f",
  "isDuplicate": "0b3llt25gossev5fdy97",
  "dismissUntil": "mc3lxm45cswnbppu37il",
  "lastReceived": "7jar70zkbhfp2uq0m2xq",
  "duplicateReason": "bqz70f4pnkncz04vrr78"
}