{
  "id": "q81xfrzmnjorrj6hp1r6",
  "env": "demo",
  "job": "a8440erm1f1ylvwh0ks2",
  "pod": "k3n5qy8whsfg24mbvq86",
  "url": "mlrjdt408leg2zhd6v09",
  "name": "CiscoSecureConfigurationChange",
  "note": "pnuceqbrn7jdm3qie3xm",
  "group": "bvsxgoyh8gelqcnifytx",
  "pushed": "4ai0neuyck1ke6mk89h2",
  "region": "asia-east2",
  "source": "9ab93sskc2e7kr3cm9xq",
  "status": "ms3wu0gws9qsnah2t3l4",
  "deleted": "x3164p6sv2n47psh8eau",
  "message": "6ieo9vkzhf9fv15q04kd",
  "endsAt": "2024-07-12T08:31:37Z",
  "generatorURL": "awfo5qegbwp92nzc0dq3",
  "project": "pum451wyvwo3c8w1nygt",
  "service": "wgf9rfro37v4ggmiuua9",
  "assignee": "1edcgkgt8ql7tfzhcyd5",
  "endpoint": "gamzw4k5ngwfwddn77cp",
  "event_id": "hu1lcz75bkzim7mc62al",
  "instance": "78.198.217.88:59545",
  "severity": "debug",
  "startsAt": "2024-07-12T08:30:28Z",
  "alertname": "uws36sz7r9tplvtqjedk",
  "apiKeyRef": "kvifxq6dvyi96chkvrgx",
  "container": "zrc5j19gnnbz0j82a3vb",
  "daemonset": "u6g59bitlmkmonfg061g",
  "dismissed": "vv3itijsr0fni5dxkcnn",
  "namespace": "sjk7mfxk8atfavhray3a",
  "alert_hash": "b3ixi45mda4ae6j3xrvj",
  "prometheus": "b08b812l4glgoglkitzk",
  "providerId": "nwiand0fob4j6hl9hwxs",
  "summary": "3dk3g6t0apl3ay4pyemb",
  "runbook_url": "vpxegn95by7iy3i6jhi6",
  "description": "A critical configuration has been changed.",
  "environment": "53k9fo1hoo66pxvi7zti",
  "fingerprint": "bm0n65xx",
  "isDuplicate": "86puo59126w9ohtzy5r4",
  "dismissUntil": "ov1j98fcxvkqudy3bb14",
  "lastReceived": "p9cd0q682x2wehjd0wyn",
  "duplicateReason": "swhk0pqtywhectcbbz0u"
}