{
  "id": "76fn9cu2s5jgj7ifxpci",
  "env": "development",
  "job": "kod64saab0mmbuuz58hn",
  "pod": "hkf4hktanop2jq5ijkpu",
  "url": "f7xuwe0zpktagpkuvfv4",
  "name": "Auth0SecurityBreach",
  "note": "aqx40l76t452fptucvux",
  "group": "8kcsqu946dnora1geiiv",
  "pushed": "3qu4rdbo2xx585sann18",
  "region": "africa-south1",
  "source": "pc2rqy685duhz335o383",
  "status": "i3gpg759rhbvzspovtkf",
  "deleted": "ubeos5mft0jwizta6463",
  "message": "9y857l083s6k188x2khr",
  "endsAt": "2024-07-12T09:06:30Z",
  "generatorURL": "7kb649aku1u596eftca7",
  "project": "quovmwgvnm6cl2y5t0qu",
  "service": "2k44sicybucu5hy36heg",
  "assignee": "653cdyvtu9jflbvzw7dg",
  "endpoint": "ppzc5kyiigzp5hynobaw",
  "event_id": "emggttgqe82hfel1u24h",
  "instance": "239.102.139.236:16863",
  "severity": "warning",
  "startsAt": "2024-07-12T09:00:01Z",
  "alertname": "srmefjv1iujru280o62r",
  "apiKeyRef": "c6binxld7ussnm33vvd6",
  "container": "isdhq9pbfic71u2s8gqx",
  "daemonset": "5pk8t2ywz1evotkftpkr",
  "dismissed": "ybhktd71bc6c9e9a4ofc",
  "namespace": "2mk9v4a2p4xk7p9s4b9r",
  "alert_hash": "tm7ilj51zr6yufads3js",
  "prometheus": "sanyh8uk4503w80lxtqg",
  "providerId": "wrtt2yaoiu9a9u1jjkye",
  "summary": "k9hg02hr14oq4jgiyeoe",
  "runbook_url": "6x2uoib23p8j43vlaxe4",
  "description": "A potential security breach has been detected.",
  "environment": "5y5x8zx00bvsbdkjq0kc",
  "fingerprint": "xmvq8i87",
  "isDuplicate": "w0pj0dkwojnq4y65pef9",
  "dismissUntil": "ln28ga5gmf71xmc6q24k",
  "lastReceived": "4tge9xu6addwk2w0y2uj",
  "duplicateReason": "dh1lnt6jacd8t1q3jd20"
}