{
  "id": "ir71if4n5ulphmhu9nlf",
  "env": "development",
  "job": "fjjr3vahlv2ozoyapups",
  "pod": "3p5nl4luqh9qbjuefyib",
  "url": "p2vuiuo7edqdxt3pk8yl",
  "name": "KubernetesConfigurationChange",
  "note": "icy1slww6i1ztuendomi",
  "group": "5eg3ringzkmr70zvtdjt",
  "pushed": "nup5jzvs5ls56gsgqaoq",
  "region": "australia-southeast1",
  "source": "s4gkhjwq3cg6pco7btyn",
  "status": "pg81szowajx6lqxltlv1",
  "deleted": "1jc5yk39ge9tvm0ftb19",
  "message": "6egdfwy6ba8wjwdyowzu",
  "endsAt": "2024-07-12T09:42:18Z",
  "generatorURL": "nrr239lg0nht7oync7v6",
  "project": "qogkr37m1nh3qsoj8bj4",
  "service": "vzk4q65iz14wd6dbg7d7",
  "assignee": "7qok46kwqp03xri1jqcr",
  "endpoint": "edvah28wd0ow1puuf0up",
  "event_id": "4pnkivslitoyuepnmkad",
  "instance": "53.145.86.9:46832",
  "severity": "warning",
  "startsAt": "2024-07-12T09:39:39Z",
  "alertname": "ehtvzu2jfjpkj1v9krry",
  "apiKeyRef": "gs0lif6doqs95xy674hw",
  "container": "v9jy5b9wb719vykan1v9",
  "daemonset": "f2sgb7w3honfg3cffbb3",
  "dismissed": "3jw2ddq548gnyajq5zid",
  "namespace": "ruafq897dofgc0nvfbm2",
  "alert_hash": "cuxfk4uy1x4d2sc1mhk3",
  "prometheus": "tvvnxuz0r9y6frjo5581",
  "providerId": "3u4uz6e8sq5a0d8su2bt",
  "summary": "33v7tf5jj3gl7u1zai6n",
  "runbook_url": "ln1ok0ibxr9a8pjlxjhj",
  "description": "A critical configuration has been changed.",
  "environment": "kz11i8yrs0z5lzjk0bkj",
  "fingerprint": "latbt2mz",
  "isDuplicate": "3rhpen1wlkfmc6ilflr4",
  "dismissUntil": "2ra1yhoeoimyc12bw4tv",
  "lastReceived": "v9t4pgk0yfv32oqq9o1q",
  "duplicateReason": "964w1ig6we571dweeikq"
}