{
  "id": "15eeszzip2pyi11ohx49",
  "env": "testing",
  "job": "dag7106nd2zg45j824cz",
  "pod": "e31hfw7hcar0odbmdip8",
  "url": "4eeyx5bqmoa0hcelbg9p",
  "name": "GoogleCloudCDNDiskSpaceLow",
  "note": "9nw7oq9sg82tzizlu29e",
  "group": "pvwaob91nz18xo4jenho",
  "pushed": "c2r827qug6nady9isuet",
  "region": "europe-central2",
  "source": "ml88718dsp9zstrdvcyg",
  "status": "qelvz7bu09gbg1vojcap",
  "deleted": "x3jvd06lkfneblmiyy73",
  "message": "iurcz1n98z3tjkfpvg97",
  "endsAt": "2024-07-12T08:12:05Z",
  "generatorURL": "crymfr3ma2672r95e00s",
  "project": "cznfvvrjvegq4qe8qhnk",
  "service": "uulry4yjogac1q7nrz21",
  "assignee": "6eqwlmmrnx9a965xrbad",
  "endpoint": "q3nb4v36i5ge97yxjxb9",
  "event_id": "cphwb3dq9dx2mhjom2zk",
  "instance": "123.63.28.58:39510",
  "severity": "warning",
  "startsAt": "2024-07-12T08:05:42Z",
  "alertname": "ybkqxyrix1wz2x1v2ve6",
  "apiKeyRef": "tyvtllc2s75c9nkye1oo",
  "container": "tg6ma2et1r5etrof8ffv",
  "daemonset": "r7dxipswqrblsodtruf5",
  "dismissed": "sgtdj3ijjf6on3dkvnxl",
  "namespace": "madp4cpwqm4k1vk1br0i",
  "alert_hash": "f3d7upqwzeoyzg90wqa4",
  "prometheus": "321v2evzqgnd8fn5ohrj",
  "providerId": "c5cznf5esyqlrqb2723q",
  "summary": "17zc4nf088ajcrdyldnk",
  "runbook_url": "2bzknh9si7e0xfz81fxr",
  "description": "The available disk space is below a defined threshold.",
  "environment": "4ytzvcdm2nb5r7mhprmt",
  "fingerprint": "dag9rjr6",
  "isDuplicate": "m7tm74cw2emf5n8hwkw2",
  "dismissUntil": "vcxo1h1spu4uvdjhzr8g",
  "lastReceived": "f41hkq0dwyn199dy7x6u",
  "duplicateReason": "5talb7nqfq3d2zuitzmk"
}