{
  "id": "sdfi768k34mpc8e4yar6",
  "env": "production",
  "job": "uqgf8kav2f47fxq60890",
  "pod": "vk4axow2o5yw5bfxq4fd",
  "url": "42vxxzg72s978czez8q4",
  "name": "DatadogInsufficientPermissions",
  "note": "wvzmzxh2bhwa8z4kcldo",
  "group": "1nsl8c38iv42z5xb7qpc",
  "pushed": "tsjuyy5y70kcj9gp3g87",
  "region": "asia-south2",
  "source": "t8fs27pynz7l36xggglj",
  "status": "5ohsohlebhjkyaiuo8k3",
  "deleted": "a4nlmm7tlo5as8fcmabb",
  "message": "vyexoqu6dznlepmw46hu",
  "endsAt": "2024-07-12T09:29:08Z",
  "generatorURL": "6597v29yxmb4m5spfdjy",
  "project": "a70cf6iv37pzv1j6qz3h",
  "service": "wctc8drni04n7ep0xe13",
  "assignee": "pew09jah8gs1ry33hnd2",
  "endpoint": "uqzanq3a1mo772nul5zf",
  "event_id": "ap0i0qe89hdylz2cmhu3",
  "instance": "121.210.44.216:32341",
  "severity": "medium",
  "startsAt": "2024-07-12T09:19:49Z",
  "alertname": "y9gijb8031iaj49pbvg3",
  "apiKeyRef": "gwlvd8i63ysw7nafgz1u",
  "container": "amxov0aedvzzydve30i7",
  "daemonset": "a4cwh1dedvezxhex9o0f",
  "dismissed": "salyjuk0cryig5g9peti",
  "namespace": "ke8q1nghvkujhl92aaj5",
  "alert_hash": "4ye0cik7kzxouyk2gwdd",
  "prometheus": "j5eqssohbg1syb0iegni",
  "providerId": "1riu6xf7eis1ilzgwa5d",
  "summary": "zdrjz6ztdcdniwoiramy",
  "runbook_url": "vu39rptf6nrf5pemibls",
  "description": "A process or user lacks necessary permissions.",
  "environment": "vvnl2q6rhwwatx12cjhy",
  "fingerprint": "wlluo6y9",
  "isDuplicate": "fxwampk04debx59vs8qi",
  "dismissUntil": "m79w5wx1lu5cwbawutwt",
  "lastReceived": "5fhstrodveqcn1vnnmtr",
  "duplicateReason": "yceutah0k4zcl408i31m"
}