{
  "id": "dhr2u9qkr8tewzodhpsq",
  "env": "sandbox",
  "job": "dm8ca4dum7nw0jwkohay",
  "pod": "5pbo7zj6jyx8hug2xcej",
  "url": "vg5hg0mm3vrrc7fr22mx",
  "name": "GoogleCloudCDNServiceMemoryLeak",
  "note": "wnk7o89b0jwrb1cab8p3",
  "group": "revjbdy2ev7i0nrj1acq",
  "pushed": "fc012cikfuodhzjujnhq",
  "region": "europe-west1",
  "source": "iqxoy8lgsosz83zdjkj6",
  "status": "a6b96oegtwdl5gjozzs1",
  "deleted": "zvx2zqrwdjp6rv2hx9ac",
  "message": "c38xlbe1tknhnoawvgox",
  "endsAt": "2024-07-12T08:24:28Z",
  "generatorURL": "mhuz1s2a2dltprzvunqx",
  "project": "xo571yzleuxdlqpiknhp",
  "service": "ynu30va3xlvvia31zz6v",
  "assignee": "odei46t4ryb0iwk04o99",
  "endpoint": "52158fbupm1ugc88bl0j",
  "event_id": "o3h57nre1ctj7c6bjxxm",
  "instance": "123.63.28.58:39510",
  "severity": "critical",
  "startsAt": "2024-07-12T08:15:00Z",
  "alertname": "1k7exkwztpnw9v5w7b3w",
  "apiKeyRef": "dxampkxjrhivn3w7w9by",
  "container": "c1vh9b6ifkiv0pifygbc",
  "daemonset": "s91jltrdx6hq5u5uq7du",
  "dismissed": "7i9jtdollihmjm6dyeq3",
  "namespace": "xm26rb98mljg62ev4ezn",
  "alert_hash": "931ecgolf0qexpcv1qzg",
  "prometheus": "trj9slwt6lt6t3wsn5ig",
  "providerId": "njzio12r1m0j88ciultr",
  "summary": "70j271llqqmjv3d5r7ci",
  "runbook_url": "oktxjf6w1f6fs0n807l1",
  "description": "A service is experiencing a memory leak.",
  "environment": "30ulfych8if2s8peb8kn",
  "fingerprint": "y764fp0k",
  "isDuplicate": "qvv8epxeakm8t9bs98c3",
  "dismissUntil": "irn7c5qwkg2brymqc1f2",
  "lastReceived": "2ptumnm71rjw808dk7vy",
  "duplicateReason": "45outl8bb6rmdbc4ic6i"
}