{
  "id": "q26jc8n85p3jh7vsbxbk",
  "env": "pre-production",
  "job": "4elnkcnycei6kax5mkiu",
  "pod": "d3zozzz8f499qv3vodml",
  "url": "daeee9mkxaxljmpt8oab",
  "name": "Auth0ConfigurationChange",
  "note": "hkdzbin1aagvysloc75n",
  "group": "e3m0mhk9vdaryndeozkt",
  "pushed": "x1r59xu4eu4jujwqn12s",
  "region": "asia-east2",
  "source": "ldz4kgfeunuauunjwmfj",
  "status": "lrwbl9ijy7c1traz0nc9",
  "deleted": "o5okk58yvc6v7y182swf",
  "message": "wn133vre1kxf9inck0wb",
  "endsAt": "2024-07-12T09:43:42Z",
  "generatorURL": "0onarxrhkgb2daien0vi",
  "project": "5j03nutqupy8lhseje0k",
  "service": "d0w2uxv4j5p861pbk0ko",
  "assignee": "mxilgli5lzl0wlqgnr5q",
  "endpoint": "3x5tx6l89izwqpe9ewpg",
  "event_id": "dg4bg5i65yv4w32lhdbq",
  "instance": "78.198.217.88:59545",
  "severity": "critical",
  "startsAt": "2024-07-12T09:36:08Z",
  "alertname": "9qjbo29hwubbga3nw5y6",
  "apiKeyRef": "sn20gpsc260scb0zsq1q",
  "container": "14p5o0zxkoa9hd8kaclw",
  "daemonset": "w2m8445edh3cidsfjmw3",
  "dismissed": "aad9w3cfhcwo4g8yqo9o",
  "namespace": "2o4vaxjw5jq5qn90vygr",
  "alert_hash": "2ghtv6oy5563nx7gpvxj",
  "prometheus": "mzi6ai2g4198kd2uoydq",
  "providerId": "525v2cxyop7mt1snh3fr",
  "summary": "6xptz4lacbov29mmd8yl",
  "runbook_url": "99uq33wpat5aczqepig8",
  "description": "A critical configuration has been changed.",
  "environment": "34u2ezpu4bu84moe9lea",
  "fingerprint": "eil0h2tx",
  "isDuplicate": "zrbpycpkahwcaefu3oyx",
  "dismissUntil": "c33bsrj6wr5x6lgrryka",
  "lastReceived": "chcg150ctirhq29suqkh",
  "duplicateReason": "3n874zin7r711dlo25zi"
}