{
  "id": "nfti3y4lzler0gobcm65",
  "env": "pre-production",
  "job": "ihw0gpsk4jq7d2zz3lw1",
  "pod": "o6j6zcc7cf4565uumtf0",
  "url": "goolu1pbtbhpuled64yv",
  "name": "CiscoSecureInsufficientPermissions",
  "note": "yktpxttflmnssr4b4ng3",
  "group": "joi498nxd3fyejpndi15",
  "pushed": "g0iu0naqmm1j4w8o22b4",
  "region": "us-east4",
  "source": "mh8f1rf85i85l22y3228",
  "status": "4j2z9ddi071526txtbh5",
  "deleted": "6z33cstasc03m0nei95c",
  "message": "md5x2i0brrpxzl2rsv5z",
  "endsAt": "2024-07-12T09:10:06Z",
  "generatorURL": "u7lpc4kb7jsrh46pwft9",
  "project": "jwzthtkd9wkl4l3mgxnl",
  "service": "kqhln56jlkhxvntmlg6w",
  "assignee": "mi20ka7is194726fl27f",
  "endpoint": "ul8exjo4ju8rxocrnupb",
  "event_id": "km4y6enm5mlyowre7ff3",
  "instance": "54.32.112.227:18293",
  "severity": "medium",
  "startsAt": "2024-07-12T09:05:03Z",
  "alertname": "gyvn9o0x5ew61meddmm6",
  "apiKeyRef": "cq2jthonjmlspaf1tz6a",
  "container": "afwsgp4sbd390s6ov43o",
  "daemonset": "23t8yuxy8oazkzpptmxt",
  "dismissed": "o471v3p83w2hxnrj7q91",
  "namespace": "6p8elusba8eu2fqxfav8",
  "alert_hash": "9r087dq4fvuuth6fd6hm",
  "prometheus": "y6olroosj115uqonim5o",
  "providerId": "xcyri40m1biq0qog2xhi",
  "summary": "yleh27w664y741gwe3v2",
  "runbook_url": "8do6r4dl5e2595jyv1gk",
  "description": "A process or user lacks necessary permissions.",
  "environment": "msgz2rjk9pv924gggh23",
  "fingerprint": "o4mhfcgz",
  "isDuplicate": "dxg7e608ugwxknma38zn",
  "dismissUntil": "m88l0w37i5vvzjmkerky",
  "lastReceived": "0fllv6n77fox7w7yr4tz",
  "duplicateReason": "c4xqb7mdlqum3b0al5uj"
}