{
  "id": "htuvtqzrz0r3hrz45txi",
  "env": "development",
  "job": "n5xs6790i2fyef4f3pvz",
  "pod": "rzampa37hi3jfe3d9iec",
  "url": "lhlta2wnf39s1uvgchva",
  "name": "JenkinsLicenseExpiry",
  "note": "h6utq64jmud5xmby8puz",
  "group": "4nowmw5p9469714kmd7i",
  "pushed": "k09zxis67exegit96qyx",
  "region": "northamerica-northeast1",
  "source": "uhldei1qe52ecvgru54x",
  "status": "p0cvda723mu9xqzguyxc",
  "deleted": "v8xtcdj8l43mln49epvi",
  "message": "7e7p7z1xysomgyefm714",
  "endsAt": "2024-07-12T09:48:17Z",
  "generatorURL": "ydpjvk3do7ymit1usvmb",
  "project": "a6k87vn4vww2a5kjl3hk",
  "service": "ravggwu1yowsvv7i8bej",
  "assignee": "885ded7xl0q3r9mjsrxr",
  "endpoint": "qn8vm4i536cxm00e5loc",
  "event_id": "o78d8ldtc1hnstxc7ks3",
  "instance": "68.159.242.68:17213",
  "severity": "warning",
  "startsAt": "2024-07-12T09:47:13Z",
  "alertname": "0v6hph6u1torvf23ygwy",
  "apiKeyRef": "opevs5nbudl6nkxy6ki7",
  "container": "9p5mtxza0nzl9w4aijk5",
  "daemonset": "gb5v27s2wjlnwvtnn1hy",
  "dismissed": "oi7yc6m0sgn1he4klp8p",
  "namespace": "1o0k9bqptlbicp8xnptk",
  "alert_hash": "kyc02u1mj72y867tivlb",
  "prometheus": "1r8bo48ulgrz0qace8dn",
  "providerId": "yna192wtbexe16qmncju",
  "summary": "lhptshm3ep5o9ffx34v6",
  "runbook_url": "rxryb8tst75baasepn4w",
  "description": "A software license is about to expire.",
  "environment": "13enkhq2g4bkuth1uwmm",
  "fingerprint": "p2zg42p3",
  "isDuplicate": "pgey7tfmas5ukt3lub1i",
  "dismissUntil": "moe3sbno0d6jyf4m28xb",
  "lastReceived": "gxrr8m5hnzpyk408b2pq",
  "duplicateReason": "m86ebq04l6866ou3pwxu"
}