{
  "id": "h1hhmu50lxwalsge0yhi",
  "env": "sandbox",
  "job": "q6q6a2o4k5zssfne8zd7",
  "pod": "rvypqda8pk9sw0g831zx",
  "url": "o2cmejns9l60x2xkrvh1",
  "name": "RedHatOpenShiftApplicationError",
  "note": "dkq28lgg4urd65jl5vun",
  "group": "t54yem6jc88nmbi1jwpu",
  "pushed": "xi8e959xqffh7nl5crz1",
  "region": "asia-northeast3",
  "source": "p7w47by1bosw0a79ivyk",
  "status": "8lfd93ig5idw2s1m045j",
  "deleted": "7gb97ptihcvilujrnruf",
  "message": "4jynevuby7c8ya86itnx",
  "endsAt": "2024-07-12T08:17:16Z",
  "generatorURL": "ogz5yuzkprweivq3otqq",
  "project": "6z6oo299vc0xso010t0t",
  "service": "y5kl8hxqwora20wwumry",
  "assignee": "1d8uyfyayeeimhm52vca",
  "endpoint": "v3jimd051v9lzrtzjlta",
  "event_id": "dqjjahq5fdvh0hudafm8",
  "instance": "134.74.134.103:50297",
  "severity": "low",
  "startsAt": "2024-07-12T08:08:19Z",
  "alertname": "pds429jsgbwhd03bh5ez",
  "apiKeyRef": "l3vavq6ca5123jzn4ig1",
  "container": "aup187mhfgt741azcfn7",
  "daemonset": "7dr2tmwybdap74jby1ha",
  "dismissed": "1a3iw9ft26c7axyhline",
  "namespace": "bgevhvoexmb10pwvjpl4",
  "alert_hash": "ogaixk195dse07j5zw5t",
  "prometheus": "lkwm18kh65b8lqitvss9",
  "providerId": "b24cmxjd9qeqevre76u2",
  "summary": "p6f1ik7gyivs8q7ntqh2",
  "runbook_url": "zckadkcqvk9m1ga36uqv",
  "description": "An application error has occurred.",
  "environment": "ve2h9et6tuyuc4qebafq",
  "fingerprint": "sd0lj7rf",
  "isDuplicate": "vpg8sybe5y3tczb5wr1k",
  "dismissUntil": "idy4vd7w0rwnot2lhg88",
  "lastReceived": "0fxe6ws9tj0bemiaqu7i",
  "duplicateReason": "bjxuq9j4zuh40329r7h4"
}