{
  "id": "4rmtxgxqnuvj7xixuc07",
  "env": "testing",
  "job": "e67ymxiq3wj0p11r9olx",
  "pod": "8dw8ssagd9ntevfp4i8j",
  "url": "l84tpxhtdal0y7grux1a",
  "name": "CloudflareMemoryUsageHigh",
  "note": "w9dlcwvp9t7tgtgio93d",
  "group": "swd53t4fp8nd92cu0m0q",
  "pushed": "9xilwc4wykogv8uxh1ro",
  "region": "asia-southeast1",
  "source": "hsukabpj74ku53dbjxda",
  "status": "x0isfujmhuqlpq5fy4vi",
  "deleted": "s49oa01xrlyj1e30wl7h",
  "message": "6isknsbur5ccwuvpuudd",
  "endsAt": "2024-07-12T09:17:28Z",
  "generatorURL": "ninm8r3xbs9ps3yiziv8",
  "project": "je5mnz21hqz2nagh4yvo",
  "service": "2op8okq92rzt3d9k5grx",
  "assignee": "n9vzth0jpk68pe8imfpm",
  "endpoint": "k17xpdooa3mkq33quf6u",
  "event_id": "jdiq0qa1lyhmqvblzli0",
  "instance": "106.87.238.247:38774",
  "severity": "debug",
  "startsAt": "2024-07-12T09:12:34Z",
  "alertname": "ifqgekz4c2fs2dk15bvs",
  "apiKeyRef": "7bhbse82xdxc9udu27u3",
  "container": "cp59hmbayvfm11sfkg6l",
  "daemonset": "nn2z3p6foeuadcvkx1ds",
  "dismissed": "6fdzqybvzdz56xhtgg8f",
  "namespace": "8cvtdhpqckinhtv6jbd9",
  "alert_hash": "yslqyxkyhhydgjneqkvz",
  "prometheus": "dp89n2edsbku0nd3pz3c",
  "providerId": "xokm8kvgjh5zfi41dw7s",
  "summary": "i3c4wyvosaguneh3w4yg",
  "runbook_url": "7z5rf3006q5rm9yz40zf",
  "description": "The memory usage has exceeded a defined threshold.",
  "environment": "lcaeqjo2wahjbsp4lmm5",
  "fingerprint": "f5wns7b8",
  "isDuplicate": "h1e9d00ihtkvxv14je0d",
  "dismissUntil": "61kr0ek1vofw9vnomszl",
  "lastReceived": "ezonyl0gye7j16snebtd",
  "duplicateReason": "hb3r4rg78wy82z9p7yrr"
}