{
  "id": "skeoq27qr6dxyi780lpj",
  "env": "integration",
  "job": "h6971w5f9tj2r65coh9j",
  "pod": "wu4jjhsmwmo51bbig3wq",
  "url": "w2790w7yprbdv9z55dzl",
  "name": "OneLoginHardwareOverheating",
  "note": "y9n1zkg03rcb3ocvw8w3",
  "group": "qr1k1s7gt2cmm1d98r1z",
  "pushed": "m1lsrnkknbbw9c01uszr",
  "region": "southamerica-west1",
  "source": "4aju8il9z0ceoy3o9d0y",
  "status": "jk2ewi9xnskzwgjkjd9x",
  "deleted": "1roa23bgnt8shfpbmyqo",
  "message": "n6q8avmggtc1c70fdu1k",
  "endsAt": "2024-07-12T08:54:52Z",
  "generatorURL": "fv389k8hzfkhfkgvk2f8",
  "project": "bfp5kqksa77dz7op4svo",
  "service": "zd2m655xtuh2v7jkw1tp",
  "assignee": "q0bcsfh5b7hp6xbla0tf",
  "endpoint": "genfsuy9hzcuj3wns1np",
  "event_id": "ymszfbkb9hqni6zuzxy2",
  "instance": "153.148.82.111:53876",
  "severity": "low",
  "startsAt": "2024-07-12T08:52:23Z",
  "alertname": "bvdby0lklu1q8r85gwh7",
  "apiKeyRef": "qe0l3nmqtjm5amni4md3",
  "container": "bc78uqgug0dj7v5u6vow",
  "daemonset": "mesvhx53zrrjtmfwnb4r",
  "dismissed": "1o55rcstuzix0cu7tt2f",
  "namespace": "z1nwtb6c4zrhgbttqqk5",
  "alert_hash": "cv0hgy0jelacgj8be3r5",
  "prometheus": "r10hkttyo5hynag5eda6",
  "providerId": "3kvx00kr682sopuom9kj",
  "summary": "69rzddtas3ts628jla7t",
  "runbook_url": "te64poi0hocgnvdkyv3c",
  "description": "Hardware component is overheating.",
  "environment": "0sazxrwr86i2htpkyi34",
  "fingerprint": "lp0t77iq",
  "isDuplicate": "zn4isu9rlem6zv53en55",
  "dismissUntil": "rt4c4rxddyc50zlnvlr1",
  "lastReceived": "uxgtyrqvdpwcv18onyn8",
  "duplicateReason": "knqo0k24vg1em4qfmszw"
}