{
  "id": "em9wsnzj5txx9ou42sd4",
  "env": "pre-production",
  "job": "3t4k3efr9rrbu48dnjqk",
  "pod": "3g50sw818s6fwuv6bj7b",
  "url": "yll79rt80pw4m0nxpnel",
  "name": "AmazonCloudFrontAuthenticationFailure",
  "note": "ke32dc9q64knz9l99mfq",
  "group": "ym0wg3suhipkvswwqziu",
  "pushed": "ov3gb7y7e8ug03pvzyi2",
  "region": "us-east4",
  "source": "iybn6kqa913cp5xnaz3n",
  "status": "s75wrop0bajdipj0h1ez",
  "deleted": "s7ngxjgsw1azgfxxsa0b",
  "message": "ml8it59s59tzzaxxf01d",
  "endsAt": "2024-07-12T09:28:40Z",
  "generatorURL": "4v4enwfnefr1e55otxej",
  "project": "s3xwrwz9fp3m84ox27sk",
  "service": "v7obetdfrdzjrb1tji8r",
  "assignee": "xlnsdyz1xrrcijfzgq57",
  "endpoint": "s1rcvt2t0564py1dl6jc",
  "event_id": "8xo4m2n3aoi4s7enqxez",
  "instance": "222.217.67.204:20807",
  "severity": "critical",
  "startsAt": "2024-07-12T09:23:09Z",
  "alertname": "9ak2hgokkb6ss7ywwpqk",
  "apiKeyRef": "k668im6kyu3x7m46q1hi",
  "container": "9816blx7pvqlrpuqt1dg",
  "daemonset": "lr5ywhgvdkywq3jy1qck",
  "dismissed": "9r0x7tnkmex02o455a6b",
  "namespace": "sqapwkk2ki05gcqkx196",
  "alert_hash": "vpt83v3k7sdrzqpt36fi",
  "prometheus": "yylb9vpxepezl88bu5ws",
  "providerId": "wr6erfeboh3mjjfzh3sd",
  "summary": "l4g20l569dgqww4evp90",
  "runbook_url": "ydkd8ij5aselxz41y39g",
  "description": "Authentication process has failed.",
  "environment": "u0xctuk4p1h6nxjzjcbo",
  "fingerprint": "55o6sk6m",
  "isDuplicate": "93o3mgbc7sxsu2cdubhh",
  "dismissUntil": "rxwupxsshiw58bwzu3oa",
  "lastReceived": "brhus7ypzjyio5sfa8rv",
  "duplicateReason": "91owdjdwtvvzsucir8f8"
}