{
  "id": "x7hpwjl69w3zovxd0dss",
  "env": "development",
  "job": "lt34q0n279rk7jbnw1jb",
  "pod": "vyzpcxivdsmgd0lwg4px",
  "url": "wbz6qunus85mevy6s4y0",
  "name": "CloudflareTimeoutError",
  "note": "12ykfddyd6sgi4vw7trf",
  "group": "ab56xf622xju7mevycub",
  "pushed": "vqsp0mneafy30nfdarvi",
  "region": "asia-south2",
  "source": "5rvpjrrpu1lpt64wp66b",
  "status": "wsp2kx2pruitmpwhgkji",
  "deleted": "mzn75x2fghnvw5byck82",
  "message": "12tplhmut8tsg15kvkaf",
  "endsAt": "2024-07-12T08:22:12Z",
  "generatorURL": "qn1o2hariskp42hwe8wc",
  "project": "q5200ywrxt25sec8u5ap",
  "service": "900z9c3c43yi8lugdlah",
  "assignee": "dtedniyz17ws4awt2v2i",
  "endpoint": "rrjorplyrsejf16u7ns7",
  "event_id": "cgsq4shhm1amocd399k1",
  "instance": "203.220.181.212:36917",
  "severity": "low",
  "startsAt": "2024-07-12T08:14:57Z",
  "alertname": "pe2o2bow802yecsm0rko",
  "apiKeyRef": "j1asxz0d1lbdlwg0gfk4",
  "container": "v7xpop9l9rezh3ku89su",
  "daemonset": "syof9zq6ep3rs0n7s7sf",
  "dismissed": "rotgnlc9rg5suuv0ssbv",
  "namespace": "uylopmuxiofelu5ldqhu",
  "alert_hash": "iogx98qy0t91allhbvq4",
  "prometheus": "d0kb4h0754ijf7ii4vv5",
  "providerId": "5dmk2uv9uxehmjnp9kyf",
  "summary": "rdwxluptl8rsuna1b6ef",
  "runbook_url": "w3pyaqq3osyx6xv9jrzk",
  "description": "A request or process has timed out.",
  "environment": "glnzjnmf6emti0szq16k",
  "fingerprint": "e06hkcav",
  "isDuplicate": "g640azxiuwjqdbdhs3y4",
  "dismissUntil": "jgg1gml5xhlfj9f39kr1",
  "lastReceived": "2xrpo8fzqbk87ew1dngu",
  "duplicateReason": "b0duty42vh7cq93clw0l"
}