{
  "id": "fqdp4wiyi7fdnxy9pjxy",
  "env": "testing",
  "job": "0xrd0driob3r34delnyq",
  "pod": "ucz46i2vjvvbfxqphnp7",
  "url": "m7ocaa6exriin4fj0hja",
  "name": "AcronisBackupLicenseExpiry",
  "note": "0sc6rk5jvk7nklbnizjw",
  "group": "c8k7wah67ybe53cvk686",
  "pushed": "8zfeq1rs3wnaksjmfcvi",
  "region": "asia-east2",
  "source": "qxgbi73bjj0q0u2h5j3k",
  "status": "g95sojgpt726g4okp93e",
  "deleted": "xxdd7jz385xabztl6pzx",
  "message": "jcyqjmf5iw3i9wwl9fm0",
  "endsAt": "2024-07-12T08:41:25Z",
  "generatorURL": "r9ywbi3zpqa6far1ab4a",
  "project": "18ny942zxh2mspvabr73",
  "service": "u8vsunmrhhno3n44h8qm",
  "assignee": "5o8oebmy8hima0j0nd98",
  "endpoint": "zkki6g8t3ucejqus257g",
  "event_id": "s7lb5khl8ckt6ledab77",
  "instance": "122.122.166.184:55741",
  "severity": "debug",
  "startsAt": "2024-07-12T08:36:49Z",
  "alertname": "v3wzs7b0gacrn8x8yz6g",
  "apiKeyRef": "ryaegvbylnem0c35utvr",
  "container": "lhhqqicoemg56wu7amva",
  "daemonset": "ny8i8g5613z8410mk3k6",
  "dismissed": "dagw6cqgt9l20j93oyyc",
  "namespace": "uw4bjv9zv3q2h2kzjct9",
  "alert_hash": "fsqugkxppeklgropg66e",
  "prometheus": "gpf24j9ssy05wetd99wg",
  "providerId": "ehq1gjyoubfx3yi3sr9d",
  "summary": "kkavhjog395ug0xyem37",
  "runbook_url": "js311a3iwy6ll8eceby5",
  "description": "A software license is about to expire.",
  "environment": "gx7w4x5q7zw6gdcn5yhm",
  "fingerprint": "i8f5lht2",
  "isDuplicate": "86lgmiwsb94gg50i67f0",
  "dismissUntil": "sk5y300rb6oo0prk7qky",
  "lastReceived": "fjhyzsw5dzlg5we27c3q",
  "duplicateReason": "leho8zxosmyynppd5mxp"
}