{
  "id": "1vc9d8je8t8de516cxqw",
  "env": "pre-production",
  "job": "peapizjq08kt4l3x5918",
  "pod": "y2ginm4tji0vyud6ucfd",
  "url": "0zwfb5x1t521l57g92ry",
  "name": "MicrosoftAzureSQLDatabaseDiskSpaceLow",
  "note": "9uxwp7xg04knp6vr1mpf",
  "group": "e1w8xq8ymmc0hdfhicor",
  "pushed": "gjbttcnvw20yjampcadr",
  "region": "asia-east2",
  "source": "tlo3d9rjbu6q7a4ni56f",
  "status": "yqmjyhj3e74ayo6683tj",
  "deleted": "6ff6gldscj2vicraj9jq",
  "message": "g39zugzxt5kzr7zzfx9x",
  "endsAt": "2024-07-12T09:24:44Z",
  "generatorURL": "zblt186gfq9nmi8g53m5",
  "project": "lrm2x6sgbrv9va8v1mk7",
  "service": "7hllu9k3om1w6xzxg5j0",
  "assignee": "wn8jqfc3apbjb6pxt27f",
  "endpoint": "1ahhakdny1zgrc2jw1xk",
  "event_id": "rfj5gqmuifjzjwjjh5uc",
  "instance": "91.41.198.131:46729",
  "severity": "info",
  "startsAt": "2024-07-12T09:22:45Z",
  "alertname": "xbm1g9t5xazhxwm76kfl",
  "apiKeyRef": "gqqj78ga6cwacrh3erpb",
  "container": "ym48y2dhac8ud2hn6tg2",
  "daemonset": "y1lb53mpkfif8ttclw2g",
  "dismissed": "qxh6tjqqyqjhn096w9xe",
  "namespace": "coklvibqs6g74xicjfch",
  "alert_hash": "w6oxe4tydvodadkkda7b",
  "prometheus": "r83vafyu7trhle4q13fq",
  "providerId": "emojimbjumtrgjdiyso3",
  "summary": "oha0quz6hd0y0t25kd1n",
  "runbook_url": "bx74197i1gaughd7g81k",
  "description": "The available disk space is below a defined threshold.",
  "environment": "pvq7vpank3dppt4yuuex",
  "fingerprint": "wz904bct",
  "isDuplicate": "yk5mwv6r66xjfc20a16m",
  "dismissUntil": "6rhemii30og69je5lnla",
  "lastReceived": "aydztd0c2z738upbax03",
  "duplicateReason": "zjwaw11ljmtn3grebqdu"
}