{
  "id": "2jpnuqd0f0a5hpkofg46",
  "env": "integration",
  "job": "2uyfvofx408d816b3n2r",
  "pod": "tc7hql5ao4lc9xlqxddf",
  "url": "yk8x71fcqsaj8riy6wgy",
  "name": "GoogleCloudStorageHardwareFailure",
  "note": "mhsm1sbt4gdjthpq4ple",
  "group": "cjrgjrts2kjo90vh6vzc",
  "pushed": "5abyvnk4seosqrsq1z3i",
  "region": "northamerica-northeast1",
  "source": "w2xibc2xr83gv48jv7ta",
  "status": "u5t77ttco932omvjyh0p",
  "deleted": "3gjo8ok2tikhz4kuz9b9",
  "message": "7xjmw2ammroh5tzz89eu",
  "endsAt": "2024-07-12T09:21:41Z",
  "generatorURL": "uswoz250izag7axi2v2i",
  "project": "zt35cb939qqe6awzjx0c",
  "service": "pig4bw9a65z4wvssf18h",
  "assignee": "3ntkc9h0uy3duajj2urf",
  "endpoint": "0we949jxta4a64q5ggly",
  "event_id": "w3y0ptpiqzge3yrdv4kf",
  "instance": "240.83.87.126:21420",
  "severity": "warning",
  "startsAt": "2024-07-12T09:17:38Z",
  "alertname": "3ghgw4i7w3c0bm2r2ubx",
  "apiKeyRef": "8xns8jeinlyt3abqpgi6",
  "container": "e9bmw22nsjf2wfha9u9o",
  "daemonset": "owxxckwg515pv57swnsd",
  "dismissed": "qtoxdee4nq664mt60v93",
  "namespace": "i3yr0iohm0xoa9k70efq",
  "alert_hash": "gf7719w8rrl3ohxstg6w",
  "prometheus": "cveqhi2fojann5or22dd",
  "providerId": "wwrrgzwo5m56qglad7c2",
  "summary": "oev26dk44rdp0vnzugsb",
  "runbook_url": "aesshvh3zwtgmurwcg4t",
  "description": "A hardware component has failed.",
  "environment": "7er7kst1t3670l6xnkjb",
  "fingerprint": "xikt1v6v",
  "isDuplicate": "9943cjzxcosbm85sdfyf",
  "dismissUntil": "rnqd5akep0yalc065but",
  "lastReceived": "7y8z2q41wuhthwaibrck",
  "duplicateReason": "88vmtu8bicrwird6jl00"
}