{
  "id": "qlsgslgou6rdxrmzzow8",
  "env": "qa",
  "job": "5wixt745ssyad3fikoz0",
  "pod": "638dyi74d2kamw3x7x74",
  "url": "kjnrjp2x48n78w2wi0nr",
  "name": "SplunkPowerFailure",
  "note": "xeze2apdvxzwwm4ve5bl",
  "group": "9so4x2wyo531f2coimm9",
  "pushed": "j1cbuku43av71lo0zxit",
  "region": "southamerica-east1",
  "source": "nwpljluc5y00frbz8xlm",
  "status": "ggtzoo3jmvrdo699p7sn",
  "deleted": "ubgigcyghlerx519x49m",
  "message": "10strplrm0exkr9ume8w",
  "endsAt": "2024-07-12T09:45:30Z",
  "generatorURL": "7ydhodeni1x7duw54l9g",
  "project": "x6eiskm13ajmowv5klxq",
  "service": "yn29z8vfiuuzhpbb54kd",
  "assignee": "kc2ldpw4maoumyjmvrxy",
  "endpoint": "zoi9edw0vcjc0o6y6gx9",
  "event_id": "hqxno4hvl0ved1h616n1",
  "instance": "78.198.217.88:59545",
  "severity": "critical",
  "startsAt": "2024-07-12T09:41:40Z",
  "alertname": "vig6142f684gsyyh0kv7",
  "apiKeyRef": "73cntii22h6pfge2ybbe",
  "container": "544t4zxnqyo3zidgycps",
  "daemonset": "hiwmna61upbl4ym4ah7w",
  "dismissed": "3mqx328mz88smnw7mro6",
  "namespace": "6f6vd322bnr8e4r94s38",
  "alert_hash": "vxozpnv58ekicu9cmnn1",
  "prometheus": "cg8axje58i6dctuj2ftu",
  "providerId": "7rarqd9nd1uut0ylgfrj",
  "summary": "haicdnputevejbjg2ltu",
  "runbook_url": "p6tzhf3bx2s73y12hplw",
  "description": "A power failure or outage has occurred.",
  "environment": "v153vp74yrpp9vf403ql",
  "fingerprint": "svllwg8w",
  "isDuplicate": "ta2b5ukrjp8yyf41swfc",
  "dismissUntil": "fyg68sgv0ws7aqxwujhs",
  "lastReceived": "a5ftyvjujgovr0vs1yal",
  "duplicateReason": "ds1cd49clmzy08ot46l1"
}