{
  "id": "8eruel13hsvfu9u3qeln",
  "env": "integration",
  "job": "7il1xhx1m0x3k6hsw6ix",
  "pod": "vm8gki00dyt08jwrem74",
  "url": "ymkqx8y4rylupm5g2wzm",
  "name": "MicrosoftTeamsApplicationError",
  "note": "fx0dwsp0rvilv4n15l3z",
  "group": "nd0dcc1hx2bkavd9d8ng",
  "pushed": "r3u3wkxf4w0b3v3d23d7",
  "region": "africa-south1",
  "source": "cv6e37pqkedp6trnu7c0",
  "status": "xc5t6938byy2bycx5dlq",
  "deleted": "aq4oh61rd9zc4jqwdajo",
  "message": "1ebjrts63qj9k4rtrpr0",
  "endsAt": "2024-07-12T09:11:21Z",
  "generatorURL": "xyuzgqj18w30ncm3c8km",
  "project": "gl8qc6o7p1nqaj882mn5",
  "service": "bfwf5773q29dbsq90nst",
  "assignee": "hwdy1n9lyyv2k9co6lb8",
  "endpoint": "z0ofpu8zbua5b3rc4b97",
  "event_id": "pqiskwrln1b9lc3pst8y",
  "instance": "24.153.80.62:47829",
  "severity": "debug",
  "startsAt": "2024-07-12T09:07:13Z",
  "alertname": "0orwr82dvxqd9h5k2mm6",
  "apiKeyRef": "cunnygv3mdmkx0w9y37y",
  "container": "tayjianfnfvtoirt8alm",
  "daemonset": "9tfhqg9rxkamxnd9i5np",
  "dismissed": "tp3o249ulbvbbkj14kni",
  "namespace": "li4r3927pde5wofed0zv",
  "alert_hash": "rhf912pr8iaaokvywz39",
  "prometheus": "h5jcdzqb14mjjefugyck",
  "providerId": "ec9d1m9jpcbqo98hgn98",
  "summary": "gaichdj7giebez5xbwsk",
  "runbook_url": "usjbfu3k7lvtdigbxfso",
  "description": "An application error has occurred.",
  "environment": "5fyq1wzhfj0ul2r9fnch",
  "fingerprint": "4e5711ra",
  "isDuplicate": "a5v6a4iwl68hl6f9sfk3",
  "dismissUntil": "mkkie090obyhszlx0zyw",
  "lastReceived": "0m202vpan4bgdzb3s4zk",
  "duplicateReason": "zqklxf934phpjepv6fxn"
}