{
  "id": "mkgzqovxzmql70nyyjb9",
  "env": "development",
  "job": "fa8usak0i5tjlzhd2d4d",
  "pod": "qzt6m69ihe8grc8cabig",
  "url": "bkf0z99erjqbl0bkuc1v",
  "name": "SlackInsufficientPermissions",
  "note": "dx3v592u4wu38t1pqw4e",
  "group": "h6oscpt8mhhhr9putm1b",
  "pushed": "19m4ehxyvdidn8ihjssy",
  "region": "africa-south1",
  "source": "8jxl5r4q6kx7lzqi2lro",
  "status": "f0yjq4fxs404e5b9ba8b",
  "deleted": "o3474y8z7sznf72v8fz1",
  "message": "tdhpqa11cchg8zjyglkb",
  "endsAt": "2024-07-12T08:22:29Z",
  "generatorURL": "hwdrf6lecosob87hjz1u",
  "project": "xapnr93luhfpil3q8ct1",
  "service": "1ahljk6623b9gae5rm9i",
  "assignee": "zlzuykluflivdict977k",
  "endpoint": "eace84zo63gn9bispmof",
  "event_id": "5qihipm3ilnq62cn3bhd",
  "instance": "119.104.134.245:24340",
  "severity": "high",
  "startsAt": "2024-07-12T08:18:14Z",
  "alertname": "h84cptsqw551r6bztzez",
  "apiKeyRef": "bqs9bncxpxr8dddgclwd",
  "container": "5wbkllmehirbmpzwpgtm",
  "daemonset": "j915llljljd2dsi9yzhn",
  "dismissed": "kg2e6uacon84tqypx7p2",
  "namespace": "nwts5h245hkrdexb21yn",
  "alert_hash": "fhf93tghnb693whwr189",
  "prometheus": "tp9m7iiehhefxu16grvy",
  "providerId": "hja5m9tailg1h622va4c",
  "summary": "ch9cvt5pqfoqd1v1fjpb",
  "runbook_url": "14t7tw4lhm6eqmqs155l",
  "description": "A process or user lacks necessary permissions.",
  "environment": "afixwl0m6h254e1m247f",
  "fingerprint": "i8arw94p",
  "isDuplicate": "cdjk2ko0qwe475o3271z",
  "dismissUntil": "hody9n6pahdt8f3m159u",
  "lastReceived": "b5n1rc9u0zw2h1f1aap6",
  "duplicateReason": "cj95scb8jhekq5bjc0ax"
}