{
  "id": "snn1mbpqmo7ft6iyzpmo",
  "env": "production",
  "job": "3qv3imlwsn9k97eatx2q",
  "pod": "jk86kinfm23fk7i1dvzz",
  "url": "vt9ep0lniijkwl20torz",
  "name": "AmazonRedshiftHardwareFailure",
  "note": "vrojsrsb1zqrdvzm4x61",
  "group": "euay6lc2dxol23xkxtbt",
  "pushed": "6ug1sq66p14tr8mstvr4",
  "region": "africa-south1",
  "source": "3wwtup4vldxgu0pxu38p",
  "status": "nkqlfsk75mmredh6clzb",
  "deleted": "s6ju7jpfbex3p6txil0f",
  "message": "rpzugd8q53vqz3fz8npq",
  "endsAt": "2024-07-12T09:33:41Z",
  "generatorURL": "bc36m1bns6pz1imkordb",
  "project": "7dgmou37u1z5170v7gmv",
  "service": "2z2lgqrrtybvy3kdkcis",
  "assignee": "a9l79t4uok2zwdbq9l9m",
  "endpoint": "hte3jd412tfr31unq4g9",
  "event_id": "pcurqye2gxh790ttt90q",
  "instance": "164.231.154.138:1187",
  "severity": "info",
  "startsAt": "2024-07-12T09:26:03Z",
  "alertname": "vjhr3qkodks68781kiu9",
  "apiKeyRef": "q59hpg88gapa9c19dct0",
  "container": "8jhcj48lap678uyauxzt",
  "daemonset": "j36s0mlg2lpos42j54qn",
  "dismissed": "4drsgtal90nt8x8brk80",
  "namespace": "n3t3b2p31gv9prwfte47",
  "alert_hash": "lwlaprja25emm2nwxa17",
  "prometheus": "0nnixicx3wi5x997ziei",
  "providerId": "qj9jjf4k91t0s81xreyk",
  "summary": "iktwdlztkbvqcnjmtsrg",
  "runbook_url": "148bia30sopkkoia79sq",
  "description": "A hardware component has failed.",
  "environment": "zvibi13jr4p0q5bburwa",
  "fingerprint": "6w2j9wb7",
  "isDuplicate": "xpi0vf9ws8wjqcukratj",
  "dismissUntil": "eml0mcahhcwr0csnmfyo",
  "lastReceived": "0pybz0qik6fz7k6rps7w",
  "duplicateReason": "mof6uzc1ynzvs5ukg8s7"
}