{
  "id": "h8vk7yuim6bkqhuby7cx",
  "env": "testing",
  "job": "y1e647gy4wbzs1azdosy",
  "pod": "ttjf1994mk3ews0yn57v",
  "url": "nky8b4nsd00lc598ltyu",
  "name": "DatadogConfigurationChange",
  "note": "d41dewbou3nahmizjmn3",
  "group": "1gehkurkp76dkg6ilntt",
  "pushed": "svew7donfghuat3lil5v",
  "region": "asia-southeast2",
  "source": "vk0jpwly9pzqojzx22re",
  "status": "2u8cbr7dh321wlbtyyw2",
  "deleted": "7601jdhkvm0hx4yr6f2r",
  "message": "l5bi0ts61xrrmq1xi5l5",
  "endsAt": "2024-07-12T08:59:05Z",
  "generatorURL": "ds63nxgy77olw8iplbd0",
  "project": "zioyww9csdcujiwtk0gb",
  "service": "0xwdjrvibxgwnvhm5prk",
  "assignee": "iqglo6j2xqjd4zfbqc62",
  "endpoint": "eejmsycl2qvve4nbik3p",
  "event_id": "toxs1hcragje04w7zdrh",
  "instance": "106.87.238.247:38774",
  "severity": "high",
  "startsAt": "2024-07-12T08:57:22Z",
  "alertname": "59j55w3s5qqewst0d0x2",
  "apiKeyRef": "m3c38bbva3o4ro3o13nz",
  "container": "84ddmudhvfyxjfmqgik6",
  "daemonset": "vz8a5srpcleubk66lv0m",
  "dismissed": "x23thwyw615ypuin9n4e",
  "namespace": "mo06cztaq70r1ubufn9z",
  "alert_hash": "ak5pg78ktaf1xd8janr5",
  "prometheus": "80u2lgl14lyso4zch43p",
  "providerId": "zrkqvsku02vxy7rktuvw",
  "summary": "dy620ony9zo1d34b25d2",
  "runbook_url": "e6w1euaokentgan053z7",
  "description": "A critical configuration has been changed.",
  "environment": "31x3qwf11yammknfnp3a",
  "fingerprint": "qxhjt360",
  "isDuplicate": "azkcwjtilvbhyp9megmy",
  "dismissUntil": "9csijxpvvozc0c9gmklb",
  "lastReceived": "55trxghtwjxtegwdjfcm",
  "duplicateReason": "93j8od8m1r5yh7voe9fg"
}