{
  "id": "70nsw8uvf9emdehrjio4",
  "env": "development",
  "job": "hconh1ah9osevqt1e9vb",
  "pod": "9czoaypyluzu92gvh5yl",
  "url": "34athtsizba3vgjh3zaa",
  "name": "KubernetesStorageIOError",
  "note": "eu14hytpk4t634kv041m",
  "group": "f9dkxzd8k9iss667x1jr",
  "pushed": "d98u7v9gsou8jto2o3n7",
  "region": "us-west1",
  "source": "r3xp7u8d75idkq7dyjxh",
  "status": "56zdjm1lfmhc4lb425lt",
  "deleted": "1923gc8s3gfjvwwl7hvl",
  "message": "3xda51aom21yhtmsens0",
  "endsAt": "2024-07-12T09:24:54Z",
  "generatorURL": "lbrogtty5k4e0kih00jv",
  "project": "akryw13yzbbr03mopbp9",
  "service": "sy0jvpqkinsgomfl9kb0",
  "assignee": "yvwb011u6io8ejok0sbn",
  "endpoint": "ysp88nq7m4jyr23vc13m",
  "event_id": "dw6z4dmzjlaga68oiyof",
  "instance": "240.83.87.126:21420",
  "severity": "high",
  "startsAt": "2024-07-12T09:18:12Z",
  "alertname": "vj23hvca34b83sv4qvv0",
  "apiKeyRef": "9bfp3pn38y3mm7s99g5b",
  "container": "furdecf9l9m826en03z2",
  "daemonset": "ljvnij9ahs9a5zf4up7o",
  "dismissed": "vwwng6nv58thvrlv0clc",
  "namespace": "vfjcb6euq51rc3an5swn",
  "alert_hash": "96ek293ucjtq3k3ypp4c",
  "prometheus": "9ceicw57m52q6vf6coqr",
  "providerId": "lnefhrascs6px2gg7pyz",
  "summary": "w99lp9zu8su4ilef8jex",
  "runbook_url": "8k4stzb4d85mefco2pz2",
  "description": "I/O error on a storage device.",
  "environment": "hzfbs8uxlixpzblqvwjf",
  "fingerprint": "jbipfwbq",
  "isDuplicate": "g2kyt4fqu7edzhmijy5t",
  "dismissUntil": "eib1i8krzgrr5tqhz06u",
  "lastReceived": "9pk7pczapsjkgcl565ys",
  "duplicateReason": "geiigraprnmlmu7hvni6"
}