{
  "id": "kih293pndc9sf83lgv3a",
  "env": "demo",
  "job": "pbkx4tz26wloyklyt22f",
  "pod": "mi52nknd341zv9w013rk",
  "url": "qcfhur9um4h0r7jnozhn",
  "name": "GoogleBigQueryServiceDown",
  "note": "p5bnwvevaty65sv1yfu5",
  "group": "3tkf0yhwrksfpje919e3",
  "pushed": "cbrph2l69rkx8k2woqe3",
  "region": "asia-northeast1",
  "source": "9n0lm1rxdl0g1zktfpx8",
  "status": "5enjsj8ywlyl6cb1vas8",
  "deleted": "gujg1bjrrwt7dvjaej7g",
  "message": "xidg3cq7o517mj5a904y",
  "endsAt": "2024-07-12T08:23:30Z",
  "generatorURL": "bnfv2gfpyesq6u1fyzoq",
  "project": "9f3smk7gkwvvlj5kfz9h",
  "service": "v1l0438uf9st58a2xx18",
  "assignee": "tty142p4k1qpwp3h3xs7",
  "endpoint": "cdikmhwpdgvhoq93a75c",
  "event_id": "ehouzn1g16rtz7htohg1",
  "instance": "59.246.255.1:5947",
  "severity": "medium",
  "startsAt": "2024-07-12T08:19:02Z",
  "alertname": "lrmoc1yq84rknvaldd9w",
  "apiKeyRef": "2ehmyjko92ew75u7ggwl",
  "container": "f66os58ua5mlne9h14ao",
  "daemonset": "wk35x2bt40ag8w3v5edt",
  "dismissed": "l0x1f0al8w33l5vc9m9a",
  "namespace": "8uemhwzpnxq3kdifo64r",
  "alert_hash": "xbckkvw2fiptx0nte83l",
  "prometheus": "cni7wnzykh9i645t4lht",
  "providerId": "ah8jnxx200ixvpr9igl8",
  "summary": "yk7g3ygsyelunbjef6vt",
  "runbook_url": "nzrmzqoxno3e0k2ih8g2",
  "description": "A critical service is down or not responding.",
  "environment": "qbtbpa13lptk8j891btm",
  "fingerprint": "qmub5b0z",
  "isDuplicate": "r1sk1ubk6l8kl2jux7sp",
  "dismissUntil": "bwvmhxalcjzh017c63si",
  "lastReceived": "66fi2gvpfuo1sjzel51x",
  "duplicateReason": "0yxrq32ph0h8hghvpkqz"
}