{
  "id": "8gutwme1g1yccag7f9my",
  "env": "production",
  "job": "2bpeszh4a8yaav8nhhhf",
  "pod": "59c95g59i9ri2d456a29",
  "url": "h7qosjepqx3w1q6bp7kc",
  "name": "RancherMemoryUsageHigh",
  "note": "5nu7qebcsaih6r221ne0",
  "group": "mkbyzjwmzcx3dc46yn3t",
  "pushed": "pf5tlrvd5zeebuc3ciux",
  "region": "africa-south1",
  "source": "smje2zee9blfaq94shdi",
  "status": "qwt73nh43vf7vtuttyxd",
  "deleted": "56yq6ugngb7kfmnvnb84",
  "message": "ycvpdxhdjj17h624a8e6",
  "endsAt": "2024-07-12T08:31:47Z",
  "generatorURL": "b5oe5xc4gqu0638gglb3",
  "project": "2nbtj6tqk7k6woxr4f1v",
  "service": "op2wc6m1alypkwlcijy8",
  "assignee": "d9bskgqg8s1pgwqzd83m",
  "endpoint": "2jghnzssa5fbcff6n27b",
  "event_id": "6hl5du0b83hns4r3pu54",
  "instance": "227.173.62.197:22339",
  "severity": "critical",
  "startsAt": "2024-07-12T08:23:07Z",
  "alertname": "kab87bdh5gx4mheonydl",
  "apiKeyRef": "kdrwhtnnzpwzdk6yoylk",
  "container": "1dafgta06rtx4xf4dwvz",
  "daemonset": "zezyppge9illiqx2wns1",
  "dismissed": "takq9vtj8hcyqk77fih0",
  "namespace": "kr8ci40tt70dokiqec3y",
  "alert_hash": "3prbr9uz6txqbiqf1sv3",
  "prometheus": "1nvj1g04jz5b2d06rrw1",
  "providerId": "jb72vwk41p2sb5sy595m",
  "summary": "hngwyfwd867u313yone1",
  "runbook_url": "09fgc9ukwa1g5xqzw55p",
  "description": "The memory usage has exceeded a defined threshold.",
  "environment": "s26i7uoz8k9u9zzgpoj3",
  "fingerprint": "wz904bct",
  "isDuplicate": "3wrzz03glupb88gcbmps",
  "dismissUntil": "2vn45n7zo2u6yd934wis",
  "lastReceived": "010ki417frbxllq31ur7",
  "duplicateReason": "r6yjfd6nnwthzp29m971"
}