{
  "id": "ulpg54h32jas8tkb6scb",
  "env": "integration",
  "job": "fwsf2cy0cioevdjyazid",
  "pod": "c97b12q9m5nwd5h4pwfu",
  "url": "bdrjs42r1krt1c5bx3a6",
  "name": "TanzuKubernetesGridServiceRateLimitExceeded",
  "note": "yctbkqmzl3qq4a6rl767",
  "group": "gqpegkppwvednrl6eeu2",
  "pushed": "0h7t06fwywil5ui05x9z",
  "region": "asia-southeast1",
  "source": "ov0frbtz4d8lo95mt5o9",
  "status": "y1hm9uvo165el94ndkx0",
  "deleted": "euyfltn1myksr06847pg",
  "message": "wbw4s9yil1wpa7h20pae",
  "endsAt": "2024-07-12T08:04:17Z",
  "generatorURL": "bk7pj74ckpc0yxz4id97",
  "project": "zblguyb8czwmzedoiapl",
  "service": "nk5emx2nt2u58d81iiqy",
  "assignee": "lnq4ug05y0crirgsnfqq",
  "endpoint": "fmlncdmtlbzln0xag42s",
  "event_id": "kd7fblic2e7idfuilvfa",
  "instance": "164.231.154.138:1187",
  "severity": "high",
  "startsAt": "2024-07-12T08:01:22Z",
  "alertname": "u4hvna1gdbs23rixw7kd",
  "apiKeyRef": "3gk1peyh381t42kycjgn",
  "container": "o4xeyvonatzp2wuaey7u",
  "daemonset": "49e9jilb84w3pkgvk0pp",
  "dismissed": "a2qz7gdthcs8iuqpvlvb",
  "namespace": "0djxe74lkwx1oc4cit8i",
  "alert_hash": "916xxm6jquaf6f1sw576",
  "prometheus": "vowwddj90jhiuhiunaj4",
  "providerId": "ski2vx4psececvavb6pt",
  "summary": "9kzi5sel357f4duas14i",
  "runbook_url": "qbnqunuoiu76w8gi4lvk",
  "description": "Rate limit for a service has been exceeded.",
  "environment": "udnmsuyzdvenodg3hu0x",
  "fingerprint": "eil0h2tx",
  "isDuplicate": "0zyvhtvghx0ybt798ri3",
  "dismissUntil": "xvpw60bl9lrwokse43d5",
  "lastReceived": "8gpj7fyndhbr614h9icy",
  "duplicateReason": "l5j6w7k4vs8xvkcqcury"
}