{
  "id": "2a901it1teeb9lfjsv09",
  "env": "sandbox",
  "job": "4uc0yzngfdfb1xasoyku",
  "pod": "86wkpr84sdon5lwdriig",
  "url": "1cbvu8nucwecxbjvsopc",
  "name": "MicrosoftPowerBILicenseExpiry",
  "note": "nkdajptxjy27ui3q13ri",
  "group": "019nccmvqj1op6rwpzzv",
  "pushed": "899b45kcl7kj19vpptou",
  "region": "asia-northeast1",
  "source": "4b44brehk7lvxgoehe2j",
  "status": "hi4f58njfay0wozhjawl",
  "deleted": "8n5k10qq858z6ljoabnb",
  "message": "ugprlcw7055y5w831jj0",
  "endsAt": "2024-07-12T09:42:53Z",
  "generatorURL": "33bmppznalhxwjqo6qdi",
  "project": "d4j4tdhabcpceh5tvgq4",
  "service": "o3on64uucaxhh5wrbob5",
  "assignee": "9snluiq1y77972ip1ut2",
  "endpoint": "6l4tfttja2jt9g8wvwlg",
  "event_id": "qzr7z5ddh25htmv7071h",
  "instance": "59.82.167.140:51937",
  "severity": "debug",
  "startsAt": "2024-07-12T09:39:39Z",
  "alertname": "votcfxvcvqqfuzw42vvz",
  "apiKeyRef": "jlp1fw6d2qghpd4q2x8k",
  "container": "wt13ajp9timip2v1cw5w",
  "daemonset": "4my4rbbb6fp4r0eilm6r",
  "dismissed": "dn7mafarjjxhh4ajlmvu",
  "namespace": "guu3b18a3ox2ro22b0lt",
  "alert_hash": "9dev9ajr1kznv089auxm",
  "prometheus": "u8lqyc4p9ifufywopbg0",
  "providerId": "fbqvtkx2ttdwceww4d5c",
  "summary": "ol8jetziu2yd2yqmf9dn",
  "runbook_url": "xs9imc15zfajp2jb2ae9",
  "description": "A software license is about to expire.",
  "environment": "721lwhes0c1z57w0nycn",
  "fingerprint": "kazwqgkh",
  "isDuplicate": "dl27zo1h6abjlgi52rbt",
  "dismissUntil": "q2xgmig3r7xshlgrqmbb",
  "lastReceived": "nkyu79kyj8d242yznmin",
  "duplicateReason": "806aamltg491dpur77ef"
}