{
  "id": "hmqnbc7ge65mniadwfqv",
  "env": "testing",
  "job": "xiny3qiwahvixuzranwn",
  "pod": "b9n4ce8ubgbn5a8hm0b3",
  "url": "a35gz9nr9pwycabqg7hr",
  "name": "SplunkDiskSpaceLow",
  "note": "rqu6k6zrc9fhigb89qbg",
  "group": "6gpi2tfq2gse1uaz302m",
  "pushed": "3s6h5o026ghcbtod5p2p",
  "region": "us-east4",
  "source": "vkokr79clmn041xzbkab",
  "status": "g7runzn06wm2vt2hmjo3",
  "deleted": "uo81e3g8z1z5cgflr8yd",
  "message": "vg482x6ntn6qh5udrgpa",
  "endsAt": "2024-07-12T09:20:28Z",
  "generatorURL": "l4yfhmfwrm88do69epil",
  "project": "jnk6l6v7imu3v7ytve1w",
  "service": "1s4k9zzex11rcy8zqt4j",
  "assignee": "kllkiqjg1tuw02jhfx9i",
  "endpoint": "j2fx72gkkkmxnvcrbfd1",
  "event_id": "fbgzoi65y3mvtyhsf4id",
  "instance": "106.87.238.247:38774",
  "severity": "info",
  "startsAt": "2024-07-12T09:18:32Z",
  "alertname": "j9ah8qdlpfuquox37bft",
  "apiKeyRef": "q9960li25zfzgq05m3fa",
  "container": "e2yh2z2simphqbnhmn1m",
  "daemonset": "3h8rqcgmw61a6q40g9gb",
  "dismissed": "t9819rc3e42u1rb3chzu",
  "namespace": "4bwxe6wiwm39k3veutki",
  "alert_hash": "8ci5v2yqhvqbqkvqtm5c",
  "prometheus": "gl0uashb46dvm1g8a7ex",
  "providerId": "0hkvgw8ifql36zwydflu",
  "summary": "19ti9iutzxhkpky5ucri",
  "runbook_url": "2fsitzq1yspyd8ywzpgf",
  "description": "The available disk space is below a defined threshold.",
  "environment": "ng6it9ztbisfgckmpkld",
  "fingerprint": "mgtlkgn1",
  "isDuplicate": "rswdw9k7z06dy0kxbjpo",
  "dismissUntil": "aij2s6kr9uuzuptgeqps",
  "lastReceived": "unsa7vqq4x25sl4cmqgo",
  "duplicateReason": "ru63clad71s2ozbaxlru"
}