{
  "id": "iwdtph2h3rf4xpanpk6z",
  "env": "development",
  "job": "i15g4m7zcna1idc68q7f",
  "pod": "4q13hokdswy4n25orox6",
  "url": "2qf53mu26gl4z09g9gtv",
  "name": "NewRelicServiceDependencyDown",
  "note": "kq3s21407r5r9kz3adbt",
  "group": "6zys72d8bktl2cytmp20",
  "pushed": "l3nk4xadqcdznhblxlpo",
  "region": "australia-southeast1",
  "source": "1tvs40agypprlylhqm0b",
  "status": "jzqm1wn7n34tif965thl",
  "deleted": "6wj9x73w7tdigf7cpcyg",
  "message": "wpu2bxxghc8iib2wunx9",
  "endsAt": "2024-07-12T09:18:35Z",
  "generatorURL": "i386rawtg4g7y7ut0uh7",
  "project": "455pwv3vw33wfv0w9f54",
  "service": "jxiw9rh3kiobeau7ti00",
  "assignee": "fjd1zhd93yuunxiqgpix",
  "endpoint": "21nmalub7eq2w0dc3f5l",
  "event_id": "2cgoa0gwqcfo96vl9uux",
  "instance": "124.247.240.118:4778",
  "severity": "high",
  "startsAt": "2024-07-12T09:17:36Z",
  "alertname": "8rrgsb5hx20ubukmkse4",
  "apiKeyRef": "t5m4pb6w7u5lviajibu4",
  "container": "63h2ypzhlbaptga5pe3r",
  "daemonset": "a9c9om4spq3maotf63du",
  "dismissed": "md2vp638ivwoo4b9hgwf",
  "namespace": "decz19xuymrhdt42muu2",
  "alert_hash": "u9p8428gt97yutle5lu1",
  "prometheus": "jv942za936i07ulfztb8",
  "providerId": "9v433qckirdyu3d0ie1z",
  "summary": "q27x1fsf3y6xk12d3usp",
  "runbook_url": "gpyf5cc8bl1fofmap9hh",
  "description": "A service dependency is down or unresponsive.",
  "environment": "z1plgr2qc15lr6u7var0",
  "fingerprint": "14kvxmwx",
  "isDuplicate": "cip7fumf4xl8h58yc7yl",
  "dismissUntil": "xpr5rey75xjy90vc0wgk",
  "lastReceived": "d7t1btjv3niios9qkyzj",
  "duplicateReason": "psyldqr5vxkavl7c87uk"
}