{
  "id": "m1hr9tf99tf9d57uh8xa",
  "env": "integration",
  "job": "555n0ewo3e2jshayt4va",
  "pod": "pjgzjdw8cjl7jxvqtcis",
  "url": "uwbobibhkkk3lkrsffz4",
  "name": "OneLoginNetworkCongestion",
  "note": "ig130xlf43tk085qnavg",
  "group": "47mdupzdfotzd46bl6as",
  "pushed": "n0iv8vaz24f55g2mm6ka",
  "region": "europe-west2",
  "source": "p96jfogsv4el4ytuyo7b",
  "status": "es7aob9sv8sfbrt6knei",
  "deleted": "h4qy0fozldfqgtdwqgee",
  "message": "odflbo49q4nwjtd4f27f",
  "endsAt": "2024-07-12T08:16:39Z",
  "generatorURL": "n52hkskeyrjd4jraeyby",
  "project": "74v0dittz53344vhlq3w",
  "service": "2vea6wqfmun16ke5zpj5",
  "assignee": "56a3j30596gk4fxu9o04",
  "endpoint": "an82f28c2wjucen2sphf",
  "event_id": "a4wdn3ryh7ybvjtmpez3",
  "instance": "253.43.16.127:33243",
  "severity": "warning",
  "startsAt": "2024-07-12T08:08:05Z",
  "alertname": "14juoctfjsan3znxxfrv",
  "apiKeyRef": "ch1l5hydfsclkdls1wpv",
  "container": "ryblby8gl0cacbscgl51",
  "daemonset": "xekaquvxo7036bn83zi1",
  "dismissed": "ndjbe57js2vdaq7h5q0v",
  "namespace": "uuna93bu52pd9txvzik2",
  "alert_hash": "u0tg7hstml1xcshv6220",
  "prometheus": "yjg0ab3f1cxg2ypggggs",
  "providerId": "51hzeql0evyocp25ottr",
  "summary": "5gngbqdj5ccwka28i5us",
  "runbook_url": "kk6lmlwcgrp1idlf3j5q",
  "description": "Network is experiencing congestion.",
  "environment": "qgz9jezuh0vr6qaptiyg",
  "fingerprint": "28alyaac",
  "isDuplicate": "58e6mscbfbwp05prh8i5",
  "dismissUntil": "y6pw00nzrjp4adkjdi8k",
  "lastReceived": "2ttkxi0r7yeqshpt21pm",
  "duplicateReason": "ixflc9ytmv0kvm6yu2vo"
}