{
  "id": "i81himtlufqqgjoejmp4",
  "env": "backup",
  "job": "l36vwyxh3lack3r90l53",
  "pod": "k6pwv4wf6yyaq7v9z3hm",
  "url": "kek0hqn42s85jy20ujpc",
  "name": "GrafanaServiceDown",
  "note": "piw9q5gzf9sf3zvtd04r",
  "group": "r26xlbw5suz0pi8jifsw",
  "pushed": "mi39fy4updahkvzkxn9x",
  "region": "northamerica-northeast1",
  "source": "prkr0701t1ntvf4bon6g",
  "status": "zf0863c3821bt9qa1cye",
  "deleted": "a1qwaxhyd8jt6pm16w8c",
  "message": "9sfe39gljpi9nlyica61",
  "endsAt": "2024-07-12T08:29:58Z",
  "generatorURL": "cm0kevl713lw9il7fqea",
  "project": "616q1h09kli6gy94gobz",
  "service": "4acwrtihptzgawk2k38z",
  "assignee": "1qu13a0fyj3j6sylbo6a",
  "endpoint": "0aotal68fedhmp9moz12",
  "event_id": "rhqez25u4jb890womtus",
  "instance": "26.204.99.161:17002",
  "severity": "high",
  "startsAt": "2024-07-12T08:23:06Z",
  "alertname": "gb1o77cm52k97kje5u91",
  "apiKeyRef": "susu1rh0gju99lovt4id",
  "container": "o9tf1zppkomkrwygc604",
  "daemonset": "vfy38vgwo8qg3vbogqnj",
  "dismissed": "err0ql2mo4d0n033h34g",
  "namespace": "43ioi30ttlv6au1oqlmz",
  "alert_hash": "g88wmq6bu20h2do1ztoa",
  "prometheus": "u96xgfru7y9fh8clkxwt",
  "providerId": "36t9m76xt6z0xu44gsgy",
  "summary": "wm7jh10htfuruh1cudxs",
  "runbook_url": "ntedgt8bhcxadb4bnzpg",
  "description": "A critical service is down or not responding.",
  "environment": "3k18r84l59w1gp38uwn7",
  "fingerprint": "by219a78",
  "isDuplicate": "7j02462g05t6sirar5re",
  "dismissUntil": "084okvwpa4twqz2a0rzs",
  "lastReceived": "l0d3nu9lrah5poc6xukh",
  "duplicateReason": "hkda4jq11npo36ipro6v"
}