{
  "id": "j2cifj6wuuq4xkvxvta6",
  "env": "sandbox",
  "job": "new30gvlt483pl9zxoni",
  "pod": "n3iglclnm8llkwd0i392",
  "url": "3pz13p4rkzvhuliupca3",
  "name": "GoogleKubernetesEngineNetworkLatencyHigh",
  "note": "mug64xkc9a4wnxmf0o1n",
  "group": "a4tsyokczov10q6uorn7",
  "pushed": "b5xf14t29e23ykwmn0uk",
  "region": "us-east1",
  "source": "asu029f62tcwxuoij8do",
  "status": "dlvjx8rit48l5usd40wn",
  "deleted": "powjyo9eeo0zjxg40bfx",
  "message": "xznouj906teg7a1gtipe",
  "endsAt": "2024-07-12T08:44:50Z",
  "generatorURL": "u16b90i9k544zplcs46h",
  "project": "nyqvpwrwwrbpd3rrfiww",
  "service": "htb73jdndgpum53ylqqo",
  "assignee": "fi0zdpjewuk1gk4tphqr",
  "endpoint": "1a7d9rdwf8qhc91kyevz",
  "event_id": "ssv0fom7wcj5e1tpm8w6",
  "instance": "155.134.50.157:9960",
  "severity": "medium",
  "startsAt": "2024-07-12T08:42:57Z",
  "alertname": "2pyr0a7mw692zq4e2pt6",
  "apiKeyRef": "00wz3zsb8vqjbt2415sn",
  "container": "tizyif4p8m9xiqydht48",
  "daemonset": "j7eyinct6y7tydgnr6je",
  "dismissed": "yglmvcx4j7pdzk115gxp",
  "namespace": "wu0p9auytu3dgu7dodsz",
  "alert_hash": "0npqn7175dojj21bqjqt",
  "prometheus": "twk5l424s5cxptuvu04q",
  "providerId": "2y7vv1vl74iktpsab13d",
  "summary": "xxw2zqapp73oc491yfzr",
  "runbook_url": "7yi068rv5nhkx1l8yf1p",
  "description": "Network latency has exceeded acceptable limits.",
  "environment": "5dyxe2s2qe6t6ti2409x",
  "fingerprint": "ysbdpir4",
  "isDuplicate": "10seplbx1gx00u3v66rx",
  "dismissUntil": "015x6dj6bb39n9vtw6uu",
  "lastReceived": "3kpnesc2m773n6ohpazw",
  "duplicateReason": "rqwcvavuop8iuhgzleu6"
}