{
  "id": "xfj3unmehbeprt6w6uzc",
  "env": "production",
  "job": "33ozt5qpq26arzh3dctd",
  "pod": "91rc3hba89jct0tu906v",
  "url": "e3gs19tkch84hdcil2hw",
  "name": "TanzuKubernetesGridResourceExhaustion",
  "note": "yj4vyt2yd4hk79bog099",
  "group": "oyez3iglkbds4i31rubq",
  "pushed": "qxm4xz82brpntij3g4ez",
  "region": "australia-southeast1",
  "source": "za3ringtf6vd4886yak9",
  "status": "f0upkqj38szwbpykadjo",
  "deleted": "pou7jmu7vl4bryr1i5kq",
  "message": "5mpdd7iorhzlmndcqjz8",
  "endsAt": "2024-07-12T09:50:02Z",
  "generatorURL": "wdkqndhciiphnliy34m7",
  "project": "4qwm125i464wq0k4ryl4",
  "service": "97415qsc9arct5j641lc",
  "assignee": "v18th8y4t30ojgecyqlq",
  "endpoint": "59dvqousmr1qf2fmgoba",
  "event_id": "xdj3qja0zlax0w39aadn",
  "instance": "59.20.155.185:44393",
  "severity": "warning",
  "startsAt": "2024-07-12T09:47:21Z",
  "alertname": "mffff9svntlk5yn305dh",
  "apiKeyRef": "390vmomg6l57mlohaf5h",
  "container": "4w76gf0bvbb2t4v486f5",
  "daemonset": "zbl9omyy71rprmw254n6",
  "dismissed": "pdyt5nkjyv5jn46ps728",
  "namespace": "ox4fxdlur89uxgz9f5k7",
  "alert_hash": "od094zlqghxo5hhrsdhu",
  "prometheus": "8lmf0fokniyciamlx4ak",
  "providerId": "2vm5bltjkmbk5qsg25v5",
  "summary": "r1tjb1iqhetm01s8zd7c",
  "runbook_url": "98f235wdia7i89ivingu",
  "description": "A system resource is nearly exhausted.",
  "environment": "e8edk7v5qad1pps5zwy0",
  "fingerprint": "e2urdfxw",
  "isDuplicate": "nfmms7fqeyj1bhutgrjx",
  "dismissUntil": "8fvijqzpz5vca6r8eeqo",
  "lastReceived": "66rzwo38nemb2u3c0ty4",
  "duplicateReason": "6ybx4xsjjxyo713jzil0"
}