{
  "id": "3t9w84zte7g841whwbqi",
  "env": "integration",
  "job": "89zb6c453jqnnlrhx5em",
  "pod": "1dtn7v5zofc4top0ib15",
  "url": "k4a9l1vt8r6hvq3qcd3w",
  "name": "KubernetesMemoryUsageHigh",
  "note": "ghfkme5pf31zum0ahzvi",
  "group": "4zl5ukw4mb26qeehw3m1",
  "pushed": "ovzi8s8q8bm477sfpo3j",
  "region": "northamerica-northeast1",
  "source": "mnppf2d8y6c1iotbx9u0",
  "status": "dc06um34j3dytrk6q1gp",
  "deleted": "b05nwy66mtmjbohlbrja",
  "message": "yvvperzprn792ozpp8ej",
  "endsAt": "2024-07-12T08:30:59Z",
  "generatorURL": "6jqq6001rgezz0w9svfw",
  "project": "6i2xdhokli1h0y291out",
  "service": "qmw0bg5oghl1hnprpr8r",
  "assignee": "wc53cmqwdsmknb83eo95",
  "endpoint": "4b4ea0jbyxe3m1oxmd0a",
  "event_id": "3f0nzrrei8abeorqzd11",
  "instance": "59.20.155.185:44393",
  "severity": "info",
  "startsAt": "2024-07-12T08:27:01Z",
  "alertname": "jzroq2q9idayi45t0jj2",
  "apiKeyRef": "8f1g2qx16s84r4vjsk2e",
  "container": "s53y8db7gen65lp8bs8j",
  "daemonset": "a04odvkyhh2piyn4ek5t",
  "dismissed": "xnfad8rsekggz9z889ji",
  "namespace": "dezzep9dulcgv2muezjq",
  "alert_hash": "sgvybvukifzph9p8a6qi",
  "prometheus": "fl4rma0q60jl1j3imbmh",
  "providerId": "2yozbetopiqjkd1h2u96",
  "summary": "mb2rws1ujlco647jiu8c",
  "runbook_url": "wl08slzo64stdjupcoxp",
  "description": "The memory usage has exceeded a defined threshold.",
  "environment": "ryklxmmspw59y8me9v9i",
  "fingerprint": "kazwqgkh",
  "isDuplicate": "ac1wsovvogzuo7wtsipe",
  "dismissUntil": "u6k79pmqc21ott2acy67",
  "lastReceived": "csvk0mpmvuo5m1y2nkgp",
  "duplicateReason": "7ezoansg7sjlmb532zfq"
}