{
  "id": "fk55f94wc9uosmo2jdb3",
  "env": "demo",
  "job": "qkcbrn9j2mye0n8gcdl5",
  "pod": "s439kxlmt7q0lu1zaixp",
  "url": "vd4ye5f3rxkmkjzxd0ru",
  "name": "GoogleCloudSpannerCertificateExpiry",
  "note": "ris49tuk7bz1rd6sto4x",
  "group": "ltw639zam3gfuzlgre0m",
  "pushed": "qtla8jmju2111f0oojty",
  "region": "asia-northeast1",
  "source": "8sca844htiixesjcpr07",
  "status": "fqpnqwhflmpaqzmt65lu",
  "deleted": "ekvk9ie6n7wb2y5mldzs",
  "message": "8ut6yh9jd05g2k1rka1i",
  "endsAt": "2024-07-12T09:25:32Z",
  "generatorURL": "2ovbsf09w7hkkr1p5a3t",
  "project": "jm4zcqqnr927kcj8j3oo",
  "service": "pn5cfkwlvh1p01ajculv",
  "assignee": "mcvq9w9kexumomthm2mb",
  "endpoint": "0bnemutts48nzm9402yx",
  "event_id": "n8doq8k6auwzjyjfnyln",
  "instance": "133.179.204.82:29554",
  "severity": "warning",
  "startsAt": "2024-07-12T09:23:11Z",
  "alertname": "5018h7bpk6goxu9r9rvd",
  "apiKeyRef": "0gg1jxwkq449xebbgix9",
  "container": "x2cme2fr5z0ntct8q5jn",
  "daemonset": "lu62frqfflr8xiwfk9t5",
  "dismissed": "6ro5levju7f83j0fpg58",
  "namespace": "5k7hqr0yfoejwmznalc8",
  "alert_hash": "301lbvp9we5u7m3vswhs",
  "prometheus": "np1dzw4bvryda23t8h1l",
  "providerId": "mxoym3rjf0sa36xu1ve5",
  "summary": "04jb9uzrlk2zyxsb0ado",
  "runbook_url": "n5acnt9sglvn6xtzbt0d",
  "description": "A security certificate is about to expire.",
  "environment": "b25sg9e8gzm0zy5lulcs",
  "fingerprint": "xmvq8i87",
  "isDuplicate": "cmidxtlmt86auc1bkx8v",
  "dismissUntil": "icd4dj85767pbkboa9va",
  "lastReceived": "fsxiezanz480sskspaf0",
  "duplicateReason": "xhx5tu99r5h9qosne6xr"
}