{
  "id": "d1n7y0mbejmq9boemwpf",
  "env": "demo",
  "job": "glhezmmx0034iesg81dh",
  "pod": "4njqm07mdz3q850x50bm",
  "url": "da3fkvs1fm9uwlsur9bb",
  "name": "FirebaseRealtimeDatabaseConfigurationChange",
  "note": "zrr3huq4oivno241mqrg",
  "group": "xgiz46mig49hn2254eul",
  "pushed": "wn69jktfdljnra6z49al",
  "region": "europe-west1",
  "source": "zlvlng7hir2x87p04x8v",
  "status": "bligx5ntq0il2bcphzeb",
  "deleted": "7b09o26sv89n4dut02zo",
  "message": "teezl42b99bnag9y9ke3",
  "endsAt": "2024-07-12T08:25:43Z",
  "generatorURL": "25alwkzb9a0bv071qts1",
  "project": "fyjmy6pifapaoqobhgfi",
  "service": "idx45kl7z97gvi3fxwa5",
  "assignee": "n5u6nhjk0i74bm79qnf6",
  "endpoint": "p08nupk982w134eyb0ad",
  "event_id": "z210jy8t0ezeuermba7h",
  "instance": "85.22.155.164:17268",
  "severity": "critical",
  "startsAt": "2024-07-12T08:23:23Z",
  "alertname": "4p2zuu4nfcwa93sr38mg",
  "apiKeyRef": "q3pl56zlmir5e6zqzypv",
  "container": "b9io1teepy07s9alag08",
  "daemonset": "n28u70l5euphfa16d66i",
  "dismissed": "n6qf6txrokkc2p8z92o8",
  "namespace": "2y5dy86mgi7ewaw30jzx",
  "alert_hash": "2ohfeobtsowr23cdztlr",
  "prometheus": "ajv7gl0ji6cosvn1wi6s",
  "providerId": "shqk4hz6wxtfsj15n9lj",
  "summary": "hzjrvecny0nc7t67zdw4",
  "runbook_url": "ru1mq3jwu00gbrkjpudo",
  "description": "A critical configuration has been changed.",
  "environment": "7k035ta0qo505dy7ewcp",
  "fingerprint": "2kyyi5i2",
  "isDuplicate": "j64ak7z5sia4r31v5y5f",
  "dismissUntil": "ihy3fyqkjyiz7lsnzkb8",
  "lastReceived": "1b4fy62ubwzxfb0vnzv1",
  "duplicateReason": "4jhzj6equ40uj4yunk73"
}