{
  "id": "58nh8a3cxrka16d32v10",
  "env": "qa",
  "job": "tp5wu6j5gmgmc3p8yy13",
  "pod": "znbdmo16l8o6ab030kk9",
  "url": "md0ztokexkewzq42uhgg",
  "name": "AzureKubernetes ServiceServiceDegraded",
  "note": "ap0brmkifbl4zz5j8f7k",
  "group": "1hfl3obchmqoll2qvi2v",
  "pushed": "772vhyzci9853krxbora",
  "region": "us-central1",
  "source": "2fuusnxre0e1gzjloybb",
  "status": "n0tysukj73ibzf7zx0fp",
  "deleted": "5r1pvkx9nm3dabh9faoc",
  "message": "1b4x4loaaadqt43v53yy",
  "endsAt": "2024-07-12T09:28:13Z",
  "generatorURL": "udid4gyw9jj1q6x2m6ov",
  "project": "k81rm2b7j9jeunnowzt5",
  "service": "x4kx7ol8u6i5vojumg2l",
  "assignee": "j1vqp0tzpayc87jhsnv5",
  "endpoint": "kbc1y22j5557ip1svy9y",
  "event_id": "vu7hgx1238y0km5axos0",
  "instance": "253.43.16.127:33243",
  "severity": "medium",
  "startsAt": "2024-07-12T09:18:58Z",
  "alertname": "co886zttejh1va0z8hiy",
  "apiKeyRef": "ajjpafdvnfe1t1i5imw0",
  "container": "d2oqxn87ellingemi77y",
  "daemonset": "hanc11ebzbrrehj7xit2",
  "dismissed": "ek3k1e79wk35nkxzem7z",
  "namespace": "ttgph439aefcxfloof1f",
  "alert_hash": "bvj3u94ym78ett62on9o",
  "prometheus": "q3m6t0xctxbdfh5tfwvx",
  "providerId": "ygxlfiaipveovf97tfj4",
  "summary": "wnlzembhupyqy8f093t1",
  "runbook_url": "xzxjpyqaervowknqggap",
  "description": "A service is running but its performance is degraded.",
  "environment": "5c1754mucntw2ljsk75v",
  "fingerprint": "s7znlhav",
  "isDuplicate": "kedannymfk5qjxtv1r7n",
  "dismissUntil": "cqa3rvw2ybbxe1r2zelg",
  "lastReceived": "w9rqar4etietcf8akvs0",
  "duplicateReason": "yzs3rctn3os9u691bnhj"
}