{
  "id": "j2d269qa41jf4qa9zyvm",
  "env": "qa",
  "job": "nyx0p19fcryjuwx0rgu2",
  "pod": "o4mexowiinjm3gjmvldj",
  "url": "2gog8sthg3ne92mcf2w1",
  "name": "AmazonElasticKubernetesServiceServiceMemoryLeak",
  "note": "2g4fzqix41hzen11qbem",
  "group": "v4dnbqn7p29cvmrtzdfm",
  "pushed": "78lnckvqopcjglai3ks5",
  "region": "asia-east1",
  "source": "w5tfpmg7qzbaezlqb0gv",
  "status": "7grrmuduu1g9g53mt1cw",
  "deleted": "5sx9m5i0pvetsojdwep1",
  "message": "mwiwelpbt42yr7o15n0k",
  "endsAt": "2024-07-12T09:12:58Z",
  "generatorURL": "nkjwx0pwyia1qh5nxrx0",
  "project": "aoin7pusq0y2hnugxd85",
  "service": "42zzvzztk4l7rjo3epmu",
  "assignee": "5kjxrpjjolqjoj3re70s",
  "endpoint": "zbok4gytragb8pyt5vfp",
  "event_id": "uwnpuejfmozksjj5yfa4",
  "instance": "227.173.62.197:22339",
  "severity": "warning",
  "startsAt": "2024-07-12T09:08:00Z",
  "alertname": "u6koqhy721mt9gggkvdp",
  "apiKeyRef": "w4ru00ie5uo32tu2lqpi",
  "container": "p0l0kzt2i1490iigzzrb",
  "daemonset": "8780820uxax2q0al7gc2",
  "dismissed": "f0ma7atub8ugceoqiro6",
  "namespace": "zdvzzfqbj4uyf2f9ii9l",
  "alert_hash": "l9jdo6llavmw9dvtznpa",
  "prometheus": "2uom5f4yjhbuqiwbpj8c",
  "providerId": "qx46krgvtihmze4wfl7l",
  "summary": "hlj0tjhi587efkr4zbvi",
  "runbook_url": "6jbjqmf1f869p8grrduu",
  "description": "A service is experiencing a memory leak.",
  "environment": "s40k8pvgz4o4ganygwkw",
  "fingerprint": "1kvcaouz",
  "isDuplicate": "dylhsyhku3el7y4dbm7u",
  "dismissUntil": "dkcgz0fa0zhiyqhrl2v6",
  "lastReceived": "rbxodyriq9bmbw2m4tb4",
  "duplicateReason": "5izbwj9qj4ms5iz7q3e7"
}