{
  "id": "7ztgeucl6h7sk1nejzbz",
  "env": "integration",
  "job": "kjy46zolg0fh3jxvmxta",
  "pod": "q8a2t49a7ecyt0skw6ps",
  "url": "jrb24hiz8r37s9xgun4j",
  "name": "PortainerTemperatureHigh",
  "note": "tupw271ajzfnr2ryhwdo",
  "group": "7dmhgz88zjehxur9kpn0",
  "pushed": "8bof9wdk0vn12kyoxu0w",
  "region": "europe-west6",
  "source": "znrkl3qfrm4rbbfraitq",
  "status": "xswib7imxlp4xnxwa7et",
  "deleted": "vk9x68cz6mdqwvv8cxsf",
  "message": "nfpxdxbf1di69x8msagf",
  "endsAt": "2024-07-12T09:03:31Z",
  "generatorURL": "c3654j9xs9d3ccxooslv",
  "project": "a7yzqetvcilyrleefeob",
  "service": "qodxzhqtnh3ajxi10l99",
  "assignee": "mamsvtco8fpd9gko8cxj",
  "endpoint": "vytsskhgoc38rkxxabiz",
  "event_id": "hyv46qtocj2dog9dzawa",
  "instance": "121.210.44.216:32341",
  "severity": "low",
  "startsAt": "2024-07-12T08:54:04Z",
  "alertname": "5b11eoe5lbagpjrlj3ga",
  "apiKeyRef": "wov8ge13tdisbgvumnpj",
  "container": "5tdfplqpxvbpig02i8xm",
  "daemonset": "5gwff6kar2a2lpn0fpnf",
  "dismissed": "h8qm7jf2is6bkkoqls1t",
  "namespace": "5l6rai3scttdafevkg9d",
  "alert_hash": "vvlz4gh475qxvkkjyjtr",
  "prometheus": "plvssj2pptbjj9suuil1",
  "providerId": "vkky91hpbgt7y7izttey",
  "summary": "nojpxmowqffxvd1839t7",
  "runbook_url": "i9frdcrxuvxa1r9lr0bz",
  "description": "The temperature of a component or system is too high.",
  "environment": "09t3p435pt2e7ekorjs6",
  "fingerprint": "n73sluxa",
  "isDuplicate": "wd0mr9vi4f3tfudmv610",
  "dismissUntil": "cemr73efywd4i2tx0jzb",
  "lastReceived": "hlx55iis0mpwz3rvaxyi",
  "duplicateReason": "ofz6vsekrxfkzkcm58d4"
}