{
  "id": "ke0d9u51pcuytdix2yg6",
  "env": "backup",
  "job": "aowm3pv2pxjii9o9gmhl",
  "pod": "phdamo1jfq9a30tcuu24",
  "url": "m53kgjvd14xj3fo5bqw3",
  "name": "RedHatOpenShiftServiceDown",
  "note": "0nsroctj825y62top6zj",
  "group": "8sd1r41fymxau022l5sb",
  "pushed": "ldd7xuegt9o98qdtpf5z",
  "region": "us-central1",
  "source": "kvmw5he6pa134n9n5sid",
  "status": "bw2hga5xh02z3js82uxz",
  "deleted": "vtl8nehkdw2db8v398xo",
  "message": "u3doojm4mmenqdw6t1yh",
  "endsAt": "2024-07-12T08:23:09Z",
  "generatorURL": "xn45u00s8ufi216uqivw",
  "project": "hvcf8miyo9pq7fpdnrcg",
  "service": "gw1jydrex40v5ppvs2jk",
  "assignee": "buxqtticqwti4sw9u4db",
  "endpoint": "uei10pdmqn4j4eu01fb6",
  "event_id": "bsmz6l2aacurax0gqest",
  "instance": "24.145.234.30:17654",
  "severity": "low",
  "startsAt": "2024-07-12T08:17:06Z",
  "alertname": "fnixav8w7ps1hasc0tnb",
  "apiKeyRef": "bhki5l5425pk3kl27i22",
  "container": "jqydl549p7ha5v8kkvni",
  "daemonset": "fc5dtv4dmams2z0wjmhf",
  "dismissed": "vpvusuj4hg2zto09lzt5",
  "namespace": "s36v79azpz6if44d7au6",
  "alert_hash": "lyrvrs9ywpmgy63v5wuh",
  "prometheus": "gb49d5j0nf9rtboeta0o",
  "providerId": "phcoyemps78bjbcw51au",
  "summary": "sixhpq6s6vi9sl8sdxah",
  "runbook_url": "5fhqwlr7ojfpjeqmibew",
  "description": "A critical service is down or not responding.",
  "environment": "fblwplhzin7nhk0tlnz0",
  "fingerprint": "r4q5975f",
  "isDuplicate": "4ojatj7fapz59795wj9g",
  "dismissUntil": "awiinip9xasovq79krcc",
  "lastReceived": "i1kk2ud9nzexz6dfbskl",
  "duplicateReason": "ijmv7gsak7su5nrvd0oh"
}