{
  "id": "ie7y24lc9ivqmd4n8rcx",
  "env": "sandbox",
  "job": "vjf9q63unzj6osdfi3n3",
  "pod": "9eup8tl5o251wnfsbuod",
  "url": "eqwlzskwznrjelnwqhfh",
  "name": "MicrosoftTeamsHighLoadAverage",
  "note": "gee7rq64wrsslzfqeve8",
  "group": "wwm2y4okhuhl5xlqhvza",
  "pushed": "uch5m671be8xo8a99wzf",
  "region": "us-east4",
  "source": "6yurhfacat4s0t5vvvp2",
  "status": "5m3p5gzj7729fhwh7j9n",
  "deleted": "2dnjjogwdrnx2rkt52gc",
  "message": "95fc8a2glsntyr0egdjr",
  "endsAt": "2024-07-12T08:03:12Z",
  "generatorURL": "fc3zmx8bocwjg140k5ep",
  "project": "l48fkyr6yc05zqvroi20",
  "service": "7moyxwh2x35tr52kja6c",
  "assignee": "a0g29ecew3wlf1lvrk5r",
  "endpoint": "mh4ovzr9cuf9lliygq9l",
  "event_id": "gg8syba7xg2mm51jplin",
  "instance": "124.247.240.118:4778",
  "severity": "high",
  "startsAt": "2024-07-12T08:02:36Z",
  "alertname": "7k789fofq7jibehyjtpn",
  "apiKeyRef": "jmploqzh8z3jro6dovgd",
  "container": "x29k50d4cxremyzompsk",
  "daemonset": "6it44bdfzcu0dwh23v0o",
  "dismissed": "mcbbs4gev0t3nf1v6e0n",
  "namespace": "57tc7bona1k6ig8lc6ct",
  "alert_hash": "3akyup8kfqi0i6jq6sft",
  "prometheus": "sgqa8dmcz2qk8qj2d0q0",
  "providerId": "vyz758ene1bue7fpyuh6",
  "summary": "qt7mljolkgrnosdvste5",
  "runbook_url": "x87hft99prqu4bnn8wup",
  "description": "System load average is high.",
  "environment": "88rvumgyuplspb8cz17c",
  "fingerprint": "eryog6pw",
  "isDuplicate": "kbx5649azxcb2jbb1cp5",
  "dismissUntil": "262r6sqvwa473suwu8x5",
  "lastReceived": "w65jquhxwb89xe8izly7",
  "duplicateReason": "42p58qzyc66zj281y7l4"
}