{
  "id": "cdsazx9na09zpdrb10c4",
  "env": "staging",
  "job": "m1womzj9l4g3n39qibmb",
  "pod": "nqy8hqtvcsi66cyewvn8",
  "url": "sf483f82zs3khq8ojbu9",
  "name": "FastlyStorageIOError",
  "note": "juqqc416knp33vcrja8b",
  "group": "snx7qike0zfmhs9474ny",
  "pushed": "n2z5whx8iu9vuo4se7ba",
  "region": "us-west1",
  "source": "eshc0bc9wq5cyv6skci0",
  "status": "7mql343g5xqyj6p7ssmx",
  "deleted": "z42z0lv5welveyvp70ca",
  "message": "lnkw3eit4ueokaq321mo",
  "endsAt": "2024-07-12T09:23:02Z",
  "generatorURL": "fsiqprogjeqbjqqb0t2x",
  "project": "9eoj18osxf5lohgbqqod",
  "service": "eyl5ciqm1t23yz23wv14",
  "assignee": "hgwldy7sk8h454j6sh8m",
  "endpoint": "m4o81m2m8txf6qmltpj8",
  "event_id": "15ovegxr5v255npp45kh",
  "instance": "24.145.234.30:17654",
  "severity": "info",
  "startsAt": "2024-07-12T09:21:35Z",
  "alertname": "21ay9kudmtc66znwok0n",
  "apiKeyRef": "9k6effrjo80tiihbicly",
  "container": "j1i6m3dk041oqf7m304m",
  "daemonset": "9zk1cnmoq1oklkwfggm7",
  "dismissed": "8embc8nhr9u5owetwiud",
  "namespace": "f3n1l9nuemc6qiq4tus8",
  "alert_hash": "nx6s7ufbp7dyvlclij0k",
  "prometheus": "71fd9gx5c5tkqtzuoqsl",
  "providerId": "sko2tubir9u2ja4bkzxf",
  "summary": "krqudu9laf02cali4wl4",
  "runbook_url": "3fxr6izmfzytys9xdpdv",
  "description": "I/O error on a storage device.",
  "environment": "oao4wj2ujb9voqkhhdts",
  "fingerprint": "08rreg0p",
  "isDuplicate": "pizp4fnpxw8e74imscwi",
  "dismissUntil": "4u4viyy5lit81wf90s38",
  "lastReceived": "ldg9cdg8tatzb4m97xgk",
  "duplicateReason": "9eo8isrsdco3ivlkbdg6"
}