{
  "id": "kbt2d49kxpls8be1k4gi",
  "env": "testing",
  "job": "zc83hnk6lm78t6ze9p7h",
  "pod": "dq19p7w742j0pm0ay933",
  "url": "wwaga80e6imrjtf4lz50",
  "name": "MicrosoftTeamsDataIntegrityError",
  "note": "l3gepaboubuz8xw59q6w",
  "group": "2xi9heyclr73yaholoms",
  "pushed": "0ciwrfgkhkysotqwcx3t",
  "region": "us-east1",
  "source": "kefihuroc86acamfze8s",
  "status": "8x5xn7g5sqy1meg9lrsq",
  "deleted": "3w8re8jnuinwjlbifdn5",
  "message": "0c1gq6nj3ll2z1iz871q",
  "endsAt": "2024-07-12T09:34:00Z",
  "generatorURL": "2xoinvzpg9t4noh0e2ls",
  "project": "ianyfzpw6l7stzuli14m",
  "service": "xwga06l3ri8o8sgj3w1e",
  "assignee": "2ik3jku5b5j170or1ikg",
  "endpoint": "7mggncb1kgzzjxjwk7gg",
  "event_id": "82mnfhcukw5eka8l7tyb",
  "instance": "119.104.134.245:24340",
  "severity": "debug",
  "startsAt": "2024-07-12T09:29:04Z",
  "alertname": "12u0490s71k5qz360toe",
  "apiKeyRef": "h3vzhd6g0v7et5jcz7hu",
  "container": "4n8x0pzh3g7l2hn1n6ud",
  "daemonset": "inqbughlhlweobo72ppm",
  "dismissed": "j5c5b9s40v5z4qt28k2f",
  "namespace": "c7hc7hg4oh72or8sxe4o",
  "alert_hash": "yhcnpee4sn9pwdrnghc5",
  "prometheus": "qqrvt26xa9m2ed280mmp",
  "providerId": "y05e6r1m5reokuybhb0d",
  "summary": "2gudyr0rhm8pp7jcbrm8",
  "runbook_url": "wqqnp5h59cej64l1s5um",
  "description": "Data integrity check failed.",
  "environment": "bz8rv7mg0yg04dbt4b74",
  "fingerprint": "s3ubpm6i",
  "isDuplicate": "25ss0j8bo2enqwnsfooj",
  "dismissUntil": "u1cnr8i4080kpou0iquf",
  "lastReceived": "xwchzv8e6gwtg4vo6bgr",
  "duplicateReason": "u3jzsqjdx7sg5f3by59f"
}