{
  "id": "gpf5g2qga44aqw6fnq73",
  "env": "sandbox",
  "job": "amdkp4klzbl2cqwk2g7z",
  "pod": "4w1dtr2g2yuixct1ybc5",
  "url": "nv08byo7ner7wkkg3hy8",
  "name": "RancherNetworkLatencyHigh",
  "note": "mb2z50gah73seg7qua8g",
  "group": "rmhsjp601mvdxib4nmrw",
  "pushed": "qszuzqhkm0biykj8iykr",
  "region": "us-west4",
  "source": "umy0qufd5tm3an3yhz0d",
  "status": "cgoqqonvba75nfkx06ej",
  "deleted": "a4dc1cvb2pzsdij691ha",
  "message": "glarnfz65ll7a4k9yph0",
  "endsAt": "2024-07-12T09:44:29Z",
  "generatorURL": "q94fr7nwsf0l38hmiqir",
  "project": "zqwrgj8rfrdw3d4vg9ey",
  "service": "4afjn0dd5lq8nz5u8gyx",
  "assignee": "bslcmfl2w0swaz0wqltu",
  "endpoint": "qk3wprcn3n1jy6gp1e86",
  "event_id": "3szhs2prflewa5ee8w3d",
  "instance": "227.173.62.197:22339",
  "severity": "info",
  "startsAt": "2024-07-12T09:35:36Z",
  "alertname": "9a2bgipfilxk8ku50gjs",
  "apiKeyRef": "9gh78ecru1dtjt20u23y",
  "container": "eypq15ejxyr17usna2zr",
  "daemonset": "jbo04k2j8nrqfxdbpn89",
  "dismissed": "9m1mw1vrqujy4xaduzoj",
  "namespace": "n8sdw14891vztop6rqbw",
  "alert_hash": "73eqtw6w8ujvc260kg5t",
  "prometheus": "biees5d8qy96dmuu2dwl",
  "providerId": "lp38ulfohtvo9snav5xk",
  "summary": "pjebh9e28vj90th3hq40",
  "runbook_url": "ynx437uz3626y1o5c7dt",
  "description": "Network latency has exceeded acceptable limits.",
  "environment": "lpm5w61cbxsandijsi30",
  "fingerprint": "drjn33mc",
  "isDuplicate": "3cebz08kte9rjtwps366",
  "dismissUntil": "r5j04aerc6487z37h2xv",
  "lastReceived": "jmch9y7tn9wm01vgnvu8",
  "duplicateReason": "s7ku9oxhpamv6y89xwri"
}