{
  "id": "0420on627iysv9854t89",
  "env": "pre-production",
  "job": "qssofhgelfyypxto75ro",
  "pod": "cn6s3wbxf7gzpooc0m8s",
  "url": "1lsn0jj8gtod3lvqjk1p",
  "name": "MongoDBAtlasHardwareOverheating",
  "note": "crt7yisv40o4uaycfd97",
  "group": "ms73g2kb9rn02kc3bfb0",
  "pushed": "fz80bm9v5aogzcpv859i",
  "region": "us-west4",
  "source": "5sqdm207hpb2y1qdyjfp",
  "status": "60a06r30zjfpgiu6invn",
  "deleted": "4ji5sl4s5xhbmcsr6sc8",
  "message": "h7q01h1bongtrja0y783",
  "endsAt": "2024-07-12T08:59:49Z",
  "generatorURL": "wl39a6h4vddxx2z3d4w9",
  "project": "en4iiypl1yfmfy7q070g",
  "service": "c81hvjye18mqm0p5qkh4",
  "assignee": "tgzbp7tqhsyii7kposeo",
  "endpoint": "4kim8udq2sdmpwgrrp9l",
  "event_id": "hhi42t7g5c0qxopw8s0l",
  "instance": "75.13.132.122:28020",
  "severity": "high",
  "startsAt": "2024-07-12T08:59:01Z",
  "alertname": "xfuh9lw9qh8lhjqqn02d",
  "apiKeyRef": "dnenx0stksqrhjug3b5u",
  "container": "6yf5djs15g52na543nv0",
  "daemonset": "myqhtj1cbbws5rtpytf9",
  "dismissed": "lhq7wxzbq2emmtox3eud",
  "namespace": "5fskprp658cxk2l491zl",
  "alert_hash": "ql9gdkegnmsbha93uvoq",
  "prometheus": "2w53tgjy8v97778ekury",
  "providerId": "j0zdnv0tjg6nvuhblhtq",
  "summary": "rujv096x06rlk6a4b796",
  "runbook_url": "xxyhts72vgcxgtr98t61",
  "description": "Hardware component is overheating.",
  "environment": "cul6eippf3ia4wgzyl3f",
  "fingerprint": "y764fp0k",
  "isDuplicate": "6ff13ssqnsvr9ilk6fw6",
  "dismissUntil": "wuie2qfqcm1fvzbij4uf",
  "lastReceived": "ee006dmjs74rjtnbpla9",
  "duplicateReason": "jhpn2f1ms8ituzh3xfi7"
}