{
  "id": "tbcofh9ktptli9k9zhbr",
  "env": "production",
  "job": "yt0shforp9fcsuxao54g",
  "pod": "7r70yy6n8bb6oeog956v",
  "url": "lktl05vsusc0ir600w6e",
  "name": "MongoDBAtlasQueueDepthHigh",
  "note": "ezy43z8qsktrjcvsmoq7",
  "group": "bjxwxhradki4bvw1x4pi",
  "pushed": "i709eelzdszofgaf2n5x",
  "region": "us-west3",
  "source": "c7yv6q4ckhohtl97yuct",
  "status": "coww0w0y86niqjn1ynet",
  "deleted": "qv02gus1qvalzjcqxzfz",
  "message": "37s7i4dzlglacw0vhcn3",
  "endsAt": "2024-07-12T09:01:18Z",
  "generatorURL": "8xihdncpi6qse1pyf4dd",
  "project": "7f8s0hao7y8nvn9fv8qr",
  "service": "tgcnm51ueqxlzrftqg5c",
  "assignee": "jpuj0e7ywgcjaes9tky1",
  "endpoint": "0iwk7w0hmnubtbi6mxc8",
  "event_id": "6x3x5h1jo0fewlysrioa",
  "instance": "246.246.60.160:42570",
  "severity": "info",
  "startsAt": "2024-07-12T08:58:55Z",
  "alertname": "gb7fqh7wnmqr8b0x6t3f",
  "apiKeyRef": "67azg1ul9aejs9g0hze1",
  "container": "eri08g49bow2rkzght96",
  "daemonset": "j1xu7xxuk1pcns5fz4ao",
  "dismissed": "3x6fi5buqwpjoxmb27do",
  "namespace": "gbaytnhqd3830c833aub",
  "alert_hash": "ogzfctb10h162xhypd1h",
  "prometheus": "exvaimssk4xsrcrom3pq",
  "providerId": "jnfulq7dy3jp7w228j91",
  "summary": "wmb21ilzbp1l2ygor8ac",
  "runbook_url": "ovfiw570xehl2u04axow",
  "description": "The depth of a queue has exceeded a threshold.",
  "environment": "2xcsgtiw1ptlf9rdr2gi",
  "fingerprint": "kiec7kvd",
  "isDuplicate": "ufjhs0fnp94crc5w303c",
  "dismissUntil": "0i5b9sq7tyn8t3mnzshc",
  "lastReceived": "ofxkws4w9fy86bpk3j43",
  "duplicateReason": "e4kc9yw1jyfzgiaj3u65"
}