{
  "id": "he9g7ypbhss8ku52lyng",
  "env": "qa",
  "job": "7jijac7mzdetyv0hv3zu",
  "pod": "3mczj03q00ae7xx1skjl",
  "url": "57p0lo35gwqdk1yvmm6u",
  "name": "GoogleIdentityPlatformServiceDown",
  "note": "cwrl1ixmxinhsgv4wdms",
  "group": "lch0tv72o2yfkzhdw4hz",
  "pushed": "jl4gt4ymqkml3uncej7p",
  "region": "australia-southeast2",
  "source": "u5sm806mshi0ko5jzjy6",
  "status": "zqf59fe9vzybk1gx1r42",
  "deleted": "fzv4wcp3njnjr5m5s18z",
  "message": "a57kwqpmonpni09tephj",
  "endsAt": "2024-07-12T09:01:36Z",
  "generatorURL": "dhalgwanhjkxlepri9tc",
  "project": "158fmys8zayzcy26dl3b",
  "service": "d7rtxt04lwrj6ggctfop",
  "assignee": "xrgl6ehjel8uj7qhah12",
  "endpoint": "zw388h9wolilurl1o3hk",
  "event_id": "hq54ke4c2wgj128vvw2l",
  "instance": "23.135.53.28:22008",
  "severity": "info",
  "startsAt": "2024-07-12T08:56:16Z",
  "alertname": "t2p5pif2qxgynqcqo59p",
  "apiKeyRef": "ytlzlvh3w8fokmt6ltir",
  "container": "isxl7zd4b9nre74xi62f",
  "daemonset": "7nr77n76fsaqpcqvgcee",
  "dismissed": "2r0u7d96wi29o3geax0z",
  "namespace": "ktla443hh2iyazgi6w6x",
  "alert_hash": "pyele8b2uo4rflwq239x",
  "prometheus": "2zovtf5askpyzeqs7ac3",
  "providerId": "bylit1p387yn4gzucfp2",
  "summary": "x7puenca9d4diifu3stf",
  "runbook_url": "tlhuyhamh3rqdjtfwayk",
  "description": "A critical service is down or not responding.",
  "environment": "h9g4fu2io0yq3qdmeia5",
  "fingerprint": "1kvcaouz",
  "isDuplicate": "j1vw8zgwju4z0strfovm",
  "dismissUntil": "8qp8fkazvsg7l1d31cs3",
  "lastReceived": "m7srt6cqx4fusb2zx6bg",
  "duplicateReason": "lq74u0hovka12qcxbiz0"
}