{
  "id": "8bw5di2azl9dg10yhe4j",
  "env": "qa",
  "job": "9f9vb3wgbqf55ghlc72a",
  "pod": "zk65yf0b7k6vybwvy158",
  "url": "ccpiuvq70ie3vor19n2b",
  "name": "GoogleCloudStorageQueueDepthHigh",
  "note": "u3f20kmn9xaejgsphtxn",
  "group": "xistlurttr8tbbtv2qoq",
  "pushed": "mbfeyodz120grjoio0oq",
  "region": "asia-northeast1",
  "source": "p47kzqgwb90ro4qjr206",
  "status": "4xfbxeer9ad5m5zuats8",
  "deleted": "lykgn9bwud2hkv3nv9sz",
  "message": "rgzv17im4p9ktmyyi69m",
  "endsAt": "2024-07-12T08:08:13Z",
  "generatorURL": "q8b6q4yjrv2xdfydf91w",
  "project": "hrb9b8dcgqwdoume1du0",
  "service": "5ws5f1oh7nsv4lrivu29",
  "assignee": "2td0cjf8gpieivvni86i",
  "endpoint": "f50z0glgxgwnbvcz23qy",
  "event_id": "ethp80bhrpd36qbiza9n",
  "instance": "240.83.87.126:21420",
  "severity": "high",
  "startsAt": "2024-07-12T08:07:20Z",
  "alertname": "l1lun8wniql0iaipeiwu",
  "apiKeyRef": "2dem5f7scx24kyi76yvt",
  "container": "0ij33a6ax664rbtmnqrg",
  "daemonset": "ubnkznvfvxy0oykv64dx",
  "dismissed": "lwopnzc43s3gygsrk7ah",
  "namespace": "4phmafdtjaft55ectyw7",
  "alert_hash": "czlm9vr1vb1qon3pelv4",
  "prometheus": "n2okjgdy4ndci41br4r8",
  "providerId": "znx3rs1gzfjjcam8u6ku",
  "summary": "syion41elsy08dl9md47",
  "runbook_url": "d0yn2juuoijuhivlgqqg",
  "description": "The depth of a queue has exceeded a threshold.",
  "environment": "bqohx4gity06095ywpfl",
  "fingerprint": "ti6awzlp",
  "isDuplicate": "zdx5c1s2s5o0yceqqe04",
  "dismissUntil": "9ztxa6u3xgq7zth1nj8a",
  "lastReceived": "msvhm5ofh390mrn27xiv",
  "duplicateReason": "ps7hqv87rpxv9eiw5hrx"
}