{
  "id": "cf1fnibbpbtsiiyaafue",
  "env": "backup",
  "job": "ydtyco792ah362bjci5o",
  "pod": "kcj7lgnl1azvb75hbecc",
  "url": "t3r93xp2p38mfmtt8m1z",
  "name": "TableauCertificateExpiry",
  "note": "jr6occ8luvfr545wezoz",
  "group": "si5ykla3ryaz57q6vxgc",
  "pushed": "b5kdb3cq35p7cqntn2fp",
  "region": "us-east1",
  "source": "6ctyrvu7s1hmdyy7xacq",
  "status": "ijbipctyafyrponzr5qk",
  "deleted": "t7fvc88t6emzddgrpx9z",
  "message": "atlfda3mpc8eiafz1cvr",
  "endsAt": "2024-07-12T09:05:19Z",
  "generatorURL": "wsrsx9igtphko0up51uj",
  "project": "i4k0qmdvoo92iymzen3b",
  "service": "8dwsjm8oh556y85huzeo",
  "assignee": "wfui4ajrjo5dqvnwbuhg",
  "endpoint": "oy7t96svohl6rbl42kzh",
  "event_id": "mdhxvuny3hfnyjfd9djj",
  "instance": "32.140.13.109:9557",
  "severity": "low",
  "startsAt": "2024-07-12T08:57:54Z",
  "alertname": "ve0wivw4hovsqtwha18c",
  "apiKeyRef": "k6ozzxup47j9diy1m05f",
  "container": "cs57us5u0nrqbsj3irod",
  "daemonset": "4nhsrrw8rethfhs8ah7v",
  "dismissed": "g102klweorntpl0wx6e2",
  "namespace": "qw5wc3p6h9j9r6nxu68j",
  "alert_hash": "ty5tfgw2v7z7xquy7osm",
  "prometheus": "e3g87ofe2ux9e162jrws",
  "providerId": "mym20cjv1c8ep4eqdqwz",
  "summary": "g99ym14vq2bm2rll9x20",
  "runbook_url": "k7dkulpg94az1hb3h2tj",
  "description": "A security certificate is about to expire.",
  "environment": "vg2nm93qc4833wty3vm2",
  "fingerprint": "v9crkgp8",
  "isDuplicate": "vivag27qltism5o0vyik",
  "dismissUntil": "psub8ozkn4jt1w93oygj",
  "lastReceived": "2bpebvmawka6rt705k9m",
  "duplicateReason": "k9lzzg0kzcwvx0en2zy8"
}