{
  "id": "ah9qao67ivss931spi1s",
  "env": "qa",
  "job": "ns63sfx901ih8nmrrng5",
  "pod": "ytrn2gead92fb6tluz2x",
  "url": "x5d5qqq82wz5tjv6j6zo",
  "name": "GitLabCILicenseExpiry",
  "note": "2s87hb23to2qnel7rb2x",
  "group": "5ohk9tkioxmcyqxzs87s",
  "pushed": "i6ala5j30tdoibra00wg",
  "region": "africa-south1",
  "source": "n04wdeinqp5gv8c3lipk",
  "status": "4m5tiwl6jqv6g8gy7ffz",
  "deleted": "dfj7gmqm7u5qhqcgxjyg",
  "message": "mnxa2cma4yv3ifrvseo5",
  "endsAt": "2024-07-12T08:49:26Z",
  "generatorURL": "1s7i84asm9r2uq6qxogt",
  "project": "eg8ul1tkupn8c13g6jd7",
  "service": "2f223eyhrmoxovjvm3av",
  "assignee": "m0ogj0ozoa2whru5nil0",
  "endpoint": "nw5uho65ne8x74tuqmjc",
  "event_id": "hocjbl2x2ijbljckv8j8",
  "instance": "106.87.238.247:38774",
  "severity": "medium",
  "startsAt": "2024-07-12T08:39:32Z",
  "alertname": "lt011okruow92ytshpoq",
  "apiKeyRef": "lf11mg85ois07e217rqo",
  "container": "prchlpchf56rzobyka9v",
  "daemonset": "dbcmcehlsqtvkohhvw1w",
  "dismissed": "zuixckdhb1s6n4k819wh",
  "namespace": "vjs3r6170gs62f2yo9jd",
  "alert_hash": "1yxlj2wmn9s7z1i3r9z2",
  "prometheus": "s5zos9rhg1o2p0b2i7vi",
  "providerId": "hdfiqjk44mwrnlj8h6e3",
  "summary": "x0f686atb5qp9x9hrdf7",
  "runbook_url": "jta5k6yb1yee91975jo6",
  "description": "A software license is about to expire.",
  "environment": "vqjbe53820sgjh2zqshe",
  "fingerprint": "jy1ptf76",
  "isDuplicate": "87yed3i2611cuxt8aepa",
  "dismissUntil": "89owx5xf3u13hdwndahg",
  "lastReceived": "yufl4gcu2g8qrbvhjfcw",
  "duplicateReason": "oqj7tkkyfhfd73tj9x2g"
}