{
  "id": "x6cwwspqqvremnakmr4q",
  "env": "staging",
  "job": "518jm1c5yh24yhdmvsn3",
  "pod": "3fi0p0kfsiwal6b3jkjn",
  "url": "ij1ndllcxwwqpd2fqmb2",
  "name": "AmazonRedshiftTemperatureHigh",
  "note": "o60bvq2dnzdz522i7ops",
  "group": "onus2x4vkrx6e8r17p8v",
  "pushed": "31mcp123wo3aymsh6e4s",
  "region": "asia-northeast1",
  "source": "uth4b76x571nmqq94tct",
  "status": "fkdr1xv1yptjm3r7mc76",
  "deleted": "zj9l1x3v1hwhu4gfi9mr",
  "message": "2uz6qnym5p1gsk817546",
  "endsAt": "2024-07-12T08:44:22Z",
  "generatorURL": "ben44dwjxrq6p78r7ugx",
  "project": "pdor17865hrawt6fohjt",
  "service": "x0w7z898yova1dq5dnbx",
  "assignee": "jd257vbzd4o3gd65twaw",
  "endpoint": "k8qmgx67jbl9raqf0t2c",
  "event_id": "ia3z7rhesl8jgefui6gi",
  "instance": "153.66.4.42:22908",
  "severity": "low",
  "startsAt": "2024-07-12T08:44:19Z",
  "alertname": "6p1rurx60xfygebgy8yy",
  "apiKeyRef": "jb0zzuksignh13a44y1x",
  "container": "sbuia2h8kvzh49un295h",
  "daemonset": "j5rigf39nzsdxuy635wb",
  "dismissed": "w83owxmnm6au9am2998t",
  "namespace": "u9yrfxc5ebv0s2bonjcg",
  "alert_hash": "almgznh4wxczgjl7vkkr",
  "prometheus": "wb8khuwa5ju1sic4r93e",
  "providerId": "tp6e4rsiuq1uiyrb40mm",
  "summary": "ok6pubkt7febb06j7yhp",
  "runbook_url": "odc651684mc1qwpp8e0s",
  "description": "The temperature of a component or system is too high.",
  "environment": "qkre6dui69g14izjdxbb",
  "fingerprint": "whx358r4",
  "isDuplicate": "hqa74dcblgqps8wxkkhk",
  "dismissUntil": "4km47xxat4xmua0vfzqn",
  "lastReceived": "6s2rqwljgufpsm8p9bka",
  "duplicateReason": "hs3dtkxut75vk9hlxava"
}