{
  "id": "d0wgujrudsxzgta9o7hm",
  "env": "integration",
  "job": "aczdu7v4hdk6kip6ey68",
  "pod": "imntrj2t0846jlegkwi2",
  "url": "zcgpwrubu55po93e3sui",
  "name": "PrometheusNetworkLatencyHigh",
  "note": "2g4kd8xrw1mf7za9d605",
  "group": "0nwtf90ztetvg976kdx7",
  "pushed": "45j1smitaeqw534fyk1s",
  "region": "europe-west2",
  "source": "12v9f5l254qsj83cyzh2",
  "status": "gck406j83zn89kewwx9v",
  "deleted": "2krj8agacc9xw7kwc03p",
  "message": "x58oeasnn2grk6omlmgh",
  "endsAt": "2024-07-12T09:19:55Z",
  "generatorURL": "33tk5y6d2b7vlgt1rwy2",
  "project": "n3rcms7mpfyyuef8dtib",
  "service": "ua8ay5p058z7hosv94y4",
  "assignee": "90p8ck7h4osz1qmpwqhb",
  "endpoint": "n38a0m9b41mtaymkwkmk",
  "event_id": "xsuax1mwwurrvpxivipb",
  "instance": "246.246.60.160:42570",
  "severity": "medium",
  "startsAt": "2024-07-12T09:13:13Z",
  "alertname": "okrpemitnpy2zl70k8e8",
  "apiKeyRef": "28nibidzwq23zrnhcyo4",
  "container": "3b98zprm7af1ony8ngap",
  "daemonset": "0jrhk9hd0dlbfg56eobe",
  "dismissed": "nui3jtdwswqxp9vdafp0",
  "namespace": "pxqqia74hqh8gt8je7gc",
  "alert_hash": "pm3dlo3hnhc3f0wezui4",
  "prometheus": "fbxv14exb6pivvuc2xun",
  "providerId": "oramif0sg8160bklps4s",
  "summary": "4oxqg1byr3vkzdo36olz",
  "runbook_url": "spzw5jr1wosrpnx48oxt",
  "description": "Network latency has exceeded acceptable limits.",
  "environment": "ajxbwvky0y0z2f2t8boi",
  "fingerprint": "tdsj83rk",
  "isDuplicate": "1n9copysfevz24w7l69o",
  "dismissUntil": "pks33lbjd770h3jdaijb",
  "lastReceived": "z4p33ak5911t8zmo06cv",
  "duplicateReason": "rnp6az1k7gwyagp73tme"
}