{
  "id": "gc4hvr5eg4t9a459x23t",
  "env": "sandbox",
  "job": "ru2vzp88lrhmypdbq366",
  "pod": "j29dmyyaujtmwc0v1b3s",
  "url": "8oqn02j6ah8ph4tdea99",
  "name": "DatadogInsufficientPermissions",
  "note": "ohsl88vmpv7c6rytwumb",
  "group": "h2tptvdqemqxxczl7xx2",
  "pushed": "6s5itc7c4u1kw4dy9l2g",
  "region": "asia-south2",
  "source": "sm743td3u5pq1giivrbf",
  "status": "nfjl958zh0ycy9syn820",
  "deleted": "a82t8sgtb7egg4giz2ul",
  "message": "55vf5qpjap8y5atfwsme",
  "endsAt": "2024-07-12T09:15:42Z",
  "generatorURL": "wgrj7hpjrkssjui0j7wr",
  "project": "8yaq1zqzecf1vx0434qa",
  "service": "0g9br144uhxgdcntxluo",
  "assignee": "2v1o9eoxtf0y5mwo5lo0",
  "endpoint": "p0r1blnlgidkcibb8bo6",
  "event_id": "lkqy5hufrrfxugig8axv",
  "instance": "26.204.99.161:17002",
  "severity": "medium",
  "startsAt": "2024-07-12T09:12:57Z",
  "alertname": "ontpssr08kqyt2hpljai",
  "apiKeyRef": "t1x8v8t677k026a3ekri",
  "container": "mw9g7ruz4d1t2p9v9le7",
  "daemonset": "0wtxnqummdzjxhks1ris",
  "dismissed": "jfg0tq4ypfsn4fw1mlyo",
  "namespace": "mzwo6e8cbxpnzmmegvl8",
  "alert_hash": "995hmz5ipltzhj33np2b",
  "prometheus": "pqav1epyjdangx3ab8w2",
  "providerId": "ngd5ytuqpk6ptg9fdgs5",
  "summary": "78heidye3az8nnwg9szv",
  "runbook_url": "ol7h8a7j6z2fmquu8aiw",
  "description": "A process or user lacks necessary permissions.",
  "environment": "7sccyvruk48j0h8h6hs1",
  "fingerprint": "xz385cfd",
  "isDuplicate": "otf079xl5av7ccza0io7",
  "dismissUntil": "fzl4v3eglq0ttqx8ec7r",
  "lastReceived": "vb3yyezgh5r1aylfwzed",
  "duplicateReason": "g7qxndysqli8fr6qbw0v"
}