{
  "id": "bm4ehauc49fsq1zh2awz",
  "env": "pre-production",
  "job": "b9laahat41jtlyuh306r",
  "pod": "gjgqn0qzkvl90qgnmc2e",
  "url": "mmbzlzn13w9rf8a6urxr",
  "name": "GoogleBigQueryServiceRestarted",
  "note": "1eeyvtd71gonwhjfa4df",
  "group": "lktzxw2qk9abr442vma8",
  "pushed": "0zyqy5ly49s0mxwbwsbf",
  "region": "asia-northeast2",
  "source": "dw0jmsdd2x8n1okyt1no",
  "status": "i35h65q9jpovo5xsbdg3",
  "deleted": "5ubs857tmd3e80v3eizh",
  "message": "34ae8wiryvypcsvughaf",
  "endsAt": "2024-07-12T08:27:57Z",
  "generatorURL": "dvxl9k8aj44y3bx62afd",
  "project": "0e5vwptp8r13pjsdwsks",
  "service": "w148tqzzdgsc7tdfxzfd",
  "assignee": "pydtzu2o6wmbc7q8q0bp",
  "endpoint": "dms7ejr8kx29zzisotip",
  "event_id": "d41z3lu8n8wbwlnhwwwo",
  "instance": "123.63.28.58:39510",
  "severity": "info",
  "startsAt": "2024-07-12T08:19:11Z",
  "alertname": "l3pjzr6xx3men1xaifj2",
  "apiKeyRef": "j51lpu8it6fc4fyp904e",
  "container": "0999gu2tuaynj4duvnsk",
  "daemonset": "19kpiockz2cezgq2mghr",
  "dismissed": "gmcgeo5y21gwzf99rfg9",
  "namespace": "amamfy0lu58yeambn8w1",
  "alert_hash": "0dzpjg7ubbcgjq7l5uip",
  "prometheus": "qme2kr75abp6j0qq63l3",
  "providerId": "8efuv75c1e1yxa62ba4c",
  "summary": "p3goyc6hs7vnuo43585p",
  "runbook_url": "l9tlcbprrbmy5qtja927",
  "description": "A service has been restarted unexpectedly.",
  "environment": "cgmg8lnifajqj4okc6ld",
  "fingerprint": "zy89jy9t",
  "isDuplicate": "7761kxxj27bw2z87u5ui",
  "dismissUntil": "ktn6g9qdlubae414np77",
  "lastReceived": "nd66f4fte8syd0a1a8ht",
  "duplicateReason": "w6lcz7oi0g5kkfft1ejp"
}