{
  "id": "oak5bpb02rz7jz71h9l7",
  "env": "production",
  "job": "5jxk6e4ypzevk5yibfcz",
  "pod": "c3987zl1qm4fgnn21qgw",
  "url": "cn7ipub5jaubxbe87h2l",
  "name": "JenkinsCertificateExpiry",
  "note": "z5zf1vta36szqs7mgkcl",
  "group": "8i8ty05pvoq8blxcqzi6",
  "pushed": "5agmdmglid6j4fxnwchx",
  "region": "australia-southeast1",
  "source": "lrqw9cizuttl9zx4ldlq",
  "status": "f7lcboxownksafqjmzv6",
  "deleted": "862yg70zg1yh2gr2kr4r",
  "message": "2ylrmnjnh6vn4vvd8lbj",
  "endsAt": "2024-07-12T08:36:48Z",
  "generatorURL": "zwt6ycsaqscqj4qeh68q",
  "project": "ty91jetsk8ulukd0z9l5",
  "service": "w2cfxkpa0okwofpeopyg",
  "assignee": "s78p0pj8q0dvyan3u1ru",
  "endpoint": "9tdqq7cy2kri0n87omi5",
  "event_id": "dxhc922mvaleqf6iyye0",
  "instance": "246.246.60.160:42570",
  "severity": "info",
  "startsAt": "2024-07-12T08:29:28Z",
  "alertname": "8u5l5urwdambj7vv6ayz",
  "apiKeyRef": "3s4p2x81fnm5iex895xh",
  "container": "scs0tswii57s9avx1zir",
  "daemonset": "kr1z22w9jm54wcy2czpv",
  "dismissed": "homw0ee8ceklwksk1k4i",
  "namespace": "wvfkbgtrtorv5luchx9x",
  "alert_hash": "1jjrnkij75bs4j3aa2jl",
  "prometheus": "2p11ykixsusyxtkjrkgm",
  "providerId": "1jegjgnyx76ijbp21cr7",
  "summary": "ffuadrv8chhco4lq2poj",
  "runbook_url": "zjwnv0zkedt9ceqxzfkh",
  "description": "A security certificate is about to expire.",
  "environment": "ecbiu2c141gja6du28g7",
  "fingerprint": "4sy1mk52",
  "isDuplicate": "p3809m23u06is1r6h6cg",
  "dismissUntil": "kszfcpx0tblvr74fzk11",
  "lastReceived": "pg7j101vrfh1rgsp1rw0",
  "duplicateReason": "t4d3lr5rwbcz8suqfna5"
}