{
  "id": "bevke54v9nw6cus4foxa",
  "env": "backup",
  "job": "rnx8m3cgz1h3q13sj4e2",
  "pod": "9ra2ik0lj5pi5gx5nxtj",
  "url": "f7uv912vxzde0q3zt47q",
  "name": "CarboniteCertificateExpiry",
  "note": "txtr9rirponcxzptf6wf",
  "group": "7wcludzcn1dusq6pqaia",
  "pushed": "krkgjxe61n26jivrhlhw",
  "region": "asia-southeast1",
  "source": "gcmknknx2do8gaevhzpn",
  "status": "rumh9yviwxt7forgwwya",
  "deleted": "cy5r3lrpbv01z0m6ozhh",
  "message": "9mqo3ck3mrykna6f4qgw",
  "endsAt": "2024-07-12T09:19:44Z",
  "generatorURL": "1qdoai7nlz18jm1nu02p",
  "project": "72aty7vi6ty1271j9qwp",
  "service": "kvgrvv10twzy9tuyyrqa",
  "assignee": "ijre4uplswfa8252ignn",
  "endpoint": "yhv0ggd9ocrd3ytsmk4i",
  "event_id": "gwlbe1bk5l1gbqsc48hf",
  "instance": "246.246.60.160:42570",
  "severity": "critical",
  "startsAt": "2024-07-12T09:16:37Z",
  "alertname": "101z784wxtcofb0ct7bi",
  "apiKeyRef": "8tq418mc3l4oh498p5tq",
  "container": "c85m8f5apwa0j76t7ual",
  "daemonset": "qr13h6oqwwgc2j3q1vtu",
  "dismissed": "w1z2nsvcd3xens6rrw4i",
  "namespace": "4vqqrvt37pi0j36dxilc",
  "alert_hash": "v9bw1wrw7eknl2o8snd0",
  "prometheus": "x43a7fdx2bs19cvqgscd",
  "providerId": "1xj41b1w3m2203c8wuub",
  "summary": "h4oad6rzru505u6wppre",
  "runbook_url": "k6abj0ge5xta6akzgbka",
  "description": "A security certificate is about to expire.",
  "environment": "1ks2nht6llmrrpyb2lni",
  "fingerprint": "lp0t77iq",
  "isDuplicate": "xrjrm9sod4iil8otw2ye",
  "dismissUntil": "zu1auo2ekdftdr6cap3i",
  "lastReceived": "kmnys1o8sxh45d0flt7e",
  "duplicateReason": "ze6jnd4e2s3mqild45yz"
}