{
  "id": "4aor1th63ceqehluw5si",
  "env": "staging",
  "job": "sigyysuour772hocrhdq",
  "pod": "4birvf2lwktg4hef5bp4",
  "url": "imluxvxc5oxv829gvgtv",
  "name": "GoogleCloudCDNDependencyFailure",
  "note": "e2aesoqe1y140dwtt0lb",
  "group": "9josty0335m86lo7l684",
  "pushed": "jfdwqklmmbbh646o2k66",
  "region": "us-west2",
  "source": "963ga2ge94t457hv2kyl",
  "status": "4m3lk74wnog4yknf31p4",
  "deleted": "yx7ywhxtjhefoll3smkq",
  "message": "i42jq9gwo9410xwowfzt",
  "endsAt": "2024-07-12T08:55:50Z",
  "generatorURL": "nqkw3f5j2nrwb11t29p5",
  "project": "x6n1qpz73z7vms2bic6h",
  "service": "e2qfkbt4d6lo9apghrs5",
  "assignee": "3338dyoeuu3mlvdj5get",
  "endpoint": "zia594c1rgkatt8i97mp",
  "event_id": "fd6nc05hv3y1ztgdpo0b",
  "instance": "203.220.181.212:36917",
  "severity": "warning",
  "startsAt": "2024-07-12T08:50:04Z",
  "alertname": "1weeuapt3dofrxa6nlyj",
  "apiKeyRef": "p8s6oaqacqtvdjza1z4k",
  "container": "u5asyyxyqrc4y0espdzq",
  "daemonset": "xzl2b9wmjee9nne8vq2t",
  "dismissed": "u3uo0ar31mu58m7awhe1",
  "namespace": "rh7do5brdftvjk51uzno",
  "alert_hash": "jf084faz8entlnfjk7pg",
  "prometheus": "bry3y0qoznwv19ddzpnq",
  "providerId": "cgadnidcllecj1vbirux",
  "summary": "aqpas232qxjqvr39wivo",
  "runbook_url": "tufzetjm00mfpuq06ivt",
  "description": "A failure in a dependent system or service.",
  "environment": "ie04xcwrddp1ezym2z86",
  "fingerprint": "zc8c7kyf",
  "isDuplicate": "u03kiysmmhoywmi49sei",
  "dismissUntil": "g348wvq4duh0ptno3ug6",
  "lastReceived": "iufp7n3t4ev4yj05fjcb",
  "duplicateReason": "b0400jix4r24xmrht7u3"
}