{
  "id": "q4pa5ncd2r7wrukj0po5",
  "env": "sandbox",
  "job": "a2fsf6pdlznna5s7vw8r",
  "pod": "b02h9pbshdb1s4gk7ufm",
  "url": "51xcwwp9grx4xo1txkuo",
  "name": "AkamaiStorageIOError",
  "note": "18zin8guik07u1x6froo",
  "group": "6vrgzdv02ifrfa8kwnhc",
  "pushed": "kv86o143af42xp6rfelj",
  "region": "southamerica-west1",
  "source": "idw9xab37ijwqkaqqo4s",
  "status": "p30fhktzt656iblt1rix",
  "deleted": "8zim4f446o716bnta1de",
  "message": "3mgdaqnyp8c0z3ebut1j",
  "endsAt": "2024-07-12T08:18:18Z",
  "generatorURL": "oqkdhj0nbfiez2nc00sc",
  "project": "j1ly6qpezddk8u59jbq8",
  "service": "12m1fauysy0cozahdr9n",
  "assignee": "e0l0hlah6npsh52q1otn",
  "endpoint": "f5ikog1bfdwoxun1a4tt",
  "event_id": "an0oisfvnutwkqtrmgih",
  "instance": "66.144.112.110:29695",
  "severity": "warning",
  "startsAt": "2024-07-12T08:08:22Z",
  "alertname": "13x7zn5hp1ptastyt48c",
  "apiKeyRef": "cyu85dljpnd0rh8ju0zn",
  "container": "5zo5k9cmxa94kdl44heq",
  "daemonset": "mtfkz61wakew0zao511k",
  "dismissed": "8arpav001yjvokzcysg6",
  "namespace": "wgf23bsu2519bxw73kir",
  "alert_hash": "sxgyhsaufm4waa2l31up",
  "prometheus": "e7bepc78dj3byzjyhdmk",
  "providerId": "6bvkui6pumfvmh7u75cj",
  "summary": "97bmyxb4sqr2dldfw13p",
  "runbook_url": "rssu7m5p0fwyubz2r1y2",
  "description": "I/O error on a storage device.",
  "environment": "jgcsln23hw0grrj3tszq",
  "fingerprint": "b4savbly",
  "isDuplicate": "wa6exkf99l743t027yjn",
  "dismissUntil": "he8uiejhvzhm9ugxk22h",
  "lastReceived": "ownyf5h189yym34dz1of",
  "duplicateReason": "ne7fxouqvlimiy7mw9jf"
}