{
  "id": "wvb1u30jhkpu0d28ynsf",
  "env": "sandbox",
  "job": "2u5d9wmwq5q6qpgk78ck",
  "pod": "slg5hhpizvpm2pxxilcg",
  "url": "3287fmdoyxxspglvmhvm",
  "name": "RancherStorageIOError",
  "note": "1n3jxs43gf8b70f1haj0",
  "group": "wq1lacn1zybwmaztgr9k",
  "pushed": "eajp1z575un1gfmcr11k",
  "region": "us-west1",
  "source": "8km25qk9q7mcem5mq4wv",
  "status": "707wgxx17mpa882xjp0f",
  "deleted": "qmewnahnj0wttcihchod",
  "message": "l02yla7eas4tw4dxb8aq",
  "endsAt": "2024-07-12T08:21:41Z",
  "generatorURL": "ztp3row7erqa8vx96ejg",
  "project": "s5syu8hqe8fm0uk8p4zc",
  "service": "l1y7fzukbtjr94et0d1w",
  "assignee": "zsohidrjbr70bndukza8",
  "endpoint": "8y75w90hv5v6aey4s63g",
  "event_id": "miqwatkhzue0wcem0vkz",
  "instance": "253.35.174.175:52711",
  "severity": "warning",
  "startsAt": "2024-07-12T08:18:53Z",
  "alertname": "gt8gbcr9a7hts8yqa3ce",
  "apiKeyRef": "5xmjojq8p5or403jkbq0",
  "container": "zkfya55sxg17cozy970v",
  "daemonset": "6c0xmg7ykg5dl7b5gd9g",
  "dismissed": "01us33ann9w2fm8fzu18",
  "namespace": "ana1pt8r0kb8t9tegdr1",
  "alert_hash": "hcm65hla9kx1f3a587ey",
  "prometheus": "kb54uf0u6exoe5nyf2rt",
  "providerId": "fskovu08qb8z9cy3ppqb",
  "summary": "1d6w60ocuwx80q5lxm8e",
  "runbook_url": "ib646pedqnyng57var93",
  "description": "I/O error on a storage device.",
  "environment": "1ca4oifat8ovlvmft7ia",
  "fingerprint": "nk5lomou",
  "isDuplicate": "xy9p3umsnsswxq008wd4",
  "dismissUntil": "i5qvudh2udpy3pmezzk1",
  "lastReceived": "b8qoameipmrqsgrw131p",
  "duplicateReason": "lzypo8umxrymof7y9wt6"
}