{
  "id": "ninw8akfh1cvftfbzzno",
  "env": "sandbox",
  "job": "nqiwutszkn8yt961kzl7",
  "pod": "8410dlsk5adwsc99yxrb",
  "url": "vvs0i7ludzjle1hub2kn",
  "name": "GoogleMeetStorageIOError",
  "note": "bsgw8bfduhoq571wgs3c",
  "group": "2b4crfepgprrueqmwnex",
  "pushed": "w24lzg2ie0dc0islli9y",
  "region": "asia-east2",
  "source": "wlvs5l2pt81dpgpu3l3i",
  "status": "t6fitpxqw1zamijlvfkq",
  "deleted": "ubmyzkzss4t3gb85ez1w",
  "message": "jpqxjd3zb6qst2q5q9hm",
  "endsAt": "2024-07-12T08:29:12Z",
  "generatorURL": "tb7woz9tk0ujm8ya01me",
  "project": "zyjmwxbaj6l4bkf9eu2p",
  "service": "r7mg0rlkt6e5riixsyni",
  "assignee": "vog1s7chjuvlgze93e6y",
  "endpoint": "zk39xx6em82r6tfby03j",
  "event_id": "altz3w6c3zhuw6g04ld4",
  "instance": "164.231.154.138:1187",
  "severity": "warning",
  "startsAt": "2024-07-12T08:27:44Z",
  "alertname": "q2723rg6y2ms2vwyhj77",
  "apiKeyRef": "fwkigqzeh1hotyecrc98",
  "container": "ppwsu1jmp6a8eldivibo",
  "daemonset": "xh13mlybucq8orop574v",
  "dismissed": "1w9fv8wosbb4sw689trl",
  "namespace": "dpsqttem6f9fze2p03p2",
  "alert_hash": "62gne2jyxq38ldyrhwqi",
  "prometheus": "o6003ommnd3s7m8gvdxn",
  "providerId": "7am6jj98fsieh3gg5u1u",
  "summary": "pjvsnnobe9wlk8iy8v2s",
  "runbook_url": "8i6d3lfi1cix46axauk3",
  "description": "I/O error on a storage device.",
  "environment": "lmlxararrbeg3ftiihkl",
  "fingerprint": "v35299nt",
  "isDuplicate": "280026eb6nlgitviukki",
  "dismissUntil": "xmfwynt9zkiw9x1741pn",
  "lastReceived": "ke1r7u2obb6kcs2f9sqo",
  "duplicateReason": "2ikvtp6n9jy2jfqoso7c"
}