{
  "id": "7v2b24a7wkc4tb6hr7hv",
  "env": "staging",
  "job": "xtwkyj5dg0nw2axv3w8p",
  "pod": "641h1qsnacr5ujh06vho",
  "url": "6ig7424rr32w54o3rxum",
  "name": "TanzuKubernetesGridPowerFailure",
  "note": "g7ujlxouhb0qtctvcpju",
  "group": "24fzmkrmcd0nsv6e2f1p",
  "pushed": "d3kcurf75v2hqbyww048",
  "region": "us-west2",
  "source": "mb651mpdppblbnczaqtx",
  "status": "rq4rgpln6zat83dpthkr",
  "deleted": "1dm7gmqx8hjo8xuduhco",
  "message": "tq4c5zlsm2mr1cy0rmfq",
  "endsAt": "2024-07-12T09:47:36Z",
  "generatorURL": "rnm4h74axdrp8eqzdyio",
  "project": "rcohrxivfrfcc6tfjynu",
  "service": "dl1ymv8nxob9lv7u7yrs",
  "assignee": "5n0ox4a65yta7fy0z6rs",
  "endpoint": "l7ohgci218s2rbrllgb4",
  "event_id": "4rizgbhn5jh6rfexbjhp",
  "instance": "62.183.212.134:55986",
  "severity": "debug",
  "startsAt": "2024-07-12T09:41:26Z",
  "alertname": "30ai9048n2x8jz89r8nl",
  "apiKeyRef": "1r8arhjoy0amios2szdo",
  "container": "b1owgpfp615i59vecev1",
  "daemonset": "7saocd216o5m09cte2q9",
  "dismissed": "4d4ieryw9lpi4v4slxbj",
  "namespace": "kbmdud069zf615mtylse",
  "alert_hash": "zpu4ko3tnbuf8hky9zjq",
  "prometheus": "nrzt925sf0hwd9qzjckp",
  "providerId": "tzihfnd4qx58mrdyte3y",
  "summary": "whnl3pqxcgiscax2wmjw",
  "runbook_url": "75q9tf63qx95uuwrrw17",
  "description": "A power failure or outage has occurred.",
  "environment": "no6dqw7srcotk697xqrd",
  "fingerprint": "i2vdyenl",
  "isDuplicate": "gl6xg06vvx78h166vnh1",
  "dismissUntil": "afzbwzqd6m9o1vhjnmld",
  "lastReceived": "jhknjol89r7fe1xelqmh",
  "duplicateReason": "4q7ird3u1e63rptkxylo"
}