{
  "id": "z3hyyhjnimrn12l96ozk",
  "env": "development",
  "job": "wb4u2a62l4boum7apvve",
  "pod": "a6om86d0821fycubqnub",
  "url": "5vn4ck3zwpa6jws8suu7",
  "name": "GoogleKubernetesEnginePowerFailure",
  "note": "wsm6v7yr8revtb79xnw7",
  "group": "l4f54ee1ucogl8nk33cs",
  "pushed": "1jylwdafc86qdfa8l0re",
  "region": "us-east1",
  "source": "ps509v7w7zrebp55tt9c",
  "status": "863gjqhj9zyyji5sqvr8",
  "deleted": "1vet547s9amon849nelu",
  "message": "3q0wl0epr52t8eu305y2",
  "endsAt": "2024-07-12T09:03:09Z",
  "generatorURL": "hngq2p8dmepuxeils336",
  "project": "bgc7gtf62fzk0tnvnp4t",
  "service": "3givhjzc20pm55z3cqjk",
  "assignee": "mckctotq6po1seoalrwp",
  "endpoint": "juk6up4kyktvh6tu5e6z",
  "event_id": "np54grm413pfkb06yalz",
  "instance": "24.145.234.30:17654",
  "severity": "info",
  "startsAt": "2024-07-12T08:56:27Z",
  "alertname": "ysnd3i2tcqag9rcs3zdu",
  "apiKeyRef": "9tlr68snm8ml7zbd73y9",
  "container": "7oda2ri9nb40rhwxgg69",
  "daemonset": "gp4s2qo9rni9g8cpp5el",
  "dismissed": "7fe55ntwrcl6dbo451l9",
  "namespace": "t6wt2ngbqo3r2itlwzta",
  "alert_hash": "2i2bpvh6ljqovp29mhxs",
  "prometheus": "frb7k6uh1bwqp1dg5mu6",
  "providerId": "nb7j8eo0qmleqxhe1n58",
  "summary": "2mn7ie8f4tf8bbqxixy2",
  "runbook_url": "ioh7ppt477equm8vejrv",
  "description": "A power failure or outage has occurred.",
  "environment": "z2wbvfzjm9kpuib5f12d",
  "fingerprint": "9xu63d2c",
  "isDuplicate": "f2vmt8bg9ox7q0wlpq9o",
  "dismissUntil": "hl2xgexa0nw0eqc60p1x",
  "lastReceived": "64xducd9rck3plhvmpc7",
  "duplicateReason": "hss5zzuoecwxpgu09eak"
}