{
  "id": "45mfawbkko4zrv8uj6ow",
  "env": "production",
  "job": "8l6rivnutbmmzx3p7xd8",
  "pod": "0vueywpmnkmxpw47gdfw",
  "url": "phyqpv9u5uhqwecd2uar",
  "name": "CarboniteServiceDown",
  "note": "nugpb5ex3lf0wgugjmu5",
  "group": "gfmjwuf3myzieovnihwe",
  "pushed": "gfcp3pbco0f9ypwyrs1s",
  "region": "asia-east1",
  "source": "f5bc1m78nezjmbrcj84q",
  "status": "txyrd3svu1et95tbtr41",
  "deleted": "m0494jtfc88v5ad3jd37",
  "message": "ws9seyuxdh72untfkro1",
  "endsAt": "2024-07-12T08:04:34Z",
  "generatorURL": "wtzbi73j3ea5luo9x3am",
  "project": "8g2k79ybrt1zxsh4z0cf",
  "service": "mikleqomb42nhgx40xoy",
  "assignee": "rajsesay0zy3zbjwakz2",
  "endpoint": "d9tasyuehjxhqgyqnrkj",
  "event_id": "ykhek3rmd8le8nstxpjs",
  "instance": "230.38.67.26:30025",
  "severity": "debug",
  "startsAt": "2024-07-12T08:01:04Z",
  "alertname": "7pjkh87s94qujyno8hle",
  "apiKeyRef": "1b3uu8gkobypv6hn78w8",
  "container": "m5xp7bjs9diyh4ch5k4a",
  "daemonset": "d1h31afoizlt729nva1u",
  "dismissed": "86u9wem7ld30pghqzn9j",
  "namespace": "pfafqbfl9siwobq91s5f",
  "alert_hash": "wda7kh8800t1sbse4g46",
  "prometheus": "r47h2oaj1p2eta5fk8wx",
  "providerId": "as8w8x4nxtu5ohkmi97k",
  "summary": "fbofkgwp8nlliws88a8c",
  "runbook_url": "ofuyislii89ed4fi4ivw",
  "description": "A critical service is down or not responding.",
  "environment": "w3g286hn1r8hx2r30hc6",
  "fingerprint": "2e8je2pn",
  "isDuplicate": "nggfckbwht45bui6ymcd",
  "dismissUntil": "wx8pwq6oaqnq0eoukmyp",
  "lastReceived": "cmilnx0ryteub25q3goj",
  "duplicateReason": "vdme5hqkxdupuagqf9nk"
}