{
  "id": "slprpdlp9wcd94tjn1vs",
  "env": "sandbox",
  "job": "lkpq7uh4nbnfyar2byh8",
  "pod": "39vs8a6sgm5wvm6rx9ay",
  "url": "d5s2okhmg2owwuzyn3r7",
  "name": "CarboniteStorageIOError",
  "note": "bgyha73iyt55hf89yayd",
  "group": "ycxebfyqspkmazshcy8j",
  "pushed": "47u8sdt3mcubpo17kpab",
  "region": "australia-southeast2",
  "source": "c3xjxqjk1w6p5jvetrlp",
  "status": "h6euywwy6v7l1xqunu0d",
  "deleted": "7g9o1w7ovyr9p1l4d64b",
  "message": "wjc7xh96fwhdc63nlkrb",
  "endsAt": "2024-07-12T09:10:41Z",
  "generatorURL": "0lp9ckqiw7490c9jqcrc",
  "project": "344d81pqlbihs9eul0l7",
  "service": "j0hi2r6agmkujb0rx8yi",
  "assignee": "9ag2sp09r43h37vxgbvc",
  "endpoint": "ah1o3k3fn3xcclxkp6in",
  "event_id": "k3q5sdp95z2ibxy5uik7",
  "instance": "253.35.174.175:52711",
  "severity": "critical",
  "startsAt": "2024-07-12T09:01:00Z",
  "alertname": "kt5k9qwwi4mfmqrva1g2",
  "apiKeyRef": "rt500lh7ukxo795y8qe4",
  "container": "3ej1h0rx18e72qbap6w6",
  "daemonset": "1ljvbp5jiufgm0346x90",
  "dismissed": "2qdjk3kbmh5ve2g65ko2",
  "namespace": "lawdpi4i2070juul54t4",
  "alert_hash": "4e320irjbl4a4cq27z87",
  "prometheus": "z4fvg5y39cu8bdcsuj0v",
  "providerId": "e727k1gflet2eo1mi6ua",
  "summary": "it0l8har7b0tggwnswwk",
  "runbook_url": "ht8kaukl9oj56gq7w0qw",
  "description": "I/O error on a storage device.",
  "environment": "dt9ediiw9fu4a8i663z7",
  "fingerprint": "ghrwal1t",
  "isDuplicate": "tqht4ypn4kgygur1q3ht",
  "dismissUntil": "d7r40avnb0hkjo5mx58h",
  "lastReceived": "qhqtsu08cv88z9amo0cw",
  "duplicateReason": "bm9u6b6f2no6qvblo5n3"
}