{
  "id": "ukcaoozbrz1oz697oabo",
  "env": "development",
  "job": "jb8ksu9d2y0o55s1yyg0",
  "pod": "5amkogftbei6ak6ftc34",
  "url": "7bwg6y0duug730ptvm8e",
  "name": "GoogleBigQueryDiskSpaceLow",
  "note": "mmsernmmruv7qg1nf0y4",
  "group": "p16sj20by77bja5duz59",
  "pushed": "40svnrd6c1kc25wxs000",
  "region": "australia-southeast1",
  "source": "17hn73erge4po7yigq8b",
  "status": "ol3y0mmtk6rumd8ahf90",
  "deleted": "pw5ctdhkc9ykogvjuw60",
  "message": "lvsq6s1q1yhmpj5vffno",
  "endsAt": "2024-07-12T08:59:18Z",
  "generatorURL": "aex8fwyl6ri6am3y63xx",
  "project": "t4ru33io6fwigov9olo0",
  "service": "rkuqxzuti9pftkl8arxl",
  "assignee": "iottmqpsfgch8bfmrqzg",
  "endpoint": "3f4jh8ns8toz7l2cybc9",
  "event_id": "a75zlx2h04olt0l0jhqr",
  "instance": "239.102.139.236:16863",
  "severity": "critical",
  "startsAt": "2024-07-12T08:50:02Z",
  "alertname": "22zkbmqvpvtq82bpqjtf",
  "apiKeyRef": "jq3ihricq7414bpm4kuh",
  "container": "om278gi476sjgktqiqjw",
  "daemonset": "zn45ictrvmxj7t1rar1z",
  "dismissed": "4qqf6xq4q7qwaemzqtin",
  "namespace": "cdystlllpw4sr30d8l1w",
  "alert_hash": "f6lvq6o8zn69eljntrzl",
  "prometheus": "qviggv964pnueidwj330",
  "providerId": "mond7sbbvpv2zf1ffkn3",
  "summary": "jk8mg3797q5lajsnaqhe",
  "runbook_url": "dquwt74pq18x8odyocm6",
  "description": "The available disk space is below a defined threshold.",
  "environment": "cek8qhrixg4o2qj5m6oa",
  "fingerprint": "i8arw94p",
  "isDuplicate": "g8xa9r7ylwcrsd6ru6w7",
  "dismissUntil": "7dxadp4t4vdbb7rvbxvh",
  "lastReceived": "6ahlcyourqs9vivkssoc",
  "duplicateReason": "aq1o7a0221l4dnvwo090"
}