{
  "id": "6liywyndbb65dr2wa2jr",
  "env": "pre-production",
  "job": "lgz5nknxwc6upns7aje7",
  "pod": "b7zzpjts2yf9vqy6f9oc",
  "url": "rixao5r2faoquki80d4b",
  "name": "Auth0DNSResolutionFailed",
  "note": "5jhn5ukuloapr5oxseze",
  "group": "qn01fdmavsv5q5lxvbr1",
  "pushed": "jvo5uv6wapunhb6e08o2",
  "region": "northamerica-northeast1",
  "source": "s5esmk4ds1pznvb4rv3e",
  "status": "bdb9fsgfiadyopwawska",
  "deleted": "w0foamill534l077iitb",
  "message": "8zx366x7r6yaidk91csk",
  "endsAt": "2024-07-12T08:22:47Z",
  "generatorURL": "2qe2qpij51t215ldcfy2",
  "project": "dw8i9ay1m7iszu2bro4h",
  "service": "hvx8kr0piagbe0uap8s2",
  "assignee": "8l3hrxqa20psl6bcn2ot",
  "endpoint": "uqzi7tpz7ojtsvy9nvhv",
  "event_id": "9ef1kwsfyqhekelssaoq",
  "instance": "78.198.217.88:59545",
  "severity": "low",
  "startsAt": "2024-07-12T08:13:17Z",
  "alertname": "c2o6m0fj4c6x80roh3lb",
  "apiKeyRef": "kymqzzeeb4hzvyo3rki3",
  "container": "u7celgssv2sxpxxp2s3k",
  "daemonset": "tubbec2kb1wxj4vekr8g",
  "dismissed": "jlk3axy65vlaq7mmst7w",
  "namespace": "dpo1nywp20rkh9e46tq5",
  "alert_hash": "scbc1w9mnbzyhzfp2c32",
  "prometheus": "35f7onc2a664v2mi46uy",
  "providerId": "8qr8yrm3cgc5id6qzdux",
  "summary": "jp7na14iwquta78c78f9",
  "runbook_url": "yix85coh6zoyg07yptu8",
  "description": "DNS resolution is failing.",
  "environment": "b52p8mah4dfegs9u5pqj",
  "fingerprint": "i2vdyenl",
  "isDuplicate": "3koglf8byrvbtc2sd3t0",
  "dismissUntil": "dsiviuna6ztyp80s4u2r",
  "lastReceived": "lck5vma4kzjxyu5lllnb",
  "duplicateReason": "ko92g1sx6ohg9me7exyz"
}