{
  "id": "qy7pp8s7ykke45hmrmqu",
  "env": "qa",
  "job": "edyej1rf0bk82nzrkzjl",
  "pod": "glq2cy86bydp58c4hj8p",
  "url": "4a0jn2vs82p8i5lc0lhp",
  "name": "GoogleCloudCDNTimeoutError",
  "note": "w4jip93rwzxn4vii3qzr",
  "group": "7y2d4pwf5hnjgeeg7dk8",
  "pushed": "s80xgt52c9nvx8p12rtf",
  "region": "asia-northeast1",
  "source": "1j6zejm1e0pnzwqhnyzn",
  "status": "0l603yanl0b53rqxiyze",
  "deleted": "htw04jt0jd90ci12g6gh",
  "message": "bxi05kxifar468jxrwcq",
  "endsAt": "2024-07-12T08:24:45Z",
  "generatorURL": "zxxa2r60klichq6qta1q",
  "project": "7oeyh10ax9i7db9qzb80",
  "service": "s0kpolxjz8p6d9n2u7vr",
  "assignee": "5i43x9p86e8aq3gdxkhm",
  "endpoint": "hea1tqi0nyvpmas04req",
  "event_id": "hhc3sor7dq6o1xe7vbs6",
  "instance": "78.198.217.88:59545",
  "severity": "medium",
  "startsAt": "2024-07-12T08:19:26Z",
  "alertname": "byonlzv9b097434l6qlp",
  "apiKeyRef": "dxoswhsvdeu2vha2j3ea",
  "container": "phb2ubttx8rsxq32be9k",
  "daemonset": "tbzf2sz08z7u7wxeexv4",
  "dismissed": "sieqzr6mo0yzlfetm8re",
  "namespace": "rpu4jdmk1aelgu4lw306",
  "alert_hash": "bodyej9tejk5ja0tlbbm",
  "prometheus": "6p2vg0wpks0j5b8naotw",
  "providerId": "ym4yrbsvln2e12ybfqko",
  "summary": "pf9qb0568zhdnc5ke9fr",
  "runbook_url": "5r3i72tc5wu2eh0t5xlu",
  "description": "A request or process has timed out.",
  "environment": "a0htehjhn9cfeheewxy4",
  "fingerprint": "xxokjy96",
  "isDuplicate": "lvaph44ql5fwxn4w64vs",
  "dismissUntil": "ru9svqvk9jwro5ooycqj",
  "lastReceived": "rjqvqtb2geg3cwy51kay",
  "duplicateReason": "oudfg20ild3yf5jtcd7j"
}