{
  "id": "v1bt93okeueminchdbib",
  "env": "sandbox",
  "job": "023x2ado6mk3munrtnyg",
  "pod": "g5ij8iieymaj9tyahsnt",
  "url": "6r5swk8scqma8myfnbcn",
  "name": "GoogleCloudSpannerFileSystemCorruption",
  "note": "1dzxpe79uih6r96ca6pl",
  "group": "9wbdkf4hbbee95wbw3gb",
  "pushed": "zzjmni6m8p6o90h60uof",
  "region": "europe-west6",
  "source": "xu7f737g551fp8koihmp",
  "status": "bygh78xvf8u48dkdsjpt",
  "deleted": "etk43j1u6sqiq4vvpvmu",
  "message": "a33cu2rmaexhi9eqxbit",
  "endsAt": "2024-07-12T08:42:47Z",
  "generatorURL": "7r12c8nby3f8gmz7u4t0",
  "project": "sd2oaxusji5dsfozyae4",
  "service": "gu1o4tuwbxjm5bmllhug",
  "assignee": "8jw3kb8cr06wmlac18td",
  "endpoint": "kvfnw4tfvjwi5obnghe0",
  "event_id": "rhameyw0ehxqaaz1txva",
  "instance": "123.63.28.58:39510",
  "severity": "info",
  "startsAt": "2024-07-12T08:34:51Z",
  "alertname": "7g01jrgy2rpw0lu8v76u",
  "apiKeyRef": "4aeecy9pykxn4b8t4u5c",
  "container": "s8vvwbqpf3pkglm9i39y",
  "daemonset": "ayt07hgsju0fk5bcj4mz",
  "dismissed": "rw7a1gmw85cxi3ryqe7n",
  "namespace": "4vow730dn1t491833mjr",
  "alert_hash": "n1q1m6rtumbwaxxf82dx",
  "prometheus": "a0kx0o7hasl3b5lntusw",
  "providerId": "ibu2yzh1gcyh7pmwmqug",
  "summary": "22cb5on1u08clyt1an2u",
  "runbook_url": "qkmxas27swh0jketogxk",
  "description": "File system corruption detected.",
  "environment": "7uxcbm1scwyjwge6wqfd",
  "fingerprint": "qxhjt360",
  "isDuplicate": "6cgjcltigke2v6n54fad",
  "dismissUntil": "rctmpdajup44n7f74ntq",
  "lastReceived": "4j9yksejlgqlxmanzz25",
  "duplicateReason": "rbk7yvxhekouwyz7zsec"
}