{
  "id": "i2s9y0ext95zg9euxehu",
  "env": "qa",
  "job": "9nc79h0qywuw3g62oada",
  "pod": "yuu49zwsmfn9m1xn1w9x",
  "url": "aqf1m2jta6euiofg21de",
  "name": "KubernetesCPUUsageHigh",
  "note": "687gp546pexr4heww08i",
  "group": "36dzhkcs14zv2wfm2u0z",
  "pushed": "l0glymo8zpz62udw2d1p",
  "region": "us-west4",
  "source": "fjxfh74loegphyfz9oud",
  "status": "ycvlpp6k6ex0r9zh2iom",
  "deleted": "8qlq3ecyqcv8vnava27q",
  "message": "d6qx0a16knd9fngjiacf",
  "endsAt": "2024-07-12T08:30:15Z",
  "generatorURL": "0xwv84z7ume5ukzjp7h8",
  "project": "eddl0a8xou9fc4htclyo",
  "service": "fpep1ny6h18deu8k97in",
  "assignee": "tcpayo0d2p939o7gfidt",
  "endpoint": "xni4xn6anebspkiaypt2",
  "event_id": "zq7tev7rgwxvnp1buzh6",
  "instance": "59.82.167.140:51937",
  "severity": "high",
  "startsAt": "2024-07-12T08:29:48Z",
  "alertname": "0ho1k1u6lodzvbi5n3g7",
  "apiKeyRef": "dj90d3c12jdukmhjtrdx",
  "container": "zziy46hre3gb1ahv5rnf",
  "daemonset": "jmcfbpdhfcbvaqo118ru",
  "dismissed": "shxubcybsf9y85prv11r",
  "namespace": "l3nvar3s2g0x2kmis6ew",
  "alert_hash": "tlknffk8fu3r2npenett",
  "prometheus": "irr4i32mkpg6t04kx799",
  "providerId": "90qomkijksfufypq76qt",
  "summary": "ptiyvrvq9ds1afgzje21",
  "runbook_url": "snr8ngg8rt62nk0wjq7h",
  "description": "The CPU usage has exceeded a defined threshold.",
  "environment": "c6majt5dsz26o9gknkt5",
  "fingerprint": "ow75u70s",
  "isDuplicate": "e0e7got2di8jmyv6de6l",
  "dismissUntil": "h9kmcsto6xqrr3b1i311",
  "lastReceived": "rir5d62x1crvv9hun1tp",
  "duplicateReason": "3r1pvogw48sghtla8cb7"
}