{
  "id": "tqduth8nu65ceu2bgae4",
  "env": "backup",
  "job": "qoavykvwrz3qa9ih4vos",
  "pod": "58hmil8llihgt9g5y551",
  "url": "z234poc424fseg8m3fac",
  "name": "PaloAltoNetworksServiceDown",
  "note": "chuxj7w6zn6h3ovvyv9f",
  "group": "v5i87j289txdgqybpd4a",
  "pushed": "1a700du7ezpknrz6hgpr",
  "region": "us-west3",
  "source": "8b7xyxo5ip2pfxhfmfdb",
  "status": "xvkiue0hrxjyil5fe590",
  "deleted": "1ai3ymdyvoss4986k3gw",
  "message": "4vf0nj62gbiyswgt61d3",
  "endsAt": "2024-07-12T08:50:40Z",
  "generatorURL": "my8epfr95k5rb480mgoa",
  "project": "k9dqiflso9op1jafh427",
  "service": "bz9ni2m7bdw9ja951xra",
  "assignee": "haybq3fdqpfmj7szvfaf",
  "endpoint": "2hlhaeqzyj3hnn8rp22y",
  "event_id": "b8sf6eacn5zvh509ps0a",
  "instance": "153.108.105.82:16249",
  "severity": "critical",
  "startsAt": "2024-07-12T08:50:24Z",
  "alertname": "yqxpxszjcl7s1hmle8ri",
  "apiKeyRef": "1ym439if23341p69xkfz",
  "container": "fiex4hvnczghbvgmi8z0",
  "daemonset": "yzyqj1k194rv1v5lvnkx",
  "dismissed": "8lycfu9whuqgf30mcndm",
  "namespace": "ye77636e54cw4d9qx2sz",
  "alert_hash": "qsjjl4u46ddnfai2a9vq",
  "prometheus": "3fkiehy1wnxz30ruddzt",
  "providerId": "ehggv9j2sekwg65xkec5",
  "summary": "b7dpel1gk6x0hkqq95u1",
  "runbook_url": "ou1hpu0brtwgpzr423pg",
  "description": "A critical service is down or not responding.",
  "environment": "gd2cxcfpqlws8yxaa0nd",
  "fingerprint": "aiv5rsw7",
  "isDuplicate": "vvv7l5lnrn7wnh3tfd3s",
  "dismissUntil": "qtk7d6ayg13641boo5mx",
  "lastReceived": "bgeibfruwnnhtis6re7c",
  "duplicateReason": "f5ury4xmpynfy1byndex"
}