{
  "id": "43tm7rwcj6hywbl2sjyd",
  "env": "testing",
  "job": "y9wk9x51gw0pajzbvj5o",
  "pod": "0s8ud3jsipf6b7rudwvk",
  "url": "hsxj5etdozhy430ol7ic",
  "name": "BambooHardwareOverheating",
  "note": "gb229pbpex6gwimohsfk",
  "group": "yz5p2wwx7z6v6u16qo79",
  "pushed": "b3yh36599an38klej7ti",
  "region": "us-west4",
  "source": "qbd8v3jkdwngh3yg5lp7",
  "status": "1qbqsd3qhy8z6sf46dxy",
  "deleted": "1w2igjni79yjc9ry2c7b",
  "message": "ljes9ja7s6fmg43gvdvy",
  "endsAt": "2024-07-12T09:26:53Z",
  "generatorURL": "tz2jz9arru55oczeg6fz",
  "project": "41xlwfhfptk63ymcztvp",
  "service": "lxdkwu55u2ai30zvjzpf",
  "assignee": "3yqqn5k66qq8v3ip7srz",
  "endpoint": "8yyn2b3qlcfg7bi9fmls",
  "event_id": "ddq4wn8sqd9nlhk4jqit",
  "instance": "52.31.16.26:59560",
  "severity": "high",
  "startsAt": "2024-07-12T09:23:29Z",
  "alertname": "07rvlgulyvgru9f881h1",
  "apiKeyRef": "drl5axqz2ep7wfijlxju",
  "container": "7xb046qz7s3laaoue2v3",
  "daemonset": "gvpbky9i2gk7x8dl57aw",
  "dismissed": "rfbf9cbrabln0g7r7meb",
  "namespace": "4j7xioi4detk5zhoc2jy",
  "alert_hash": "jufr9ew9hmhta79wy7fz",
  "prometheus": "1eag29tgptnwumvg594z",
  "providerId": "89rr0r41vu524kpidr21",
  "summary": "2uawgqmn1x59m4y878n5",
  "runbook_url": "wung0yfjyxxrkmgt72d6",
  "description": "Hardware component is overheating.",
  "environment": "khdjuorskyddznfg4q9y",
  "fingerprint": "iab39r20",
  "isDuplicate": "ilnje4a1npv2yyzvs3qz",
  "dismissUntil": "2vhwdvyhbm2xxveihioy",
  "lastReceived": "nnfaa6prwl6v1kbtbmmo",
  "duplicateReason": "rwwkl2a9vuy7qx0lplle"
}