{
  "id": "0eodaywsrwxsgm1h77bn",
  "env": "staging",
  "job": "58mtooe41i2pe2nxx5yt",
  "pod": "4erlk2zvip6qfgki0wy9",
  "url": "ebsi2ste3719obinxj1w",
  "name": "MicrosoftPowerBITemperatureHigh",
  "note": "onp9sknpr1tllf84e60j",
  "group": "bbsnffrkqhe6q6r1au0t",
  "pushed": "5wmrpj1ypw1hct7bloij",
  "region": "asia-southeast2",
  "source": "8wfg8v395brt7lrg6e8a",
  "status": "pfzdfbozj8rf9lotrhmi",
  "deleted": "fmutv2cc95mfs7g6tjw1",
  "message": "odf73qef3tngsqiu4uzx",
  "endsAt": "2024-07-12T08:20:28Z",
  "generatorURL": "aourzfs4abhh1121mo9v",
  "project": "za79zxtx248uelegznaz",
  "service": "9qgaemamgdrxwmt2pgx1",
  "assignee": "yhboxys4sg64c94ekzfl",
  "endpoint": "nbccno8hc2vd9wyhrf4q",
  "event_id": "a9oocmdk0npb20q8ztog",
  "instance": "227.173.62.197:22339",
  "severity": "critical",
  "startsAt": "2024-07-12T08:18:25Z",
  "alertname": "u1b0z091qi9c4bdrkcg3",
  "apiKeyRef": "foga2igv0pi2s8let9rm",
  "container": "crbr3fkrhtet0wwuiud2",
  "daemonset": "rolta5y5mqbv7bq4mb7h",
  "dismissed": "55d5hr3249hn5254zxqk",
  "namespace": "e3bqffi2rxa19jb8wb2o",
  "alert_hash": "f6ydbdlt6h2ljjlm5y98",
  "prometheus": "xgrlnop9dimoznw3lmuu",
  "providerId": "lw11x7ugw34g1j4d46rw",
  "summary": "wq9juuquftsaf7mr1usd",
  "runbook_url": "vlou8dbcd5kmzfdvo7nv",
  "description": "The temperature of a component or system is too high.",
  "environment": "b56ee0ofhiwy6shpbux5",
  "fingerprint": "gh4ol6e9",
  "isDuplicate": "nbt3bxbbgtfcqh9z5h4w",
  "dismissUntil": "w6ewirsxxbz0cansk72k",
  "lastReceived": "fbk3jmhqx6nncq9nloza",
  "duplicateReason": "fyqvdr4tqzjc2zl4fcml"
}