{
  "id": "6gzk4ghp5edajfzuafcs",
  "env": "production",
  "job": "l36lc2zxwtwb07repysg",
  "pod": "zs0hsymrl1u3z78qcuh7",
  "url": "ejrcthrlfk4xg1ucyupk",
  "name": "SnowflakeServiceMemoryLeak",
  "note": "082ijygdnr6pcbilr9do",
  "group": "ibnzn38xfrjhdn6tsfik",
  "pushed": "kpgamhci09g0u5t3hicj",
  "region": "us-east4",
  "source": "21fpbw1hx8hkr5dgzviw",
  "status": "e990ixhqs58g9op4ev7s",
  "deleted": "ng557simangnojo7b259",
  "message": "1o31afb1oyieb22ezn1s",
  "endsAt": "2024-07-12T09:21:26Z",
  "generatorURL": "sglr8flmzp0tizv5hyer",
  "project": "tk470jar94l64ztoqnx4",
  "service": "q13yk6y6k6tjzcgvl8lx",
  "assignee": "bmr711hwkls8u51we1qd",
  "endpoint": "pxbjcg5dr9j66qsy8tyc",
  "event_id": "z1nork53lxphhi8583lu",
  "instance": "227.173.62.197:22339",
  "severity": "low",
  "startsAt": "2024-07-12T09:13:52Z",
  "alertname": "xn28rgki4mzlgutwbg9o",
  "apiKeyRef": "1e2gwwhsvn66m4yoonwv",
  "container": "6nts3nxd8igt2nmybxaz",
  "daemonset": "mj0imlc2oylet8r0z5nm",
  "dismissed": "jhaeq9u64mf4jdk23eja",
  "namespace": "qwjgj9e4rdh4abobe0vj",
  "alert_hash": "rd6u02g96tuuk4jmyg5w",
  "prometheus": "7vpajzx45x8p2ecr78ld",
  "providerId": "s16gmwkrqtlnyl28wetz",
  "summary": "afqburkk93sdpiyj5oji",
  "runbook_url": "4zaxm4f87slfmxemt2z3",
  "description": "A service is experiencing a memory leak.",
  "environment": "po8zybj8n2r3sbe3wmc1",
  "fingerprint": "y764fp0k",
  "isDuplicate": "9mmt8j5yqez3tvn21yuj",
  "dismissUntil": "8mqqpjc12d8fsyh8reur",
  "lastReceived": "z7cr0t6qj46xzakgx3t4",
  "duplicateReason": "380rubyf3dps4ji7ip7j"
}