{
  "id": "i75c4sj7xqaona69q2hc",
  "env": "development",
  "job": "n8b98knmcqwm0iu7v76z",
  "pod": "mq3dati5ra83zpoj3x02",
  "url": "u3x9uyzl4w0g5jgjc57u",
  "name": "GoogleCloudStorageConfigurationChange",
  "note": "jghe2gmelmekap0dweh9",
  "group": "fybnh9fw3i2tl90svlql",
  "pushed": "5julvffbru5plh7ump85",
  "region": "us-east1",
  "source": "ug75qbda5k3g4kezgehj",
  "status": "nujk3o77dtj9e5us1kez",
  "deleted": "urmrwcp7caaasbc9wb7k",
  "message": "dpednqirp713dsitr62l",
  "endsAt": "2024-07-12T08:18:57Z",
  "generatorURL": "lvgdyvp6hhcvjve95hg0",
  "project": "f36np4w3voemqqy9p4xm",
  "service": "vjkdd5anlbv3uhtrg42k",
  "assignee": "24ylky3hqvoukn6iw671",
  "endpoint": "skgphjpwa8y423ffnn3t",
  "event_id": "rradu6ntbxqqzn6n2cn0",
  "instance": "122.122.166.184:55741",
  "severity": "warning",
  "startsAt": "2024-07-12T08:17:33Z",
  "alertname": "cjid4jyxr8t4tqnilp20",
  "apiKeyRef": "q9bu5yrzs9s0jqrvz5o7",
  "container": "63ubyhtvcc22zrl8cron",
  "daemonset": "xh75twbcr1lw6h9l1jmu",
  "dismissed": "y3rpsv6p9yqbkwp1aseg",
  "namespace": "95qrinhvf1186tes665l",
  "alert_hash": "82jxbz04swluh3wszpz7",
  "prometheus": "xa8iao65ljnl1bzfwfji",
  "providerId": "iw9y9q8an1cmn6ct03d8",
  "summary": "2rx78vgfd5s4kajr54og",
  "runbook_url": "bvpj1ih89xz6fpybzm52",
  "description": "A critical configuration has been changed.",
  "environment": "0rirefhafktm6ivrfzel",
  "fingerprint": "2vug8kmd",
  "isDuplicate": "ww0ys0rp58f2z4pk2wx1",
  "dismissUntil": "6o1wagyfdz7za0t1rp9c",
  "lastReceived": "gycpyw2gauywq1sszmgz",
  "duplicateReason": "zp7kfn4vrtcjn6v8mdmn"
}