{
  "id": "jnnegv4v3tvieelmsh14",
  "env": "integration",
  "job": "d6jatdav6w28v56e709v",
  "pod": "qqxx1941ygu95j9ru0ql",
  "url": "l7d1jye87ok8u0wp59s9",
  "name": "MongoDBAtlasNetworkLatencyHigh",
  "note": "9y5ar4hntb5l59x8sof7",
  "group": "6b9c3kf75jc4o43y1u4s",
  "pushed": "yl6is55bwwpalx61dfp6",
  "region": "us-west4",
  "source": "4je0uw80h9byk9j59s1a",
  "status": "khg2o5d2b5q4ynujkxiq",
  "deleted": "x4d5bsb4z2x91zgsfey0",
  "message": "000hmbhb7cmjd2f81o17",
  "endsAt": "2024-07-12T09:49:10Z",
  "generatorURL": "qbs3274gydq5rnvzq93a",
  "project": "joiecd6u2wmuxjlcpnbe",
  "service": "70dvme8hcy1wvy9shjgl",
  "assignee": "dm4830uwdy8v7s5sizdn",
  "endpoint": "zseprn41frl85nhmhetw",
  "event_id": "40oi6riyfgne9k40tpog",
  "instance": "253.35.174.175:52711",
  "severity": "debug",
  "startsAt": "2024-07-12T09:44:42Z",
  "alertname": "13vlbzgccvdx86wsmdl1",
  "apiKeyRef": "7v31dfmnyiwvv8e26dud",
  "container": "05b4to2bzmqr7wfas20w",
  "daemonset": "evw2j9g150fav9zsra4w",
  "dismissed": "05a1ya5sva2qu869xd2l",
  "namespace": "cz2dxgd1m8a4i44xo2sz",
  "alert_hash": "50rguyudfzsgsfy3vag3",
  "prometheus": "oxb2csfzw5bvd7rjvaeu",
  "providerId": "6e13i1rv5cykpyj42hve",
  "summary": "pg7si25r329ruunrxxvn",
  "runbook_url": "uowzcpqz2gm4gq9hx9jb",
  "description": "Network latency has exceeded acceptable limits.",
  "environment": "xmcnikgemvw63k6y2i4o",
  "fingerprint": "eil0h2tx",
  "isDuplicate": "t79bnsbnvtbfeks6n6zo",
  "dismissUntil": "lflxmgj66qq1raqexh4e",
  "lastReceived": "y1hq2exl27594nmgcx2n",
  "duplicateReason": "awl6vb7anzfki5jk12yi"
}