{
  "id": "ictd7abd0ge9xitfmi6i",
  "env": "integration",
  "job": "4zidt66fndja6mjiyb98",
  "pod": "t6z9cpo75nzl1ben1fdh",
  "url": "aqapqdq9jfrpk58nft20",
  "name": "PaloAltoNetworksDNSResolutionFailed",
  "note": "qu8lmqj2odgprrel53it",
  "group": "jn8au12uj1wbfgrsuyxa",
  "pushed": "booyu5z60ele3ilg0yoy",
  "region": "europe-west2",
  "source": "sxafw458g0507kiudyyn",
  "status": "b48tq6u6g5eg6bwtg4ii",
  "deleted": "u2cs4ubrlm81a6n1gpeg",
  "message": "cu1ni808n3a4nkpsn22q",
  "endsAt": "2024-07-12T09:36:41Z",
  "generatorURL": "r8bn23gg2rba6ax4zp92",
  "project": "lg1krw0a5objaxwujnkd",
  "service": "6hny180pm9jjuw6ng0z8",
  "assignee": "8b8rd65cd55t4ti6oiaw",
  "endpoint": "v0cxi6uo4rqrhcnll2qh",
  "event_id": "4oy87tmmwipogpmzzasj",
  "instance": "240.83.87.126:21420",
  "severity": "info",
  "startsAt": "2024-07-12T09:29:36Z",
  "alertname": "hu6onzf90me0mf5cb0ka",
  "apiKeyRef": "olqijuf97zpmdixmiugo",
  "container": "5pwqfhuk88eiy5mv3qji",
  "daemonset": "3b7jxh2todfais3e52nz",
  "dismissed": "tzvmo5uh2oefm0uwi07g",
  "namespace": "5jbqgca56mfesvnt2bgl",
  "alert_hash": "qpcmhxfkxzzgxev9e87m",
  "prometheus": "10ccl0y6of4ftmmqzzka",
  "providerId": "q2c042ale00vs91e9uyu",
  "summary": "m85oic7asma9wh1outm1",
  "runbook_url": "f0r53y3567c5o5qm2whz",
  "description": "DNS resolution is failing.",
  "environment": "2nc4e7xq48dqrd5cgoph",
  "fingerprint": "fqroc73u",
  "isDuplicate": "spu4lpspeq5qz5f5o1ca",
  "dismissUntil": "8ds2fic5jjrkcwbjg1mv",
  "lastReceived": "mfh9xjxiunwz60j4a37w",
  "duplicateReason": "xk9axfhix984j8whoztr"
}