{
  "id": "i6tp1acwy8em7ji0rb5e",
  "env": "production",
  "job": "u60khagyxqphqpa021oj",
  "pod": "4qi6hiv8blg56b00c4ey",
  "url": "o3bvfpt02ywb6xqabdxo",
  "name": "TableauServiceDependencyDown",
  "note": "n7fxg6yl4k94aqzr112n",
  "group": "7bq6dizzhvt85ngihpq5",
  "pushed": "a0b32ij24qqehq9d82e8",
  "region": "asia-south1",
  "source": "su3aixgvok6tc5cieclw",
  "status": "qkozjo9i23dkcwwj45nb",
  "deleted": "irnitkl3ms7uya8czf0s",
  "message": "gbsf6zc5foxwn4ms7umw",
  "endsAt": "2024-07-12T09:38:01Z",
  "generatorURL": "a34w0c2inegzqiew34ze",
  "project": "cipumws3er97gkkpbegj",
  "service": "k9gy57msaiugkvr4uazw",
  "assignee": "vey89oc6cpz07ycrtnso",
  "endpoint": "xx4s5v67fi3oandrx1k5",
  "event_id": "zk7l2ykiwlkzcnlstdi8",
  "instance": "116.181.185.155:18361",
  "severity": "debug",
  "startsAt": "2024-07-12T09:34:29Z",
  "alertname": "9oruoq5z9f5n2oe1cfyq",
  "apiKeyRef": "a08f574ah7zzxma8du1s",
  "container": "vrhzwwdrua7bc0981lb4",
  "daemonset": "02wwqcqu734qura25z7t",
  "dismissed": "6jfc1yc26af1o977czcd",
  "namespace": "j7z3g4fnz6pp0cpaatal",
  "alert_hash": "q977w5v1fyaiwsc02j2m",
  "prometheus": "jd6nujh4zygjypdk81na",
  "providerId": "87pql2ia0ueuolwly560",
  "summary": "2eolm93z5i52m2mrl6qc",
  "runbook_url": "3fkoiwnqj9bktx0nj7j8",
  "description": "A service dependency is down or unresponsive.",
  "environment": "t6w9rip1i8kd87w0je55",
  "fingerprint": "irsiv5ve",
  "isDuplicate": "fc00xlkvllru895r7qm4",
  "dismissUntil": "dml34ashdxeugg0bkqcd",
  "lastReceived": "sip0klnl1ls4qas4io7x",
  "duplicateReason": "mfjl7cafg2ybowsgqtxj"
}