{
  "id": "oohddgbrdr6f7ad82nit",
  "env": "integration",
  "job": "vlics8gkrgp4ts5ilvh5",
  "pod": "f4v21d9bszzahkfa5zmw",
  "url": "rhwyqsonbfhhmiojjjdo",
  "name": "KubernetesConfigurationChange",
  "note": "fto0iqofa74vvar9n6et",
  "group": "4513dgjwyxuunberu354",
  "pushed": "joixi8unvbehh7myeo29",
  "region": "us-west1",
  "source": "r0opnt2vmkyxd0w814nn",
  "status": "bkbks3ahfk743e29lpzu",
  "deleted": "r93jqn5dbiz7mrdgwkaj",
  "message": "io32j3tq8uill4ocfgeu",
  "endsAt": "2024-07-12T09:37:16Z",
  "generatorURL": "igv71hitni3f1uj359he",
  "project": "j80ivh53iy2jmawza3qv",
  "service": "lbr57uc9ub655t65dk9l",
  "assignee": "6g3zkngowyba66xtr1v3",
  "endpoint": "64uiqn9hpgsrje4slxzy",
  "event_id": "mkdnocmxg24q1lcxxdyz",
  "instance": "59.20.155.185:44393",
  "severity": "high",
  "startsAt": "2024-07-12T09:29:44Z",
  "alertname": "czkcc2uuxlye88jcxy8l",
  "apiKeyRef": "a6dif2ok776y72x6zx53",
  "container": "a59euf4xkk69bclj1bas",
  "daemonset": "3g5nd88g8rc7ogemdrcg",
  "dismissed": "w395gehok6tuwcq64klq",
  "namespace": "p6rqr4xxc8soyvvslfwr",
  "alert_hash": "cgsug78qg516vy9n7ucu",
  "prometheus": "lpdcmltdxeoydi9hoyh4",
  "providerId": "3l00fk29215oy1cppei7",
  "summary": "48wjqu8honyl65d9b6ha",
  "runbook_url": "sbptgwags1c9cunhpsyi",
  "description": "A critical configuration has been changed.",
  "environment": "bhmm7bzlwe0wga4kssur",
  "fingerprint": "i8f5lht2",
  "isDuplicate": "lz0hhu9k7ivhi2zen553",
  "dismissUntil": "hvf0u08qapg8k58i6c30",
  "lastReceived": "jw87nwgvli7q573na27n",
  "duplicateReason": "78wpk4o9971mn5e5giri"
}