{
  "id": "6ptcxv9d583awhztb8bt",
  "env": "production",
  "job": "tca5418zwuidmgbtf3il",
  "pod": "g2yqdgfx5e6kvw2ll1zs",
  "url": "wetho21osu8axlque7eh",
  "name": "OktaPowerFailure",
  "note": "2f8vm134x4tp5vowurbf",
  "group": "hgukc63e9i9zla51xl9r",
  "pushed": "gkawb62chltbmd22flwh",
  "region": "australia-southeast2",
  "source": "93pi6negspy9beecf6el",
  "status": "xv67juwrfewy887fvj6z",
  "deleted": "54wp56b52ikaq0n45smg",
  "message": "1e3wzdf67ksdiormm8wz",
  "endsAt": "2024-07-12T09:31:25Z",
  "generatorURL": "g0q4ejk0c08fi1l70aq0",
  "project": "pm0ptyo5tx0g7e4mtxxo",
  "service": "bj2jbvsxb2uvr52lg58r",
  "assignee": "xkrpk69128jx80w9y90d",
  "endpoint": "nrye39164wsmtnm7pc54",
  "event_id": "labk3o845pluv571ve9c",
  "instance": "52.31.16.26:59560",
  "severity": "critical",
  "startsAt": "2024-07-12T09:22:57Z",
  "alertname": "1lprll3b6rijwrt7wocu",
  "apiKeyRef": "kffsn6kh33nal84swich",
  "container": "w5wwlihvy0u3dw8j4hog",
  "daemonset": "9ubdgpeklyf0xs929kko",
  "dismissed": "vg857fa9cs9kdhxh3d25",
  "namespace": "h1kals6v1e8epotwjpxe",
  "alert_hash": "uuffy6wfdaaxp9facdu4",
  "prometheus": "jsgb6xhpjz2qgg6r8oy3",
  "providerId": "3ifbejfkuzvizezlwo2r",
  "summary": "o4y9a809i5r7w1q43e1z",
  "runbook_url": "ntu1tnn7y4ax74arhaxl",
  "description": "A power failure or outage has occurred.",
  "environment": "p1s5p4xyaf4l6k9okcjq",
  "fingerprint": "hbzad1sb",
  "isDuplicate": "7ugod9r1xvyh1w9dtvfv",
  "dismissUntil": "ec7p5p5np0xtabndwozn",
  "lastReceived": "4cwd643l4uh5bsvql0uw",
  "duplicateReason": "8yrsnnimljz26wtnppzq"
}