{
  "id": "0k8ctjjife2usat0dcn4",
  "env": "sandbox",
  "job": "bxxm1oj1e1trz6ue760t",
  "pod": "y2k0nc3b8j110veg8lj8",
  "url": "qv4gazgwsw8ic3pwu72o",
  "name": "GoogleCloudCDNCertificateExpiry",
  "note": "bd2lms35gwc2my1qqs26",
  "group": "k2a4zjpuyc3du6vd8rpb",
  "pushed": "y8w57tey5nkh3n6wcuat",
  "region": "europe-north1",
  "source": "b1wkqb5gcpy2h3v9f2uu",
  "status": "cr2vkycjhc0sfxo5pkgu",
  "deleted": "ff50plesrymmcv0qgpb5",
  "message": "vpbhpzcpfnwdiybsig67",
  "endsAt": "2024-07-12T09:15:19Z",
  "generatorURL": "8nnu40zb3546uuscd9ny",
  "project": "mauxzfik8qzgwt80yh6r",
  "service": "4zt307bgkx8eqn5c56ip",
  "assignee": "iojdeyjwvscxr9z8ojan",
  "endpoint": "oqm6idw9d3e1w5diseik",
  "event_id": "k062zcyshomgj1ympqse",
  "instance": "201.27.99.60:29131",
  "severity": "debug",
  "startsAt": "2024-07-12T09:06:29Z",
  "alertname": "gz1qfnccairclo9yfyk7",
  "apiKeyRef": "herwzhtv82jykhsgcsx0",
  "container": "xwvigvmh7yphdd52zyhv",
  "daemonset": "u2x8r1txv2gy04skkt9n",
  "dismissed": "9wmb3tqgygol6jtzyhnv",
  "namespace": "a0ez4qbe3j5dqfmrpjw8",
  "alert_hash": "onj06s58q4gytavj80b8",
  "prometheus": "s0fqc3jsdxcji69qeav8",
  "providerId": "y6bfsaqn7qd5w6zrhkqj",
  "summary": "0rwtrfv9evp6qw4o1xzw",
  "runbook_url": "71oc9qwfc5qb6vr9saeg",
  "description": "A security certificate is about to expire.",
  "environment": "hg9o9yxnjh6p1p0ol12p",
  "fingerprint": "jxukkjt6",
  "isDuplicate": "hpd6ss33j9q94bg0ugjt",
  "dismissUntil": "iw97thp0wq6jp067y1xd",
  "lastReceived": "0bppf9nt40f62ecbhkyf",
  "duplicateReason": "i587ckzz98e19e0zefd7"
}