{
  "id": "0dmhcws1llfw21l0td2i",
  "env": "production",
  "job": "8nu3xj3xex84d44n6pyp",
  "pod": "dcolwjwtqhyy140p8ele",
  "url": "6alf61c5t2n84zzmesf2",
  "name": "AWSIAMBackupFailed",
  "note": "61bzd7mp3rkl5cvhfnlu",
  "group": "y90tq01ryb8o63lr9r5h",
  "pushed": "u9cy7yasbs7vs8too0dr",
  "region": "us-east4",
  "source": "nt8i3xl882oq8m7d0jjp",
  "status": "4fs110eweibzzhm0fnv2",
  "deleted": "kx27a0sc59npmtvxv8pp",
  "message": "6sjb11rilz3y814xcui0",
  "endsAt": "2024-07-12T09:00:13Z",
  "generatorURL": "czcac0vx9ynlw6jcod4k",
  "project": "uczoivwrgs28gk232j8k",
  "service": "1ugzh3dpwpn7dpdydffv",
  "assignee": "5yktoxa3we9bbafj10n7",
  "endpoint": "6cc37r96ohpyboyg23ky",
  "event_id": "x3f287dmgqkxnaxunjbd",
  "instance": "253.35.174.175:52711",
  "severity": "high",
  "startsAt": "2024-07-12T08:59:24Z",
  "alertname": "qqwxmf54y4dn145krjtw",
  "apiKeyRef": "xsr626uhc79156o23hx7",
  "container": "g3ion2mjkjukxdbj0u75",
  "daemonset": "pr8ih6zcrlj9twnatmts",
  "dismissed": "siu397lhdc13x5zrm2jl",
  "namespace": "bdhtuah6tfe2bfdcjwgu",
  "alert_hash": "n3kcm0imnpm4byt97m6x",
  "prometheus": "afd2z6eesjz91e7tqrqh",
  "providerId": "swf8ogjkrbp9wo3dfbfl",
  "summary": "k4hkthu9zy5lkwzfuea6",
  "runbook_url": "oz04dgvxo59zl7g2gzdp",
  "description": "Scheduled backup has failed.",
  "environment": "ntlkb1rvmnpdt8k8ztin",
  "fingerprint": "l89zgsl5",
  "isDuplicate": "lpwkt5u21be4u1tsw6dn",
  "dismissUntil": "wclewwj1zwffjn12pvq4",
  "lastReceived": "vinjr4hoxp12od23i68f",
  "duplicateReason": "zkl0va7vysiofzd2zlok"
}