{
  "id": "xwqqbezjfyvlyen5r3zl",
  "env": "qa",
  "job": "buen9y7sa5hg52g80sbu",
  "pod": "bcb2b7fpmacxrb18kqgp",
  "url": "xn6wku7dii8c1pqnkl9e",
  "name": "SlackCPUUsageHigh",
  "note": "vjww7c98rv53bzb4fm59",
  "group": "ik2dkogr44w54s2lt18h",
  "pushed": "8mnf5glajwwkh25082w3",
  "region": "asia-southeast1",
  "source": "r44jyc2p4qtm4w3da7te",
  "status": "ndxzvjni2qfiawu6xsn5",
  "deleted": "9dnb5h5s2ae55c9ijyov",
  "message": "sm5hwo0h9yevxu5h4b5h",
  "endsAt": "2024-07-12T09:33:19Z",
  "generatorURL": "ddkwdyuiapamtcprwfaq",
  "project": "mlrowshbwlkejsyinecp",
  "service": "3o2zvqfny8mem1bukb3b",
  "assignee": "6wpdvflpuzutw13qqpb5",
  "endpoint": "2imysyb067thi2brxbpw",
  "event_id": "igsukn7cgioo1q7s0c56",
  "instance": "133.179.204.82:29554",
  "severity": "medium",
  "startsAt": "2024-07-12T09:31:58Z",
  "alertname": "w9h22u4iuxnpvktc1fv8",
  "apiKeyRef": "qooc6lsp44czy49x604f",
  "container": "k8bca9nf1mh29b8p65p0",
  "daemonset": "4dp9rl8ov9umqi9r1xx0",
  "dismissed": "1zvn7gr7vt2zmlg8chvi",
  "namespace": "o0vvktyfj2db6u6tuxz6",
  "alert_hash": "s9i78608ax02eblevukq",
  "prometheus": "sreycdsw93ukr0xvjg9z",
  "providerId": "24fal9wj8mp9r5ljqz87",
  "summary": "jkkmyez7vxmnr4hb86dr",
  "runbook_url": "6tflyomorer2rcpw7rc7",
  "description": "The CPU usage has exceeded a defined threshold.",
  "environment": "d5ser864yzcdxcyx453l",
  "fingerprint": "jy91651p",
  "isDuplicate": "monatkvz94gg34nzivoj",
  "dismissUntil": "izb7eie5xbuqbcqox04o",
  "lastReceived": "7axqjy2lylegkbbj549m",
  "duplicateReason": "a5r58yop9qximr4p8di5"
}