{
  "id": "unefbq5refacv0tk5y85",
  "env": "demo",
  "job": "jrsike5fi4uxomo9wnz7",
  "pod": "pzfgql5qjol1hnm8oadj",
  "url": "bwoa4kkpcx4kq676pliy",
  "name": "SnowflakeApplicationError",
  "note": "xo6l9ew2yji3cdd0dvcw",
  "group": "b7c0oasenh0irpx6lwqy",
  "pushed": "awymvxemf0soe0l3ef7d",
  "region": "asia-south2",
  "source": "mol47u99xqrz742vxcp1",
  "status": "fswvfunaxy0mosli06f8",
  "deleted": "uhq6t1tmzdz49cj5av2a",
  "message": "tdawcf0t6uhvzu8cr88o",
  "endsAt": "2024-07-12T08:14:32Z",
  "generatorURL": "utwfm9sde3q386d77own",
  "project": "ox5r91v27zde5ausehaa",
  "service": "p4e7kx08tzgfhqzj4kvn",
  "assignee": "m5k485it3mo88cuzuqfw",
  "endpoint": "n20bfuyhxpcvyuhdfqyb",
  "event_id": "va1xd3au6ohn5yelz13y",
  "instance": "26.204.99.161:17002",
  "severity": "high",
  "startsAt": "2024-07-12T08:12:11Z",
  "alertname": "f5pfrr8bxjm0xp39klzv",
  "apiKeyRef": "hs7buutkz6r4gv70leo0",
  "container": "utel8vvy5dbkq99jnprc",
  "daemonset": "c1do9bcdsiug0nzw30ya",
  "dismissed": "r33cmf0o8ikm07imqbms",
  "namespace": "inqto5yhuzxw9hjimmvi",
  "alert_hash": "fie2kpzkfojihdrdc6ly",
  "prometheus": "pwle3ym425tt63y28v8j",
  "providerId": "w12qt5lea7ginvzcp75h",
  "summary": "y3q8am9vqy7yjb5az056",
  "runbook_url": "oazutodeeh8scjyo964t",
  "description": "An application error has occurred.",
  "environment": "1dad345z314b4srxxjn2",
  "fingerprint": "ojvsw0i0",
  "isDuplicate": "bx7mzan79dm7jb8wl0kv",
  "dismissUntil": "tty384j1gtn2c3h31z47",
  "lastReceived": "ndcfxszuoet5jbik9ra8",
  "duplicateReason": "7rdmde3t5pnzcckss5qw"
}