{
  "id": "zomiymu3cj0237z3m26d",
  "env": "sandbox",
  "job": "6afl3s93ovhtjuluux51",
  "pod": "raj53vihaqr7s7e7bpnu",
  "url": "0rkx1akxjniqcude1t3q",
  "name": "MicrosoftTeamsServiceMemoryLeak",
  "note": "qokd7q7abusx9pvjdm8d",
  "group": "a378dornth1042ymz91k",
  "pushed": "ra0my5wwn2as0pepeecg",
  "region": "us-west1",
  "source": "bncdxnhchuum9ypyvkta",
  "status": "ru68pfiqkrebmipuv27o",
  "deleted": "wqrxlfxij3rl9actisbr",
  "message": "pt17niw7rjjar6yxufws",
  "endsAt": "2024-07-12T08:45:37Z",
  "generatorURL": "bk6uerdd2ghffttpqssb",
  "project": "gtm3lb715f7hjzfnhzsw",
  "service": "b6i70tj8wbameoqe4nnp",
  "assignee": "c9iixdgep8n9s5koxpy0",
  "endpoint": "6i2b2dh11n1kjpok6rmo",
  "event_id": "w1m4osn21frk0jwta2nn",
  "instance": "133.179.204.82:29554",
  "severity": "debug",
  "startsAt": "2024-07-12T08:41:20Z",
  "alertname": "hc29pfn3kwl0dwfz2o8l",
  "apiKeyRef": "4xa8p84355ybp660j1kh",
  "container": "mzdqc0lrffyq3dvvngdq",
  "daemonset": "lu0yfcggevriln5t2qwc",
  "dismissed": "onhf7emttkd3uysy2lb5",
  "namespace": "w6zuvts7uv7eqdcytfmp",
  "alert_hash": "w63f9invw2iwt2ihxw45",
  "prometheus": "9sx9bjw5unozgdurch06",
  "providerId": "8f91g4tuz0pxgkzfg7ss",
  "summary": "i12wrkd3afr0ybozknxf",
  "runbook_url": "60j6chvkgmzaz222dlvu",
  "description": "A service is experiencing a memory leak.",
  "environment": "2civkjy8nmxp6xndfotz",
  "fingerprint": "tgqibbad",
  "isDuplicate": "a9szjtshrqsj4avg70lc",
  "dismissUntil": "15v9d1yct3euu8ayoo5f",
  "lastReceived": "np77vrxzbundlh233r3a",
  "duplicateReason": "co1nodxhac1iml1569v1"
}