{
  "id": "7pryfp2ueqlwhr8c9prk",
  "env": "staging",
  "job": "zon2giql03qnqxo4bx7i",
  "pod": "gy65lscm14nm9ilx58ax",
  "url": "bfwzbcqd2zu4rdsju5vi",
  "name": "KubernetesDependencyFailure",
  "note": "vvit8zy7sqj73701p26c",
  "group": "f2ki0kja4qe0naicpo0e",
  "pushed": "pjsnhrh97foqmyv7n58a",
  "region": "asia-south2",
  "source": "7lvb5ul6h7ed8h32izdy",
  "status": "ix70kb7luhkxzd0xeuhi",
  "deleted": "w16tjli6gfnz9y0vlbpi",
  "message": "g117gd6uzx5vbqknloki",
  "endsAt": "2024-07-12T08:48:10Z",
  "generatorURL": "rt1n8tu3dan9rm09f6wo",
  "project": "bwfnn75z9v6t223d1f5o",
  "service": "2we4lfu8i4f109japo4h",
  "assignee": "sqzk0cxhrn4d9ae4k7w0",
  "endpoint": "w0kzn9b3jqxjc6v74rok",
  "event_id": "ou1ljb1ip958q4vbmiej",
  "instance": "201.27.99.60:29131",
  "severity": "medium",
  "startsAt": "2024-07-12T08:43:02Z",
  "alertname": "d3dzr9zwtbxgvwfcymeu",
  "apiKeyRef": "o7kps5g88x35nrmtlwib",
  "container": "ehobng731yjayle8g4ee",
  "daemonset": "4y7eyd3knt8vasoac9pj",
  "dismissed": "l7ucjwnsvzesu5e6te35",
  "namespace": "s68gzazn8h7qn0unjqos",
  "alert_hash": "nwaaqdo96143kvf7sj7j",
  "prometheus": "4dsku48tm96tdr3l3zf0",
  "providerId": "ovwacgukz94c1idolb4g",
  "summary": "yprugdhr06shnjd4ube6",
  "runbook_url": "7bweo1oqtrjtqg7k7idd",
  "description": "A failure in a dependent system or service.",
  "environment": "xzj5x24n4g4uafp46s7w",
  "fingerprint": "38ujacnj",
  "isDuplicate": "yzjd2avme96uitck06k4",
  "dismissUntil": "tlad7vmnd2r8mnb32cp3",
  "lastReceived": "ogol45t1l50r82ib49gr",
  "duplicateReason": "q5bszscfs0xmpnsl8p2p"
}