{
  "id": "4yq041wx8vzqm43dt3zl",
  "env": "production",
  "job": "ryi09545lklybrvne4im",
  "pod": "7wdqjqlywghian55p66r",
  "url": "zozt1izcxu1zpnv4r7qx",
  "name": "AkamaiServiceDependencyDown",
  "note": "ken4745x3c5c7ag8rxbb",
  "group": "v55ufnr7sk6z2vpta6ay",
  "pushed": "hurubnyvzu4ji48v5zwh",
  "region": "asia-south2",
  "source": "ytnx0d6fy1n3f19lg2w9",
  "status": "ka84y889jdil64qfpdy9",
  "deleted": "kksxwr54r71bh07j8meq",
  "message": "b58v33fyjkpadr75jq2w",
  "endsAt": "2024-07-12T08:48:05Z",
  "generatorURL": "jlyf1ce0umh3xzky2f36",
  "project": "0yb66m1d5s2s9wa3d7u1",
  "service": "4109noumyy4gu9odrnhv",
  "assignee": "hz70eeuqpmn90ik5rwoy",
  "endpoint": "4idd42xlvokghj5nf66l",
  "event_id": "hsnpbvtw04yambd5kcj9",
  "instance": "240.83.87.126:21420",
  "severity": "high",
  "startsAt": "2024-07-12T08:47:00Z",
  "alertname": "ap5jpdb1hgqpacq442fg",
  "apiKeyRef": "9nva32po3dygt0v2cisu",
  "container": "3p6fporcjfi8l7s54i1x",
  "daemonset": "h0clldoqyo5qpswfjw7o",
  "dismissed": "3dtyagd7liyanrcls3lx",
  "namespace": "mmcg1bu0azbzv0obb09y",
  "alert_hash": "pcqdj9rietuknhma7lb4",
  "prometheus": "qd1ajjvuiqopouhps7gf",
  "providerId": "hlifihmoo5pml7m3bacn",
  "summary": "6alnjkpqb4a8if2wikyh",
  "runbook_url": "7ij8wligd4w2lxydlwx7",
  "description": "A service dependency is down or unresponsive.",
  "environment": "m59jjmg5p5pdx8ijw65e",
  "fingerprint": "2n644pu1",
  "isDuplicate": "mrcsz2hlyu63mjubv86s",
  "dismissUntil": "vyiftbnip9b3sa02986g",
  "lastReceived": "jlgv5530fmex02pry8ao",
  "duplicateReason": "kn2ayxwdpxdap111kmcc"
}