{
  "id": "0ogseoeral15v3ynhl9c",
  "env": "backup",
  "job": "sc7jj6s3jsy7siwdzwr5",
  "pod": "2y1k6596ty6hgv5dh4gt",
  "url": "rmieb77t9blc5j522cvf",
  "name": "TableauServiceDown",
  "note": "ly4apmurwox3v023p4ts",
  "group": "7vun4msc5xnfl3v438cz",
  "pushed": "k2iw47mv43pcczjzffxe",
  "region": "asia-east1",
  "source": "aocj6f9rqqrblz6d7kx9",
  "status": "ck79714h89d771og9g34",
  "deleted": "moknoqwf55be4j34o7ag",
  "message": "ukmu827otyentuam0ytp",
  "endsAt": "2024-07-12T09:33:59Z",
  "generatorURL": "ypmqeoqrxzaitkn7lp0r",
  "project": "daxvm8tykwuvr0umuj5h",
  "service": "lrofxet635b5v68sztcr",
  "assignee": "izrhlpu06lfc9e0nawhu",
  "endpoint": "kaiqh6an1doaxhrqj53f",
  "event_id": "llv8svxiefdwon5w1f3x",
  "instance": "144.169.241.66:34704",
  "severity": "debug",
  "startsAt": "2024-07-12T09:29:58Z",
  "alertname": "zfyv2kxdw4qmbg1sbzuk",
  "apiKeyRef": "o34upygwe9iggn38wfhj",
  "container": "qb480wp7o1s2c2vfciel",
  "daemonset": "r8bbxzzbb1tas5sca2aj",
  "dismissed": "ams4ymfk70fcyt0erw1p",
  "namespace": "a05g0webtgzk91tad5d6",
  "alert_hash": "sl6h7zlh7l2lzytofsv7",
  "prometheus": "tqymyrpjucr9656vzb9z",
  "providerId": "glqnf6re8r3l3bqri4je",
  "summary": "1rf0gxvaoodhuzj2frtd",
  "runbook_url": "zqmdepuhzz5x4herji8s",
  "description": "A critical service is down or not responding.",
  "environment": "5ucx3i4j8x9wlyj9ptkl",
  "fingerprint": "b60xyu2y",
  "isDuplicate": "3z74qahktqkbbdrigoee",
  "dismissUntil": "asg3gubkerapmcuel6fl",
  "lastReceived": "89n2m75bfkldgjomcmnb",
  "duplicateReason": "eauyjocdmcpjfq2ncsf1"
}