{
  "id": "2wdlz584jqyp3z1w3s1m",
  "env": "pre-production",
  "job": "jlilcbp3jdxt8fmc7bma",
  "pod": "x8t622og3lju1kdkb8lu",
  "url": "xnfz044fhoouwt9r5ymt",
  "name": "JenkinsDatabaseConnectionError",
  "note": "8fm0fewd9kdvqij2l1lz",
  "group": "uyazott5ux52715xqfws",
  "pushed": "w400gf36mn3jyr8qs0x5",
  "region": "europe-central2",
  "source": "7fh6z5q7c8v6ijthpgr8",
  "status": "iecok5bng9ijt9nnf4zv",
  "deleted": "k9qjgnvtr8mo8983ssrd",
  "message": "2s3k593fcb1pvz3diemm",
  "endsAt": "2024-07-12T08:53:28Z",
  "generatorURL": "9r1a0it26hx5apfqzqpr",
  "project": "7fs70li0xth6tnp12uwu",
  "service": "vhcubtsr0vt74skhp3i0",
  "assignee": "ta6elbcquoa93gu445b3",
  "endpoint": "8rlratmhxcvl5e4bgnsk",
  "event_id": "0l4ibc3acib31osr0ivp",
  "instance": "148.27.182.137:38272",
  "severity": "critical",
  "startsAt": "2024-07-12T08:45:30Z",
  "alertname": "au14g1vjnjyj3481lgri",
  "apiKeyRef": "5qttbh84zkh4jbzpx2l1",
  "container": "5qrrpubiioeo4erz87ib",
  "daemonset": "q4vy0nkx919b9ztg1vcy",
  "dismissed": "v3yt98eurjx7g8voupv1",
  "namespace": "j3fuy6v07q3piogbvzvh",
  "alert_hash": "2eot5wu8zet3jllsxxjh",
  "prometheus": "0m0hzuxz536xo84e7baq",
  "providerId": "dmwthnx6dvt8gzum1wsc",
  "summary": "deuvy2blzy3uunwb3un7",
  "runbook_url": "0wjjnzi3eo5jelllivrw",
  "description": "Unable to connect to the database.",
  "environment": "f3329okl5g5two7qbo0e",
  "fingerprint": "s0zyxi3x",
  "isDuplicate": "p4mpxhs0zs0q8ccjjuch",
  "dismissUntil": "134579dityouzvg5s7eb",
  "lastReceived": "vkyw1f140kb0245sunfy",
  "duplicateReason": "cytk75wa1mh9heu026ie"
}