{
  "id": "3n2kypqq8zzd6m66g3wc",
  "env": "pre-production",
  "job": "9mzawvvzmkz7byje1dwm",
  "pod": "wg40apr4sdcb71bzk98b",
  "url": "fo1ai822xw9zzzopm5th",
  "name": "GoogleCloudStorageNetworkCongestion",
  "note": "q2ko2molempz7ago9awe",
  "group": "v9zp6qzgoutr107bby75",
  "pushed": "vr2on41p87jegeq33dn1",
  "region": "asia-east1",
  "source": "cki2fse1r6f8zbedn3jr",
  "status": "nlsvunp6hkbpq1ocnmkz",
  "deleted": "ezcs3nphynk8w31qhzny",
  "message": "9z4bapatddka4usz4l1b",
  "endsAt": "2024-07-12T08:46:58Z",
  "generatorURL": "9l3f45wgnu718klkzlpw",
  "project": "w3c9gwa0tb4ex3ix3u4i",
  "service": "zcygs46qjll2os6f1u7l",
  "assignee": "we0otr9gp06pmnr4lxfl",
  "endpoint": "txlobm5s6qjj6cj5y4ub",
  "event_id": "bodykgyd0k5g882e09ja",
  "instance": "24.153.80.62:47829",
  "severity": "low",
  "startsAt": "2024-07-12T08:46:36Z",
  "alertname": "pskq3kbt964yxeo1x6vq",
  "apiKeyRef": "eb7o7q81hoi29aodixhn",
  "container": "brcgeyev2gt0xwvy0o9q",
  "daemonset": "5t2roec1pnmmw6rbqwkc",
  "dismissed": "c4ozahnvh7p3o0pom1z5",
  "namespace": "cy0fp2xg9xvse05vz544",
  "alert_hash": "mzbpdoq79dv92esjfgvy",
  "prometheus": "egyxyeyb99orrz7tjpqo",
  "providerId": "o2kop6lydbl6njd4ks8f",
  "summary": "z0qmzdjo21y8wtdspsgq",
  "runbook_url": "qbiedt7ifmqv9z280var",
  "description": "Network is experiencing congestion.",
  "environment": "0cdokbk4zmnghhet8zv2",
  "fingerprint": "l89zgsl5",
  "isDuplicate": "irey70c7vzpjp3mgko43",
  "dismissUntil": "dxnbfkaoc1nilkgfwied",
  "lastReceived": "k6cndpj8ifsxqavxlijz",
  "duplicateReason": "2t2iquts4vqngvuqb45t"
}