{
  "id": "5zxg9fo34cd55ultvirp",
  "env": "development",
  "job": "rjiqe0blafti7mqjluux",
  "pod": "o847xjzl8wl0nowcob5c",
  "url": "hqguhv0dunmtie5uhabs",
  "name": "AmazonRedshiftCPUUsageHigh",
  "note": "cgx06aeuhauoqmyjcg43",
  "group": "yc0600mqn4qa5ct31cqe",
  "pushed": "m86q7xccqrsabnmz7nt4",
  "region": "asia-south2",
  "source": "2nrl5a538fvcke7czze4",
  "status": "6vtyk8f3nxgwub9gtkde",
  "deleted": "ig58x5z0fxscofmcjy22",
  "message": "kwliye2jmnjipvairz2y",
  "endsAt": "2024-07-12T09:32:22Z",
  "generatorURL": "rp5smuip53ehgcwrde4b",
  "project": "qs46n2kp1unl0m5cad9p",
  "service": "ulcx7zl3goo6m052j3qj",
  "assignee": "n0uiug38hlstl3l8xele",
  "endpoint": "001z1l9k0vyrol2oxh4l",
  "event_id": "br6gw7e8ynrq4rwqmm69",
  "instance": "253.43.16.127:33243",
  "severity": "info",
  "startsAt": "2024-07-12T09:29:32Z",
  "alertname": "fjjal1e1of178wmyjul2",
  "apiKeyRef": "rqm4ruloaqx7m01xs4b1",
  "container": "km962au04j3wxa8gfm7b",
  "daemonset": "bxf4h0cmqne3aap4z7f5",
  "dismissed": "bcql90uxu12g4ctwzjt6",
  "namespace": "d115at7bn47jmnlptrue",
  "alert_hash": "jgzwlwfg1ll5rbkozz7c",
  "prometheus": "k9eesouhq1fhrzasbfik",
  "providerId": "ed42c8598hfmm5dgm62p",
  "summary": "4bmo99qdxexnbkusjhfl",
  "runbook_url": "by9hdeyh7i89wi3lt2y8",
  "description": "The CPU usage has exceeded a defined threshold.",
  "environment": "znt837q614w4ygszgbb7",
  "fingerprint": "53i55fj3",
  "isDuplicate": "x3sfl898yfxbjiry9jcc",
  "dismissUntil": "3lrn39om9nd3v5nd07ym",
  "lastReceived": "hr7ia5k0uhsb0ysk82ek",
  "duplicateReason": "ko033srgjxro73zhusqm"
}