{
  "id": "ibypqid5dneugplj0nhm",
  "env": "development",
  "job": "v44kkrqy3exlobnixstz",
  "pod": "nnzi3lrq2wambe7wxuom",
  "url": "zrzh167ibhfcx31v6tqd",
  "name": "GoogleIdentityPlatformStorageIOError",
  "note": "wkty9iaue6ibdx31o99j",
  "group": "yvjq1hhofyfuj4i7x103",
  "pushed": "l8m1omh7ob8db00pepb0",
  "region": "southamerica-east1",
  "source": "e1aqsf67o48f6d2ki13u",
  "status": "sj8ycjgned1rwfprfzp4",
  "deleted": "hzghz14oi6mb9ldzpsn0",
  "message": "3xugcpjic3jlehzfqo9q",
  "endsAt": "2024-07-12T08:20:36Z",
  "generatorURL": "w00anz3px8uj6ty7i4oz",
  "project": "q74o6rzvj6o5kqbjxvkp",
  "service": "gluq7bydd9rm1nk5bz0l",
  "assignee": "i81ss53hj6j14c5bxpax",
  "endpoint": "j4605soq9ynmujpc85v1",
  "event_id": "m4xvg83dekyfu90ypvhv",
  "instance": "230.38.67.26:30025",
  "severity": "warning",
  "startsAt": "2024-07-12T08:12:27Z",
  "alertname": "14sxdra4ppmtkodr7itb",
  "apiKeyRef": "4n2nen2s93hgol5mv4i8",
  "container": "zwksracn7eowb2jy6pi0",
  "daemonset": "hnff3tnpz9a8o5uwrfst",
  "dismissed": "mgvnu7h8ymm20hwtvmmp",
  "namespace": "8p6s78jm8jmrjcpir5fh",
  "alert_hash": "54txq44dj7ijwyapxc5h",
  "prometheus": "ld46jfc8p735rg6wge0v",
  "providerId": "esv02cu4d7vyitqrztym",
  "summary": "0ykb8qb0f4famxuitopd",
  "runbook_url": "chgp7xnwi8tqlb9uhpm4",
  "description": "I/O error on a storage device.",
  "environment": "kmh2a2dzef28xg8yk19c",
  "fingerprint": "ycxtkpom",
  "isDuplicate": "mh13ah373s4s34erxagk",
  "dismissUntil": "2c6fwg3u3vm72vdm3x89",
  "lastReceived": "7dpy4n32poih3e809eil",
  "duplicateReason": "zi4vyk04knv968w7f7xy"
}