{
  "id": "19x4u18rm49h0rq2udm3",
  "env": "qa",
  "job": "5zficxlu39zjbk11y573",
  "pod": "9vbab991w829pva0cb0a",
  "url": "hnpdyppmr5msxx7isxjj",
  "name": "DockerSwarmSlowQuery",
  "note": "zh42lj92kfydrwcocjda",
  "group": "uhhtak8powjhe1j34m1s",
  "pushed": "udohn4tzchin5an72ygk",
  "region": "asia-east2",
  "source": "4xm18mgfygs9083y8jzl",
  "status": "tk6uxat48xv7tbnt4gwl",
  "deleted": "krf3wpzo5dvjq6j6lfxf",
  "message": "ixeufsr0qykzbfvo4f9k",
  "endsAt": "2024-07-12T09:48:15Z",
  "generatorURL": "f80nura1k5wpa3k0dxbl",
  "project": "shwpk2xtj2p5pl81z84o",
  "service": "kz75vtcuz683awk1iptw",
  "assignee": "iibior2ytmu86a27knab",
  "endpoint": "lweg20tnzx8qmsd1qhcl",
  "event_id": "9d2mu218uyq4xgkjpg9b",
  "instance": "240.83.87.126:21420",
  "severity": "info",
  "startsAt": "2024-07-12T09:38:56Z",
  "alertname": "0qvkt6h2t0i92mjmkr0e",
  "apiKeyRef": "fttjraw37xwqiner8m09",
  "container": "qx8pr9wjithdvo20jqxo",
  "daemonset": "v1h3y3mlj1fq5g0neivh",
  "dismissed": "ucd1lcy6khwphxy87tk1",
  "namespace": "v2ft4qwxskm6ulryc3fb",
  "alert_hash": "rr2wag5jpvsootkfkezs",
  "prometheus": "uhltdvlawr888r5oey2s",
  "providerId": "oyynqu2buye5ptlnmyky",
  "summary": "qxc8x11fiww060z5cof7",
  "runbook_url": "n8avbrfb8uvfb2lavfbw",
  "description": "A database query is taking too long to execute.",
  "environment": "mz3wkzdui20gg2lesxyw",
  "fingerprint": "9cd4fn9n",
  "isDuplicate": "84bi7l7jv9a86wr0wp3j",
  "dismissUntil": "klqc5dpo08lz3yzktc6a",
  "lastReceived": "63boagkopiu40sdeph0j",
  "duplicateReason": "fe37jdkg8chiju2x8hsx"
}