{
  "id": "2iqfcni9xw8ggx6wutws",
  "env": "development",
  "job": "k0ggipx7dflcut6gxf8p",
  "pod": "v2oklp2fbbjxn8n8tpzv",
  "url": "ss8xf57kze2a9hjq5q5c",
  "name": "ApacheMesosSecurityBreach",
  "note": "exof6x2ak48uwgxeoe85",
  "group": "nqmm6hk4kogaxso42mai",
  "pushed": "26ffs65gw9q1m6j06iae",
  "region": "asia-northeast1",
  "source": "rs6xpmfsrffd9eh7heh0",
  "status": "x5p6qg24h659iak17cuc",
  "deleted": "o4k1g033t22wphbmnu7v",
  "message": "exfjpkn4uh5srycg760w",
  "endsAt": "2024-07-12T09:16:47Z",
  "generatorURL": "szpktftg3dcb66fmph6u",
  "project": "ys4fsukov1agya1np3qt",
  "service": "za81fvfspeacqelkc964",
  "assignee": "zdfyemdg5j8zn8xe3r6r",
  "endpoint": "zokl5u310w1i0dpdu9ot",
  "event_id": "01aaz8z02bmupwxp9w2o",
  "instance": "68.159.242.68:17213",
  "severity": "low",
  "startsAt": "2024-07-12T09:11:50Z",
  "alertname": "z8mafj8dngpg0p4w29if",
  "apiKeyRef": "nc67idvmrd74baz4qdyz",
  "container": "xn4rh49jwx2rrsrq9vv7",
  "daemonset": "83656qt1ovykaon36fh1",
  "dismissed": "0c7dk1pismplhnms75eb",
  "namespace": "prrdg6a5rpwf3qwvbtku",
  "alert_hash": "5gtj762stopnad3b7biz",
  "prometheus": "5y5lro7pnvcj8y07n2ku",
  "providerId": "7mzhg8lbhrp86gx3nu1i",
  "summary": "5ycedrigcb00i3pnypsk",
  "runbook_url": "6rrm53swgmdyu9j4o4ti",
  "description": "A potential security breach has been detected.",
  "environment": "6j11oq1jtxfef8iyjj61",
  "fingerprint": "08rreg0p",
  "isDuplicate": "b0j7fhuotkb34tw52sxk",
  "dismissUntil": "14gglf4tetwptvvp9ymt",
  "lastReceived": "xo2qjqsev7zqhbz759el",
  "duplicateReason": "ugquxu9sr47ocnr9o65k"
}