{
  "id": "7chtdjur8aeh79tp5t6o",
  "env": "sandbox",
  "job": "uo0veuz5kp52n0poextz",
  "pod": "oc5nl0gf86sx9tq2iw1y",
  "url": "wjsdj9xrkup48s9i14ud",
  "name": "TrelloServiceRateLimitExceeded",
  "note": "76qpx77nl5fuk9xe4tip",
  "group": "lepvkozxkqk6ss3d2lue",
  "pushed": "spp1ihwjqfrvnc9q3l4i",
  "region": "europe-west1",
  "source": "u5qgs2p10p8265u2pb91",
  "status": "8j6nd94ral5fqidmw4pe",
  "deleted": "9vd2okdmokjwqeawf5b1",
  "message": "wm28szw9olhzznj5k5tf",
  "endsAt": "2024-07-12T08:16:38Z",
  "generatorURL": "5w2wwnj9fsdbi1sr7827",
  "project": "uughg2cx8etiz7gr7dfq",
  "service": "4hb5x4bvvhulc623cfc2",
  "assignee": "q0i2rrn5nvz660q4e22w",
  "endpoint": "s5412957xmy4dtlzwv93",
  "event_id": "abq7ekeaevxvknrgoqul",
  "instance": "26.204.99.161:17002",
  "severity": "debug",
  "startsAt": "2024-07-12T08:07:24Z",
  "alertname": "572k5u93lmf10q0wyxld",
  "apiKeyRef": "yqd2r7m2x6vkfbcp194o",
  "container": "e0h18ilcvl63tgd6qlti",
  "daemonset": "nbxyyv04oeltkmd6rh23",
  "dismissed": "h5je10lo811a1rmq69wd",
  "namespace": "cehmzgdw3wl2fhjgvv3k",
  "alert_hash": "zd8sxo5mw92ccm0ufwu4",
  "prometheus": "kfyy0mjmnmxwq4djwnsq",
  "providerId": "hzylrdxzi0ts7neqqtdj",
  "summary": "vc654a48vd3cnc4yg1i0",
  "runbook_url": "o47wbx92xjr1itklwcr5",
  "description": "Rate limit for a service has been exceeded.",
  "environment": "hgedlii1vx4ry5ydp3m6",
  "fingerprint": "9cd4fn9n",
  "isDuplicate": "hv8dlww6ywxy7gs4wdgl",
  "dismissUntil": "94334i0a35ps6klhrgnt",
  "lastReceived": "uksf8wcrx41notyi8382",
  "duplicateReason": "2fbtoufrhuxo8ykv0uyl"
}