{
  "id": "npfobce1zvktz7qupma2",
  "env": "sandbox",
  "job": "ieqdh9ddw6fyh2859r2c",
  "pod": "1v80wc1djqh7oh0yzyd9",
  "url": "szsj1yeqfx6i1tjvh8id",
  "name": "JenkinsPowerFailure",
  "note": "zkjdgf8i61xbdxzpnhdd",
  "group": "0x4iyztqkmv8nd7eni8t",
  "pushed": "f56s80lm1jrshhymez4z",
  "region": "asia-northeast3",
  "source": "xkuvk5mzaxyp4qzj4maa",
  "status": "bh9qizvgz87txqvkko7i",
  "deleted": "zcne8is4620cwpfxm604",
  "message": "gldgywapdyscky8hdjio",
  "endsAt": "2024-07-12T08:41:26Z",
  "generatorURL": "hvf7kax6gpj9aqie8cg9",
  "project": "yz5oai01hk5nm9hrddzd",
  "service": "rtv2utpu2g0yve4jo4xo",
  "assignee": "ctvzaai4h5u6yfqctll3",
  "endpoint": "p27btfhbh6ge1yixfydg",
  "event_id": "zsttbwo97w4i8cpj0dk8",
  "instance": "122.122.166.184:55741",
  "severity": "debug",
  "startsAt": "2024-07-12T08:40:17Z",
  "alertname": "dq1bog35agxu24q8l7l1",
  "apiKeyRef": "qs20mbvzn43sdi6hora8",
  "container": "13v78s1aj9vpmrmj0pu0",
  "daemonset": "5dv2pyiimrww2q7404zr",
  "dismissed": "xibarphoqrnr9wsu7ik8",
  "namespace": "85g92p1spxect1x0z2jw",
  "alert_hash": "a6qv0desru3ii1eyom9n",
  "prometheus": "3toge5wpyz74hxd1aeu0",
  "providerId": "600033ee8c7vmo19mqbr",
  "summary": "ew65ucbkrpj3doz0ttsq",
  "runbook_url": "w5cro3oq52qpnecplvwd",
  "description": "A power failure or outage has occurred.",
  "environment": "5uqw1h69f7a4sdwx2crz",
  "fingerprint": "j80gkz7o",
  "isDuplicate": "y96v4nfuaz68aebgjqui",
  "dismissUntil": "5f5e80eb2xu90ra7f2mz",
  "lastReceived": "f68ruzgaykffnqiqolzp",
  "duplicateReason": "vid7dbbyfo3okj5xnkdc"
}