{
  "id": "pagizr6uqmc9c90tpalk",
  "env": "production",
  "job": "lz4kpta2a05u4jbmyg1x",
  "pod": "five611m8d5q9l0xzphb",
  "url": "hw74r16xgjgbswxp6vn5",
  "name": "SnowflakeServiceRestarted",
  "note": "cgpa3s4y3aijcfglegw1",
  "group": "4vtjdi69nktfdp8ulz17",
  "pushed": "6i9hawk5pi1f1tn3y49p",
  "region": "southamerica-east1",
  "source": "sduyao6scqc1u72z8g0k",
  "status": "2vdkhfk3vhmdrcg5lpl1",
  "deleted": "pn738ghqla5bt6kctrft",
  "message": "8kmj82jvc3cphed5ncwx",
  "endsAt": "2024-07-12T08:04:40Z",
  "generatorURL": "wxu65o3kt31h3qk7rdft",
  "project": "ew9dfeml6bdohn3c0gm0",
  "service": "bpiwa8quebt8w72rsdem",
  "assignee": "xscqxgw94gqmitm57qoi",
  "endpoint": "zkceqr6q8b5dirslp85a",
  "event_id": "sk84ecbsm2duvq0n8nqk",
  "instance": "24.145.234.30:17654",
  "severity": "low",
  "startsAt": "2024-07-12T08:02:09Z",
  "alertname": "620ewdhwegitmcqs0exk",
  "apiKeyRef": "inif748tjwwx6oj2f0d8",
  "container": "2dosjmde8x26q28a1w43",
  "daemonset": "01xl33i2rocmmqzj1ys9",
  "dismissed": "vmvqxm01zc6aj4ycwox8",
  "namespace": "uld8nrn547vmc2nl1xsb",
  "alert_hash": "um9k3n5ernwo2u21lif9",
  "prometheus": "hocqzet3orqz6quckqu1",
  "providerId": "qjvp6rcsxfpok77ma88y",
  "summary": "kzeldgbso27wu6d9r7o7",
  "runbook_url": "b4in5gerk4e5tra24lkn",
  "description": "A service has been restarted unexpectedly.",
  "environment": "3ojz759m91rdfigmsi7n",
  "fingerprint": "jhrfiqcv",
  "isDuplicate": "pctb84brctdsf50l6et2",
  "dismissUntil": "re6dci3y509bv8w9o6hi",
  "lastReceived": "4qakp2ptrf99m6nsbuxi",
  "duplicateReason": "ld36vibfq38t49k6fju6"
}