{
  "id": "p0s9dxxbcvtfwgfa7m4o",
  "env": "sandbox",
  "job": "gj517tclukatt9i0ek0s",
  "pod": "kcwrlwox4zcibokr87ug",
  "url": "qmbfe3rejcuhsbx7p65w",
  "name": "ZoomServiceDegraded",
  "note": "k9z3h2gho9kozg4mz2le",
  "group": "priv77r34b6je5b4a9t0",
  "pushed": "vkga4i6rlwqu4aoc29pm",
  "region": "europe-central2",
  "source": "j8ouvwxgmduxe2b6wurf",
  "status": "fln7cmfmmjxaf1jcuej6",
  "deleted": "migcigfpd7n5rp58p3ds",
  "message": "wgimf4hvy9fuygyypy1k",
  "endsAt": "2024-07-12T08:50:18Z",
  "generatorURL": "bbhoqmemmuvb6rhqu5dj",
  "project": "ahagtlr9n7euhuwxys40",
  "service": "k0l0tatcqd0s4d13bsrp",
  "assignee": "a2s1s0ff22zfoluk3v2m",
  "endpoint": "l6c0yg20oo32orz6sjrr",
  "event_id": "oh0po2z7lpsz97pzhzig",
  "instance": "221.171.52.31:55423",
  "severity": "critical",
  "startsAt": "2024-07-12T08:47:04Z",
  "alertname": "97wnulxhz2tyt0i816tt",
  "apiKeyRef": "1xh4vo4y8g57e9p0tkap",
  "container": "ic50zy8heaecwhix56t2",
  "daemonset": "0k5odr1x7ghv6r3mk2uj",
  "dismissed": "s5gi4ao0pymzmuqy2ov0",
  "namespace": "strl9dminql8q6bigp0l",
  "alert_hash": "ify4shz96o2cl0y0d42x",
  "prometheus": "du9ff8x004akylxeyc4m",
  "providerId": "gc654xuba769yniwi0un",
  "summary": "s1bg37joxvjxdgkx2sjp",
  "runbook_url": "vrnf1wvtj4ap16dsftdw",
  "description": "A service is running but its performance is degraded.",
  "environment": "elk4f8y3xvmzutq20bbe",
  "fingerprint": "qmub5b0z",
  "isDuplicate": "zafkya94tc0seixkrj7w",
  "dismissUntil": "ghzgvr68pu44dqepiws3",
  "lastReceived": "3ju5uo2cfpld6n4h5ntg",
  "duplicateReason": "hfrg0px8e58xahrywuc3"
}