{
  "id": "ge0t8v295z4lq458a61d",
  "env": "production",
  "job": "o39pir9ppfxqzjsb5o2d",
  "pod": "hjdj4h0i4qexbrl1xvvn",
  "url": "u80a30ffxshersqbjafn",
  "name": "TableauAuthenticationFailure",
  "note": "le339iswtd9uhlkwvl51",
  "group": "3ri4y44sqv62yp47q42a",
  "pushed": "nsg6gw6m1iktjdavlzgk",
  "region": "australia-southeast1",
  "source": "iqljjc9hkcl7sheb89sh",
  "status": "8k6wd3tsquuklr1kdz6l",
  "deleted": "w475xiard2akzrmbhts2",
  "message": "p1rj7d2gh1d9w083sv8z",
  "endsAt": "2024-07-12T08:48:16Z",
  "generatorURL": "3d88r2vy8d8b6if9ltso",
  "project": "k3mm4f7mt799695rqdsn",
  "service": "ayqsiqc7sapq19gw1uib",
  "assignee": "nto2wtpbk9aa1dteo2iu",
  "endpoint": "t5il5rq34iewiv5qhtsv",
  "event_id": "rcptje0frmj0wagmn9x0",
  "instance": "201.27.99.60:29131",
  "severity": "low",
  "startsAt": "2024-07-12T08:47:19Z",
  "alertname": "hcgsf1egq7cn69yils8r",
  "apiKeyRef": "qkbkut2cja19pb6oxdkd",
  "container": "yknwgn4udg5anfak3wcz",
  "daemonset": "30o0pasv0818z7l7t2dh",
  "dismissed": "z843b2qkz0ar77e5keda",
  "namespace": "z9g41on2sgu21n46btop",
  "alert_hash": "sfenvn69h8pig3r7aq0v",
  "prometheus": "u41qiz598mwivaxv492y",
  "providerId": "jn1f6ip37n9aemgbb95k",
  "summary": "8b7yso4ovledau6jljhf",
  "runbook_url": "7v6bqfwbw3p5ui4a2ysl",
  "description": "Authentication process has failed.",
  "environment": "9ol0ylsk8qtuiokdbjbm",
  "fingerprint": "irsiv5ve",
  "isDuplicate": "sbbtcufm32th2msrw8um",
  "dismissUntil": "ctl0av2z8uk3a78t2e3o",
  "lastReceived": "baswsamux76dpo4n3bdn",
  "duplicateReason": "r5urzllzb9cr72p7qich"
}