{
  "id": "brkbbstsw07zuq57fysk",
  "env": "pre-production",
  "job": "6fqegcb1trpw7twa2nm4",
  "pod": "8fwneklz34ns2qfhgew6",
  "url": "sh5xeliewmyc5xfafqqa",
  "name": "MicrosoftTeamsServiceDown",
  "note": "ir6d7dkdm8bogw4h9jib",
  "group": "m50hpn7n5jef4pz84isn",
  "pushed": "cm2jqgyrtu2fv27lgfpn",
  "region": "asia-east1",
  "source": "xkf6od0b2c2852t5cs58",
  "status": "1b3ipucbrxw2eauyd7nb",
  "deleted": "kgkaac5vlnc24d2y0h8p",
  "message": "qfq8mzxqnn0kbuqfs4nh",
  "endsAt": "2024-07-12T09:34:42Z",
  "generatorURL": "bk3jdvp9q19er1avb0kw",
  "project": "6losr9uj5hugaihutaml",
  "service": "vb94eun6r68hod1ckljp",
  "assignee": "ax8waqgqfq8mz1z83o1u",
  "endpoint": "4mur27e1h9i6noaqtvbz",
  "event_id": "cygh31906olmqmvei22x",
  "instance": "123.63.28.58:39510",
  "severity": "low",
  "startsAt": "2024-07-12T09:27:43Z",
  "alertname": "lt4clhg56jbz3almrxgv",
  "apiKeyRef": "ndg2oyb6zov1f6lqm6px",
  "container": "rziao9pekjo7cq7ubfe4",
  "daemonset": "o6eqxt5ll38fkcw0cy12",
  "dismissed": "v2o26rk86kflhgez42qz",
  "namespace": "4xzeaj65622f3jrmcam7",
  "alert_hash": "j5ytkc7xlcryuq68kcc5",
  "prometheus": "tmzmwd5bwrk1jffj1vhc",
  "providerId": "djlvvspu09th9l1s5m46",
  "summary": "ldht8c2hlkn2jnbkoejz",
  "runbook_url": "wmljiyh6j6mqc6063ajy",
  "description": "A critical service is down or not responding.",
  "environment": "ej5cncg1g0wlxqeozeyg",
  "fingerprint": "t1z0yqnm",
  "isDuplicate": "0azep7a6p5sxyhjgj240",
  "dismissUntil": "3miftn7sr07fv880utdr",
  "lastReceived": "bblz7n3uwva13vkm1plv",
  "duplicateReason": "yh8xwuds3472iwarjitu"
}