{
  "id": "zx5pza06x8g5s24w3dmg",
  "env": "pre-production",
  "job": "7kue04kw6evnafi7yzfd",
  "pod": "eo6ovmlpfqn4y6i9tl8u",
  "url": "2tfxv77duwg37qzau8h4",
  "name": "PaloAltoNetworksCertificateExpiry",
  "note": "z5aov8sh5yc3w3eo1m9j",
  "group": "jzlyecnp8lf5207ad70b",
  "pushed": "5banr76ltbw6684zxra3",
  "region": "australia-southeast2",
  "source": "p4pwdysjgh9hmq1t4hyu",
  "status": "9lsp97olgw4ed37mffm2",
  "deleted": "uc4f17952wqw34ex6rqh",
  "message": "0tsrznl17ihc1mwx124f",
  "endsAt": "2024-07-12T09:02:31Z",
  "generatorURL": "cswwf8mvzn45jribelcy",
  "project": "2s64di1hxf0wmz8lgp89",
  "service": "ay3sngbocn0g7t6wbqlx",
  "assignee": "jsqajc1a6bonqgnwz7m1",
  "endpoint": "o4osuwjhltibinujdqe1",
  "event_id": "jn7rdcxslm6wq5ghbai6",
  "instance": "253.43.16.127:33243",
  "severity": "critical",
  "startsAt": "2024-07-12T08:56:58Z",
  "alertname": "kzlt69lye88au7rou4ep",
  "apiKeyRef": "94j9hir5diujrkb4823c",
  "container": "o5ljio6lyjun2r45lpvq",
  "daemonset": "5dvm889fgit3h8zniizg",
  "dismissed": "8t12ys5xgk3wvpmictmy",
  "namespace": "ns8d7kxfaveij97o4hp8",
  "alert_hash": "a4c063graumrrv7d5jd5",
  "prometheus": "z3fedycclaf5s5nionct",
  "providerId": "weqzedr1cg924gsqoo2v",
  "summary": "6cm6e7xyvro7tg6rb48h",
  "runbook_url": "5zngi793q351razfqtzn",
  "description": "A security certificate is about to expire.",
  "environment": "ylfo4fqwjghco6rzkyn7",
  "fingerprint": "w9fbcc8p",
  "isDuplicate": "bzaa4dpcfzrit77imeco",
  "dismissUntil": "38a6lxsl4pxs8mlqit0i",
  "lastReceived": "092ttd5u95mg9riwozmr",
  "duplicateReason": "09nfwmotf1imdampr2v0"
}