{
  "id": "f9w9to0uffstjrnlh2ie",
  "env": "integration",
  "job": "0m9dzvpa5oow6f3g0bui",
  "pod": "huzxk44ov4mf5iynxdpa",
  "url": "3i2u78xd5y7yf5qwk5cm",
  "name": "DatadogFileSystemCorruption",
  "note": "2oo467oq07hz92hv8b7k",
  "group": "c6yh9azjw0ebs6k5p1jk",
  "pushed": "q9t98le2e4l4r86xsiuo",
  "region": "europe-west6",
  "source": "jossukgyligjncmawhr0",
  "status": "956lj41gh2o9hb2ji5xn",
  "deleted": "im72bgi3wzhff6iog29h",
  "message": "r6xbqfzhpdh139jogle8",
  "endsAt": "2024-07-12T08:13:11Z",
  "generatorURL": "fa4arg8qp8ewzgc7d62k",
  "project": "gxga2uswb0z44x71e6u2",
  "service": "jso4szpapni0a2xchjsf",
  "assignee": "58i3o0a1epsmhzr6m18o",
  "endpoint": "8xz2v0wjx2a3e9kpef00",
  "event_id": "2xg4asb5a7il9mt2cq3m",
  "instance": "153.148.82.111:53876",
  "severity": "warning",
  "startsAt": "2024-07-12T08:06:28Z",
  "alertname": "0577jlii2zht49k42v7m",
  "apiKeyRef": "o5npf5ztbvmp84vrdjmx",
  "container": "egd3sfslb1skrqiztjft",
  "daemonset": "bgmnujtf4c2nochxptru",
  "dismissed": "s3ip9dh78t80lpbsz4wc",
  "namespace": "x3pylzj9p0ifux9sk4uz",
  "alert_hash": "mqs6zff99c90eu2oq7p7",
  "prometheus": "88y3pkyfwu8o5yrbphkt",
  "providerId": "v0gz1gxj991bsauc74s7",
  "summary": "v8prr2aj4gyvh75y3xdz",
  "runbook_url": "rbl86ghb89ky8fef2dhp",
  "description": "File system corruption detected.",
  "environment": "7fj4025is5iyxa690upe",
  "fingerprint": "xmvq8i87",
  "isDuplicate": "i41w7eg70pmegv3sw88d",
  "dismissUntil": "yde30casbzqatb5rxp5s",
  "lastReceived": "ju5ybd3uoz7lztrqx4v8",
  "duplicateReason": "k42weuecgx75ennhqn5o"
}