{
  "id": "5yanji5yvg6ebtxtu7v3",
  "env": "staging",
  "job": "l6mmo2m9ginpi3to821h",
  "pod": "lhqpsjern1070xbyk3jg",
  "url": "owdyf5a17mr3m8cyumfi",
  "name": "BoxSecurityBreach",
  "note": "ag7508uqp4b9utqaf65c",
  "group": "9n28nvz8uxas1hqostwu",
  "pushed": "d6njo7dkjc87r6da424v",
  "region": "us-central1",
  "source": "yirn9h6pk1gkeoujhq8d",
  "status": "5hvhxqg5w97muw0la27n",
  "deleted": "yb22cx0uxbbsf9vn9lf6",
  "message": "b7lepi8j21ugc4u8nijf",
  "endsAt": "2024-07-12T08:59:06Z",
  "generatorURL": "pr1uheg336anhf0r83dn",
  "project": "4gwd674nru13c30ivhak",
  "service": "mtr8lqb6hrlzy2hzfazi",
  "assignee": "exhm0ttp81ausplmgadu",
  "endpoint": "svefxmuqztemf5ibisaf",
  "event_id": "5liinaa9hyg152ig8rss",
  "instance": "144.169.241.66:34704",
  "severity": "warning",
  "startsAt": "2024-07-12T08:52:44Z",
  "alertname": "54wmh59sbo9ws5z24dh6",
  "apiKeyRef": "k628oqyi3oqu5sjggu94",
  "container": "lnlal79ezh315h1pm640",
  "daemonset": "kwpvxds47d9a1vd6miqz",
  "dismissed": "90v1pw8a5km9ue7nobfv",
  "namespace": "r168h1zf2s9ra3g6enol",
  "alert_hash": "4hj4kry3dgoogqjn4qlg",
  "prometheus": "vjd3f6g333q5sph2zhkx",
  "providerId": "odwxpxn9mh2savhzschq",
  "summary": "p4kwimcbmw85gj9sy2n4",
  "runbook_url": "rc1hhdq7pm3q5vmd2ads",
  "description": "A potential security breach has been detected.",
  "environment": "uqioem2bda8erxnpsc3s",
  "fingerprint": "t1z0yqnm",
  "isDuplicate": "9dy626h4z344wa5c5hma",
  "dismissUntil": "xtakfw8jltzv2kanj0kn",
  "lastReceived": "a8vopgdeab6kyn007e7p",
  "duplicateReason": "fgf9ut4szk48dg9klfg3"
}