{
  "id": "mzy1s2fg0dmr7bd7u7gs",
  "env": "production",
  "job": "fpic6sngtjmrjl3jtcdc",
  "pod": "81dvc0n7d8iw4a6vu3eo",
  "url": "1er7ms9ru1kmin6f899c",
  "name": "GoogleCloudCDNHighLoadAverage",
  "note": "xx41o4e26vsj91ae73uu",
  "group": "2hvnj1v5mpe452oqbwxh",
  "pushed": "d0jfaocxd64s31igew8r",
  "region": "asia-northeast1",
  "source": "ba9p5sd3j02pgfw7xfho",
  "status": "f1bnv7gz4z7h7x01548j",
  "deleted": "bc8bw61u59qfknjbf46q",
  "message": "6m1lajdbmzuz4hhuwn10",
  "endsAt": "2024-07-12T09:31:51Z",
  "generatorURL": "451thejg5fuwng86zunl",
  "project": "rwcbp0p0cgbfdxxbmx9q",
  "service": "nv2ufi2wst7uk9wt4t6e",
  "assignee": "yol53loze0jr2movivig",
  "endpoint": "nmns2661tpvpgbrbgx0b",
  "event_id": "ro5y3j00i6fvqucbbb41",
  "instance": "91.41.198.131:46729",
  "severity": "critical",
  "startsAt": "2024-07-12T09:26:37Z",
  "alertname": "ohbm78pzsf0qbjgxk8xq",
  "apiKeyRef": "f7yg5n8cdqj3p8g2plp8",
  "container": "tyufnyz1g3i0442ujv63",
  "daemonset": "vauekcvzbcjao6c5pl69",
  "dismissed": "tbblm1h5upycpp2nuwz5",
  "namespace": "9u29qi3j5nwlaokdn90h",
  "alert_hash": "3hyz4y6s1gfdkw2ynv0r",
  "prometheus": "frxf49gsgrzryd8uwey6",
  "providerId": "hcxi83slp1sche2jph2j",
  "summary": "i3rqum7hubxxx7qq54wf",
  "runbook_url": "kbdczfdnn2ya75f70b1t",
  "description": "System load average is high.",
  "environment": "n10mp5hcmp48dulttmsk",
  "fingerprint": "i8f5lht2",
  "isDuplicate": "t52yz9d6fovni01ioci5",
  "dismissUntil": "mceldl14xipt3ebijgl9",
  "lastReceived": "xmmq7mkay5ampvy6q7tf",
  "duplicateReason": "ver2ezaeehi2hixxkibq"
}