{
  "id": "x4id60cy7tx7fw7yqstd",
  "env": "staging",
  "job": "npy5a447k9kdrdz8q1jm",
  "pod": "5l6sw0sm7stvjgr7sv0s",
  "url": "2dspyuymdom4ylo4n1xv",
  "name": "DockerSwarmProcessCrash",
  "note": "x9nxgcsecdlccfea38p4",
  "group": "pmvfkm0yxdp2b2xixxpr",
  "pushed": "3sx4dugwvv10xvm2zlf4",
  "region": "australia-southeast2",
  "source": "0v1qm91jlzpknpwf6ql0",
  "status": "8f0prbhtkczdm8ugxy8k",
  "deleted": "9yp8qul8x84ofzfcubn0",
  "message": "ox4o46k2u2n190le3r6f",
  "endsAt": "2024-07-12T08:49:16Z",
  "generatorURL": "h861eia8z3em6c13geeu",
  "project": "rdh6v4r2fkkygbdrhcrk",
  "service": "4bkqbbjq47fv42tzdh8t",
  "assignee": "zmyav7qrxcv8neqxjycz",
  "endpoint": "rf8rwy99osv79125c94o",
  "event_id": "eu7iaxg6uopc54kle7ca",
  "instance": "121.210.44.216:32341",
  "severity": "warning",
  "startsAt": "2024-07-12T08:45:18Z",
  "alertname": "tojzprpsgx6knzmk4764",
  "apiKeyRef": "5ivo6gmmx8lv1r3mdnbg",
  "container": "6zuxnuef9wbqugfdvjhs",
  "daemonset": "s4ahpmkyqf0znqauzn3t",
  "dismissed": "l4jv5zqiju1dinbbqqwk",
  "namespace": "2bglzkczj7vvhbsev5j3",
  "alert_hash": "d8mc9ai2ttydiovc9954",
  "prometheus": "6lqzzk3hsihgd7mkr8qx",
  "providerId": "svjpep5b1i9kkthhqx8h",
  "summary": "rw2a38z1sx35dgkvtwxh",
  "runbook_url": "xw55isaci5ja6glh7x0i",
  "description": "A critical process has crashed.",
  "environment": "gbxxbc9jvbdbe4glce4w",
  "fingerprint": "ti6awzlp",
  "isDuplicate": "ditx4isffvr9427dxnf5",
  "dismissUntil": "ielrgvlkux736xkec384",
  "lastReceived": "5tossnr6alb50mlg38da",
  "duplicateReason": "9a788496ngiu0s8tsjeh"
}