{
  "id": "gigjezbxg5wwjdnyrpn8",
  "env": "qa",
  "job": "jgwzf1il38tbrldnn9qf",
  "pod": "rpt9swhsotmt8r8tt210",
  "url": "s2kc26f24mcji71cbnet",
  "name": "KubernetesApplicationError",
  "note": "84m39c7qxcpw9bohkp69",
  "group": "opjtq3bu71l4s2gt1xa7",
  "pushed": "proc72lzxvl9rtngb4bh",
  "region": "us-west4",
  "source": "hxjq5kg729fuyxk8r8iq",
  "status": "qqswchz3xgd7d5mgt5dn",
  "deleted": "dpo1g8f49u9uiovq88o4",
  "message": "krs6q4xoamn66owk3ntx",
  "endsAt": "2024-07-12T08:48:27Z",
  "generatorURL": "5cptcjuwxxyrijrhgesh",
  "project": "f2un9owgj3hj2ysx7usq",
  "service": "gg41ayj2068el6edswtl",
  "assignee": "2km7twdf3kzu9c4vs3co",
  "endpoint": "jblol4dn0pl9f14eehj5",
  "event_id": "auftkywyd07mhdpwfn5b",
  "instance": "85.22.155.164:17268",
  "severity": "high",
  "startsAt": "2024-07-12T08:41:45Z",
  "alertname": "pbs0zku0w68v6jo9a6kp",
  "apiKeyRef": "04nwzwotqg07pu4q116n",
  "container": "h3sb8qsstw5tla8va9gy",
  "daemonset": "pqwhhmm9kvmwwpng56fd",
  "dismissed": "k9mtzqpsim1nm7xk9fq2",
  "namespace": "5dfrque6qthdyt6l4s1o",
  "alert_hash": "9yvg3y3xvmxx14rdrhbh",
  "prometheus": "8bbh8pct1soynkq2r8zd",
  "providerId": "vkqwhzg524rbw5n73xrv",
  "summary": "tynz438te6sveomedvbo",
  "runbook_url": "k28t1091kllotttgz9th",
  "description": "An application error has occurred.",
  "environment": "37c0oeyqkll4nxk5wsto",
  "fingerprint": "6r5r475t",
  "isDuplicate": "pizbpongz0zb4cuxf8gz",
  "dismissUntil": "5a0g8c6o8w8a14qiujxo",
  "lastReceived": "zlgpf3f3yd30dzokkabi",
  "duplicateReason": "xxdxq1dwfm3htwtr11tc"
}