{
  "id": "gapr1gn0czeo5e39bw3q",
  "env": "sandbox",
  "job": "edwe8loh8h2gjxvcr0ip",
  "pod": "7ju6g3pu1gp5kb6ukrx2",
  "url": "1gjqql3gvpf68zfxohnh",
  "name": "AzureActiveDirectorySlowQuery",
  "note": "1hilfd6eeflcnhytle5j",
  "group": "tgq2pizeotij2scja1cq",
  "pushed": "fdjr9mzoqokkmaj6p2qh",
  "region": "europe-west2",
  "source": "ema4ohtia7x9chm90gh1",
  "status": "epvpdb8jmdq8thhev1ke",
  "deleted": "twf9df96qpbda0s7vh6g",
  "message": "pphnoy21586sckly2hc1",
  "endsAt": "2024-07-12T08:15:57Z",
  "generatorURL": "1jvy8hv5oztqkrxwlo2u",
  "project": "0h4ngc3cxijkjmpuo6l0",
  "service": "7sox2xx9y1sdlb8o8g6e",
  "assignee": "y49m2liyxi6b3moa5s9y",
  "endpoint": "r10dv0ux42qo91658z55",
  "event_id": "1ngth51dx072ttup28w2",
  "instance": "153.108.105.82:16249",
  "severity": "medium",
  "startsAt": "2024-07-12T08:12:55Z",
  "alertname": "7bgdsx1f3i7t39kh7p46",
  "apiKeyRef": "zz2tn485daf9yy6qswrf",
  "container": "kpx98ghyvej7jp4bpev2",
  "daemonset": "7dds571lhki1htfcb7f8",
  "dismissed": "qqpljjpd0eqy8kk51682",
  "namespace": "5oscd1i7jbzdm3l83qei",
  "alert_hash": "o74tna4bp3vg2u5l0uyp",
  "prometheus": "6su1bmwotdvcbeuwyjxk",
  "providerId": "txwaqecqc7okd4szu56k",
  "summary": "ulay78qwxzcsqmjrp4al",
  "runbook_url": "k1gow24e91su9af5rh6u",
  "description": "A database query is taking too long to execute.",
  "environment": "doxi9eg9m039plk4s63g",
  "fingerprint": "9jg9vnh0",
  "isDuplicate": "y550seqw6hduuvp7xy6z",
  "dismissUntil": "eoblfxphxh6fntb407x4",
  "lastReceived": "ex340edre3mlmzcp1a71",
  "duplicateReason": "iowwlbdvyxg4dlnk9gr5"
}