{
  "id": "9u8k65a1u38ksg4dg66p",
  "env": "development",
  "job": "ayp0garn3qr5sxu1pc1r",
  "pod": "008bs4t7dcru40bjrwgl",
  "url": "qcee7fj7tn6ak2tmza28",
  "name": "AmazonElasticKubernetesServicePowerFailure",
  "note": "i48m93nv9pilgaajzy36",
  "group": "aqu520y8lj6r3pqn2rwc",
  "pushed": "f6pg92ftppqfgu1eeqea",
  "region": "us-west4",
  "source": "o1t3knvv6mj9myvmk5c0",
  "status": "xfgeif18qga9ysm2osm4",
  "deleted": "kde19ai5eeskfy5mllan",
  "message": "7jlctt6zxj6fdreu4bon",
  "endsAt": "2024-07-12T09:35:50Z",
  "generatorURL": "glc2ttizz0johxfjpa14",
  "project": "8ta6kjmbh5vf6d73k199",
  "service": "ihz6ux9vx8g8335owc0u",
  "assignee": "3ags58m2cq7p4u04g8rd",
  "endpoint": "vgdl98txsk0cw8w9p5fc",
  "event_id": "n2m89k3hcgsedhf3jcmj",
  "instance": "123.63.28.58:39510",
  "severity": "critical",
  "startsAt": "2024-07-12T09:33:04Z",
  "alertname": "jqmv6bhg08d7yk5e2h8u",
  "apiKeyRef": "ylbuqe0qtrwqkskr9g5u",
  "container": "9mhd8qo5xwefdgor9rrg",
  "daemonset": "67mq0ryjp37j50i06gaa",
  "dismissed": "ar7o9fk4fn08xrbiuljd",
  "namespace": "6rw2357bg4n98hmvvij1",
  "alert_hash": "wbx629y78e0c2xt0br7n",
  "prometheus": "crgtkotejgibox9c872y",
  "providerId": "nl16q0lsnp5sb7xcwxa5",
  "summary": "28gw2oa6iz4akocj6ezw",
  "runbook_url": "9jtxgfnbgy4dy7hh5wtd",
  "description": "A power failure or outage has occurred.",
  "environment": "y774zez17aott5hab15w",
  "fingerprint": "hbzad1sb",
  "isDuplicate": "3hy3iwbv3q4v85v8jid4",
  "dismissUntil": "x3sqrr89t1irw8sjt3nl",
  "lastReceived": "ag48at8449bf0kiqt21d",
  "duplicateReason": "2d8dkk5zd7x6qeuu6j3m"
}