{
  "id": "86yn83ap7yhzqlbub1rp",
  "env": "backup",
  "job": "6bmqrqelcqddp2rh9vcc",
  "pod": "c4n6obyp0wfqaj77hp3n",
  "url": "d2lm7qc6c0s42z2l3m6y",
  "name": "KubernetesServiceRateLimitExceeded",
  "note": "d8n8s5offv10k8l93oey",
  "group": "cz2sj2x4bo87vvsinof6",
  "pushed": "icwnx7ue5lr218s66z7w",
  "region": "africa-south1",
  "source": "lpbhaejj15ilma42k38y",
  "status": "kovxq63q0dgsu1fzm6s9",
  "deleted": "877e6d1vd0g96xhwtbzy",
  "message": "ho5hsm8ogagnt3470tzw",
  "endsAt": "2024-07-12T08:49:29Z",
  "generatorURL": "1e6xsoo6zclmunqh6olj",
  "project": "e4wgfbzfshz48lz0r22r",
  "service": "ad5abzw2v2uyyd1m9nep",
  "assignee": "n6xvyjivdg0mqef9zlgg",
  "endpoint": "b5p5otpxwma36stsljnh",
  "event_id": "h8sacs956luvyl5sw2h5",
  "instance": "239.102.139.236:16863",
  "severity": "high",
  "startsAt": "2024-07-12T08:47:09Z",
  "alertname": "kky8o7x312ww0x6nj7hq",
  "apiKeyRef": "guo5gqe4xl6u8evon2lo",
  "container": "lhpom04on0xahtazw6eq",
  "daemonset": "25inleceu2n6gq6d1hwh",
  "dismissed": "czukjjeg5vo0skj1gvz6",
  "namespace": "0nbwdcdf38ic573t3liu",
  "alert_hash": "zwq3u2dhvoofk6niquct",
  "prometheus": "cpsx1fku739f067yidwv",
  "providerId": "i2g28mrapig61g6ta1uy",
  "summary": "6v7to5ecmg6p2ta6qvae",
  "runbook_url": "pllktorvqf5p53mnjb1y",
  "description": "Rate limit for a service has been exceeded.",
  "environment": "03layzsj7ier2srs3409",
  "fingerprint": "de69lo3k",
  "isDuplicate": "weupu9xi98125fanhzii",
  "dismissUntil": "cd8yygkb66mst0u7spyt",
  "lastReceived": "g2m5v78j1i58tjph1f8n",
  "duplicateReason": "2a7kfmd0208yx9fkl4xs"
}